actuator_1,actuator_2,actuator_3,actuator_4
2.3261390409524125,2.336859224177135,2.3360860989752776,2.286304243139523
