feature,future_state_roll,future_state_pitch,future_state_yaw,future_state_roll_rate,future_state_pitch_rate,future_state_yaw_rate
command_roll,0.00023885408120671717,-0.0011660851081017993,0.006296823942340449,-0.01599381096625329,0.020430175438796654,-0.016389575491717635
command_pitch,-0.0014107880290474065,-0.0006431847818781336,0.003532175973422861,0.0018546718486798716,0.0010183530818535227,-0.0052132284728936
command_yaw,-0.001587593399823041,-0.004383762850897595,0.01961994528117381,-0.038913467594469356,0.049316141693330554,-0.04656742574580586
command_throttle,0.07406187673667376,0.06514689474890271,-0.2769098189776626,0.6594321199988026,-0.7752888311662652,0.6916221602408512
