actuator_1,actuator_2,actuator_3,actuator_4
5.131643941556338,5.185136847416236,0.6213718893847969,-3.6951325497421585
