future_state_roll,future_state_pitch,future_state_yaw,future_state_roll_rate,future_state_pitch_rate,future_state_yaw_rate,future_state_position_x,future_state_position_y,future_state_position_z,future_state_velocity_x,future_state_velocity_y,future_state_velocity_z,future_state_altitude,future_state_vertical_speed,future_state_heading
-0.013271264215231941,0.012365861087539001,13.748432200501142,-0.05775782023779879,-0.022774345321049088,1.9354338649299057,2.165920278103614,-10.060669391615688,4.590323643613975,0.46199303845556794,-3.1682394930538713,-1.6713422774637663,-4.590323643613975,1.6713422774637663,13.743709858920894
