feature,future_state_roll,future_state_pitch,future_state_yaw,future_state_roll_rate,future_state_pitch_rate,future_state_yaw_rate,future_state_position_x,future_state_position_y,future_state_position_z,future_state_velocity_x,future_state_velocity_y,future_state_velocity_z,future_state_altitude,future_state_vertical_speed,future_state_heading
command_roll,0.44230618787449144,0.049577668809659664,-0.8104463960478261,-0.06248668802757817,0.00919525253727346,-0.19060604863816832,0.37202947799038943,-1.3058788945530242,-1.340674522910239,-0.7977747237556222,-0.541608102451905,0.47236203757493334,1.340674522910239,-0.47236203757493334,-0.8096921965092938
command_pitch,-0.04019704019885542,0.394599608210263,-2.2575690549531804,0.01989311520576916,-0.018474303371967555,0.015419723673951126,1.0600680925340658,-1.3762557059888498,-1.7238158716171785,0.28042180887435186,-1.1242524346707528,0.21529700581811267,1.7238158716171785,-0.21529700581811267,-2.2532319286175997
command_yaw,0.22271372325021568,-0.024309240891825106,-0.4686761838819946,0.1016371583780334,-0.057720801156007806,2.255972363705427,0.9525809030531234,-8.760646114294582,-0.5639175594674031,-1.6908079448500464,2.4324162376258256,0.4763356648122651,0.5639175594674031,-0.4763356648122651,-0.4639019448880875
command_throttle,-0.002151533900931226,0.041178655606348466,17.80153201238028,-0.07126084492149642,-0.017390659048636823,2.8183377444572275,2.811975993621868,-12.791251642409987,3.24358125682666,0.5398683173971444,-4.608207512501009,-1.2762607604616059,-3.24358125682666,1.2762607604616059,17.794597201469212
