actuator_1,actuator_2,actuator_3,actuator_4
2.067394901689115,0.5166735101301226,0.7022047680996791,-0.4214721630669535
