feature,delta_state_roll,delta_state_pitch,delta_state_yaw,delta_state_roll_rate,delta_state_pitch_rate,delta_state_yaw_rate,delta_state_position_x,delta_state_position_y,delta_state_position_z,delta_state_velocity_x,delta_state_velocity_y,delta_state_velocity_z,delta_state_altitude,delta_state_vertical_speed,delta_state_heading
command_roll,102.69039243962914,27.557780660208437,-1495.8873065896346,190.5416659123681,760.9979264333307,1960.8374329447574,1861.8358593732537,-1842.325599884507,-140.83305386555855,-178.24123468765538,-252.42238570408404,-48.09233077367094,140.83305386555855,48.09233077367094,-1427.7123782293356
command_pitch,466.247933348267,742.2026756003297,700.1218777372139,-853.8566387947546,-617.5137876394365,875.5902891854098,-2625.707311211448,3123.683988694025,545.7346397629199,1160.8891450199048,-719.4190203519549,-295.30376070692023,-545.7346397629199,295.30376070692023,701.8233487553075
command_yaw,-1189.1696364816826,-1553.2534923157718,2339.360356593921,1231.4066266430452,-667.4714350459033,-6653.363713303856,596.8260998949715,-1641.4799280975053,-739.4301028669805,-1876.596605092111,2070.4353944809,710.787497393135,739.4301028669805,-710.787497393135,2165.5191587090176
command_throttle,-0.00013151681806426366,-0.00010547820746940138,0.012750400363662713,-0.0003561803262605356,0.0005183355767083476,0.009826182052951202,0.011218769418048079,-0.016188644717812298,-0.0028212130254975125,-0.0003380678750750872,0.00029778703283610795,0.0009977885978139942,0.0028212130254975125,-0.0009977885978139942,0.012755104891680885
