feature,roll__h1,pitch__h1,yaw__h1,roll_rate__h1,pitch_rate__h1,yaw_rate__h1,roll__h2,pitch__h2,yaw__h2,roll_rate__h2,pitch_rate__h2,yaw_rate__h2
command_roll,0.003771045779807936,0.004363244847342141,-0.012672358184754835,-0.01155082804183328,-0.07204095393620923,-0.0017786730528699586,0.003771045779807936,0.004363244847342141,-0.012672358184754835,-0.01155082804183328,-0.07204095393620923,-0.0017786730528699586
command_pitch,0.0007969746371644123,-0.006786772399453014,0.002837952553473701,0.006266644478712038,-0.03752631720820319,-0.03716247304130088,0.0007969746371644123,-0.006786772399453014,0.002837952553473701,0.006266644478712038,-0.03752631720820319,-0.03716247304130088
command_yaw,0.0016564858731267069,0.000598678251758644,0.0028637280835158915,0.030834808381786358,-0.0026907675853299782,-0.009642004382633287,0.0016564858731267069,0.000598678251758644,0.0028637280835158915,0.030834808381786358,-0.0026907675853299782,-0.009642004382633287
command_throttle,-0.004238378530741279,-0.008997046419578363,-0.002728297576382329,0.003474448774919547,-0.1476131454156965,-0.15990029097097594,-0.004238378530741279,-0.008997046419578363,-0.002728297576382329,0.003474448774919547,-0.1476131454156965,-0.15990029097097594
