actuator_1,actuator_2,actuator_3,actuator_4
0.6457323998783715,1.9733820068778345,0.5830527636185643,1.1647084146715314
