feature,delta_state_roll,delta_state_pitch,delta_state_yaw,delta_state_roll_rate,delta_state_pitch_rate,delta_state_yaw_rate,delta_state_position_x,delta_state_position_y,delta_state_position_z,delta_state_velocity_x,delta_state_velocity_y,delta_state_velocity_z,delta_state_altitude,delta_state_vertical_speed,delta_state_heading
command_roll,0.007698309373818792,-0.00021858392257101102,0.013518054302866268,0.0005404731939848599,0.005825333271501537,-0.05602463274974411,-0.015606892052304889,0.10202379398249992,0.02671346953500778,-0.03417289726756707,0.3610884153925964,-0.009570132439748852,-0.02671346953500778,0.009570132439748852,0.013506511320101392
command_pitch,-0.0012008645097023871,0.012725226739694869,0.013663215874509521,-0.0021320257780552236,-0.0021346072069060073,0.006886423139210039,-0.08422250095050948,0.006106680605363249,0.031144318442176307,-0.3798873140820564,0.02181360742701215,-0.01594263136278256,-0.031144318442176307,0.01594263136278256,0.013639522585411852
command_yaw,0.0004529928245759941,0.00018764400445797316,0.04606330045935244,0.01014509567687846,0.0011511307269676928,-0.037589148344013425,0.01489886747229359,0.005554589335031022,0.021435050772910615,-0.0028989169941903235,-0.008589859813171667,-0.002793193328618062,-0.021435050772910615,0.002793193328618062,0.046025226129351116
command_throttle,-4.522924461652042e-05,2.8352364829780436e-05,0.012857185801685897,0.00012284804264761593,2.4141582408020477e-05,0.005892369003447351,0.006277576395744935,-0.02436213212117656,-0.0024959270480400366,-0.00041924909307266433,-0.002026121928303086,0.0003790058300681905,0.0024959270480400366,-0.0003790058300681905,0.012858644401537177
