actuator_1,actuator_2,actuator_3,actuator_4
0.3268203338573593,0.3248936699881917,0.32542490063569385,0.32357596588895055
