feature,actuator_1,actuator_2,actuator_3,actuator_4
command_roll,0.10755698114355464,0.10816763819500635,0.12892625787326312,0.12986792904095334
command_pitch,0.12731736239948682,0.1280566511983638,0.15355478595597608,0.15472216610928058
command_yaw,0.26027369753441576,0.261654886293364,0.31612858795899046,0.31854214496349775
command_throttle,-0.005506071129225947,-0.009107167673218255,-0.03919054341133408,-0.0437172433880885
