{
  "x_schema": "commands_only",
  "y_schema": "actuator_response",
  "pooling_mode": "pooled",
  "model_name": "ridge_affine",
  "feature_names": [
    "command_roll",
    "command_pitch",
    "command_yaw",
    "command_throttle"
  ],
  "response_names": [
    "actuator_1",
    "actuator_2",
    "actuator_3",
    "actuator_4"
  ],
  "schema_metadata": {
    "x_schema": "commands_only",
    "y_schema": "actuator_response",
    "feature_count": 4,
    "response_count": 4,
    "strict_raw_linear": true,
    "requested_feature_columns": [
      "command_roll",
      "command_pitch",
      "command_yaw",
      "command_throttle"
    ],
    "requested_response_columns": [
      "actuator_1",
      "actuator_2",
      "actuator_3",
      "actuator_4"
    ],
    "dropped_unavailable_features": [],
    "dropped_unavailable_responses": [],
    "partial_feature_columns": {},
    "partial_response_columns": {},
    "dropped_response_leakage_features": [],
    "dropped_zero_variance_features": []
  },
  "repeat_metrics": [
    {
      "repeat_index": 1,
      "train": {
        "r2": 0.0019997832249617487,
        "mse": 0.12293910473903463,
        "mae": 0.34188073071308633,
        "residual_mean_abs": 0.34188073071308633,
        "residual_std": 0.3506267313526375,
        "residual_max_abs": 0.6506482928971143
      },
      "val": {
        "r2": -0.001087437380662859,
        "mse": 0.12651123578397566,
        "mae": 0.34396211137106425,
        "residual_mean_abs": 0.34396211137106425,
        "residual_std": 0.35521549088728377,
        "residual_max_abs": 0.6555178536107629
      },
      "test": {
        "r2": -0.0016549362422706437,
        "mse": 0.12676096355688013,
        "mae": 0.34494350433757465,
        "residual_mean_abs": 0.34494350433757465,
        "residual_std": 0.35553150589775784,
        "residual_max_abs": 0.6504732994929289
      },
      "condition_number": 375755.0706520771,
      "raw_condition_number": 375755.0706520771,
      "raw_singular_values": [
        57.37531138333304,
        33.04653754237835,
        0.00032005004840471145,
        0.0001526933789177221
      ],
      "effective_condition_number": 375755.0706520771,
      "singular_values": [
        57.37531138333304,
        33.04653754237835,
        0.00032005004840471145,
        0.0001526933789177221
      ],
      "effective_singular_values": [
        57.37531138333304,
        33.04653754237835,
        0.00032005004840471145,
        0.0001526933789177221
      ],
      "conditioning_pruned_features": [],
      "conditioning_baseline_drops": [],
      "conditioning_extra_pruned_features": []
    },
    {
      "repeat_index": 2,
      "train": {
        "r2": 0.0022756597824150626,
        "mse": 0.12466857235495302,
        "mae": 0.3440134795963237,
        "residual_mean_abs": 0.3440134795963237,
        "residual_std": 0.3530843700235866,
        "residual_max_abs": 0.6420614879754916
      },
      "val": {
        "r2": 0.0016806595288053616,
        "mse": 0.12124742472385458,
        "mae": 0.34007003888696646,
        "residual_mean_abs": 0.34007003888696646,
        "residual_std": 0.3481712322555535,
        "residual_max_abs": 0.4729562081288221
      },
      "test": {
        "r2": 0.003971264467825697,
        "mse": 0.12587194834671694,
        "mae": 0.3442940334097107,
        "residual_mean_abs": 0.3442940334097107,
        "residual_std": 0.35474929536216104,
        "residual_max_abs": 0.6474927215375657
      },
      "condition_number": 309861.5010767,
      "raw_condition_number": 309861.5010767,
      "raw_singular_values": [
        57.278049397301984,
        33.033695782824466,
        0.000365841391158177,
        0.00018485048706687817
      ],
      "effective_condition_number": 309861.5010767,
      "singular_values": [
        57.278049397301984,
        33.033695782824466,
        0.000365841391158177,
        0.00018485048706687817
      ],
      "effective_singular_values": [
        57.278049397301984,
        33.033695782824466,
        0.000365841391158177,
        0.00018485048706687817
      ],
      "conditioning_pruned_features": [],
      "conditioning_baseline_drops": [],
      "conditioning_extra_pruned_features": []
    }
  ],
  "split_records": [
    {
      "repeat_index": 1,
      "train_count": 1096,
      "val_count": 362,
      "test_count": 370
    },
    {
      "repeat_index": 2,
      "train_count": 1093,
      "val_count": 373,
      "test_count": 362
    }
  ],
  "median_test_r2": 0.0011581641127775266,
  "median_test_mse": 0.12631645595179852,
  "median_test_mae": 0.3446187688736427,
  "coefficient_stability": 1.0,
  "nonzero_count": 0,
  "sparsity_ratio": 1.0,
  "block_sparsity_summary": {
    "feature_blocks": {
      "commands": 4,
      "state": 0,
      "history": 0,
      "controller_params": 0
    }
  },
  "raw_condition_number": 342808.28586438857,
  "effective_condition_number": 342808.28586438857,
  "condition_number": 342808.28586438857,
  "raw_singular_values": [
    57.37531138333304,
    33.04653754237835,
    0.00032005004840471145,
    0.0001526933789177221
  ],
  "singular_values": [
    57.37531138333304,
    33.04653754237835,
    0.00032005004840471145,
    0.0001526933789177221
  ],
  "effective_singular_values": [
    57.37531138333304,
    33.04653754237835,
    0.00032005004840471145,
    0.0001526933789177221
  ],
  "conditioning_pruned_features": [],
  "conditioning_baseline_drops": [],
  "conditioning_extra_pruned_features": [],
  "selection_frequency": [
    [
      0.0,
      0.0,
      0.0,
      0.0
    ],
    [
      0.0,
      0.0,
      0.0,
      0.0
    ],
    [
      0.0,
      0.0,
      0.0,
      0.0
    ],
    [
      0.0,
      0.0,
      0.0,
      0.0
    ]
  ],
  "backend_consistency": {
    "px4": {
      "r2": 0.002934385757472957,
      "mse": 0.12428324810875403,
      "mae": 0.34308149931382814,
      "residual_mean_abs": 0.34308149931382814,
      "residual_std": 0.3525187191207984,
      "residual_max_abs": 0.6515052875741643
    }
  },
  "mode_consistency": {
    "OFFBOARD_ATTITUDE": {
      "r2": 0.003111063695816929,
      "mse": 0.12579956051495725,
      "mae": 0.3444679608480246,
      "residual_mean_abs": 0.3444679608480246,
      "residual_std": 0.35467093822409046,
      "residual_max_abs": 0.6515052875741643
    },
    "POSCTL": {
      "r2": 0.0013199625614543908,
      "mse": 0.12196578585584321,
      "mae": 0.34096249517096905,
      "residual_mean_abs": 0.34096249517096905,
      "residual_std": 0.3491995378179547,
      "residual_max_abs": 0.49396256933065597
    }
  },
  "top_influential": {
    "actuator_1": [
      {
        "feature": "command_yaw",
        "weight": 0.26027369753441576,
        "selection_frequency": 0.0
      },
      {
        "feature": "command_pitch",
        "weight": 0.12731736239948682,
        "selection_frequency": 0.0
      },
      {
        "feature": "command_roll",
        "weight": 0.10755698114355464,
        "selection_frequency": 0.0
      },
      {
        "feature": "command_throttle",
        "weight": -0.005506071129225947,
        "selection_frequency": 0.0
      }
    ],
    "actuator_2": [
      {
        "feature": "command_yaw",
        "weight": 0.261654886293364,
        "selection_frequency": 0.0
      },
      {
        "feature": "command_pitch",
        "weight": 0.1280566511983638,
        "selection_frequency": 0.0
      },
      {
        "feature": "command_roll",
        "weight": 0.10816763819500635,
        "selection_frequency": 0.0
      },
      {
        "feature": "command_throttle",
        "weight": -0.009107167673218255,
        "selection_frequency": 0.0
      }
    ],
    "actuator_3": [
      {
        "feature": "command_yaw",
        "weight": 0.31612858795899046,
        "selection_frequency": 0.0
      },
      {
        "feature": "command_pitch",
        "weight": 0.15355478595597608,