feature,future_state_roll,future_state_pitch,future_state_yaw,future_state_roll_rate,future_state_pitch_rate,future_state_yaw_rate
command_roll,7.876132625153291e-05,-0.002990850840622574,-0.009376407391746272,-0.01803099881683754,-0.031058310969911865,-0.011195558611940253
command_pitch,0.0001553319780145437,-0.0037863644822496868,0.0004790909818296004,0.010867167190111665,-0.01469239490202396,-0.036941597684639386
command_yaw,0.0023420592273141346,-0.001577366390172042,0.025107335229105392,0.07488631253534876,0.007479441309397365,-0.0031544586763589634
command_throttle,-0.06497659731552907,0.006145259904571909,-3.1588814790300273,0.4823489448430158,0.10656168910474456,-1.0153593861173582
