actuator_1,actuator_2,actuator_3,actuator_4
0.7056870496123965,0.703196663099245,0.7193019007135733,0.7198814585623091
