actuator_1,actuator_2,actuator_3,actuator_4
-22.49740609155878,-22.290600796849702,-22.32344809366252,-22.503207216977223
