actuator_1,actuator_2,actuator_3,actuator_4
2.698262679986299,2.698787405349255,2.691840185369238,2.693260722408061
