actuator_1,actuator_2,actuator_3,actuator_4
171.82285330780502,168.6947806854569,167.33500057801578,168.62942419965339
