actuator_1,actuator_2,actuator_3,actuator_4
0.4004430998087055,0.3973490208088071,0.4138526232849512,0.40806673590196085
