actuator_1,actuator_2,actuator_3,actuator_4
1.5006499780188454,1.5039550208696975,1.4820724427181104,1.4625904746085294
