actuator_1,actuator_2,actuator_3,actuator_4
0.29559951220879566,0.7687678752598873,-2.92117363695428,0.2881092841116836
