feature,roll__h1,pitch__h1,yaw__h1,roll_rate__h1,pitch_rate__h1,yaw_rate__h1,roll__h2,pitch__h2,yaw__h2,roll_rate__h2,pitch_rate__h2,yaw_rate__h2
command_roll,0.39054854653438176,-0.00312760272267276,-0.6027557477401548,0.0008431641273451993,-0.010140334161764807,0.16489508410050321,0.4357492773676722,-0.003733151624289785,-0.6053260755066309,-0.001798399396917396,-0.011470957598718984,0.17192694303082343
command_pitch,-0.002997324255185024,0.2545823640181107,-0.49664893051193565,0.026370517663399946,0.01723738658615897,0.09748362536584215,0.0005959771426363332,0.30666667687744475,-0.4855422116075146,0.029175486325727962,0.016501086889642094,0.11446867011112716
command_yaw,0.004071692984627248,0.0005908194811671963,-0.7731322423095713,0.03807776380416272,0.011664235408834912,-0.08828196781896652,0.005295612519056869,0.0007627362046325226,-0.7432895325134,0.0399864379694492,0.01054101714891465,-0.07189272936735047
command_throttle,-0.010286166058037734,-0.006263021028604937,8.306068524647507,-0.023255635279461707,-0.00687135166472009,1.2581341750646922,-0.011480808864501318,-0.0045602268503318584,8.352350606957595,-0.025865092392450745,-0.005335132655379656,1.2925013161844225
