actuator_1,actuator_2,actuator_3,actuator_4
-15.608146416005713,-16.3737713276683,-15.251364154898583,-16.493265077214417
