feature,roll__h1,pitch__h1,yaw__h1,roll_rate__h1,pitch_rate__h1,yaw_rate__h1,roll__h2,pitch__h2,yaw__h2,roll_rate__h2,pitch_rate__h2,yaw_rate__h2
command_roll,0.3813814696283139,0.076087925146944,-0.7956660665679423,-0.059108608705221125,0.0036320652044221774,-0.07518267066134274,0.44230618787449144,0.049577668809659664,-0.8104463960478261,-0.06248668802757817,0.00919525253727346,-0.19060604863816832
command_pitch,-0.0662824404325876,0.3450754962131841,-2.179469672475272,0.012422351623086489,-0.013504965740311252,-0.016460625298143586,-0.04019704019885542,0.394599608210263,-2.2575690549531804,0.01989311520576916,-0.018474303371967555,0.015419723673951126
command_yaw,0.3359601535315721,-0.028746425117572697,-0.378677163630353,0.10991392966166726,-0.037265108949301004,1.8662580809032199,0.22271372325021568,-0.024309240891825106,-0.4686761838819946,0.1016371583780334,-0.057720801156007806,2.255972363705427
command_throttle,-0.010440227267902159,0.049229282070570556,17.684431615015143,-0.06048779842486658,-0.015112584050977582,2.8197362870218323,-0.002151533900931226,0.041178655606348466,17.80153201238028,-0.07126084492149642,-0.017390659048636823,2.8183377444572275
