actuator_1,actuator_2,actuator_3,actuator_4
2.519264148475184,2.6062201127860156,2.5215324239368218,2.7079851326755096
