actuator_1,actuator_2,actuator_3,actuator_4
0.5028380084715716,1.694091628756785,0.4546478244266933,0.9534526043002468
