actuator_1,actuator_2,actuator_3,actuator_4
0.44609854334033205,1.6109224014523185,0.4599120586721001,1.0584315978569232
