feature,window_mean_roll,window_mean_pitch,window_mean_yaw,window_mean_roll_rate,window_mean_pitch_rate,window_mean_yaw_rate,window_peak_roll,window_peak_pitch,window_peak_yaw,window_peak_roll_rate,window_peak_pitch_rate,window_peak_yaw_rate
command_roll,0.4115274705118339,0.062315497545193624,-0.8024805728860408,-0.06015913857739118,0.006102713193636549,-0.13277699604670015,0.0693194349118438,0.02337830414449115,-0.6895482786580822,0.01604620269309291,0.034350678335150965,0.13992172703416517
command_pitch,-0.0527798649830465,0.3698408152899031,-2.2191429648328898,0.01625364034563986,-0.015536483340770582,-0.0007221183610650909,0.04012902080716433,-0.004182558742406763,-1.9042572768842234,0.062302310696037894,0.07803705225610659,0.035458813905678885
command_yaw,0.27932969990389783,-0.025785025608958248,-0.4243692074820612,0.10418853011385486,-0.04640142126016247,2.060410637514119,0.2208159129950818,0.020328352926059785,-0.157838977731949,-0.14900232941330652,-0.03750604486357556,-2.1645474535609797
command_throttle,-0.006347016433135372,0.044403211959517325,17.745428786001895,-0.06592405601250087,-0.016384227748071103,2.818790662012307,-0.3635401456027958,-0.232357181507782,17.382892804373075,-0.4314897081649508,-0.19588386620794712,-3.0883259555330738
