actuator_1,actuator_2,actuator_3,actuator_4
-13.763669145499168,-13.384117378368416,-13.715559534135659,-13.614723873329321
