feature,roll__h1,pitch__h1,yaw__h1,roll_rate__h1,pitch_rate__h1,yaw_rate__h1,roll__h2,pitch__h2,yaw__h2,roll_rate__h2,pitch_rate__h2,yaw_rate__h2
command_roll,0.39035327778518425,-0.003038969371650563,-0.6025657729957969,0.0007584915676098333,-0.01007095673055015,0.16484244871118128,0.4355590675680503,-0.0036448782596855377,-0.6051362796064841,-0.0018833637600662095,-0.011381386163026983,0.17179583662532977
command_pitch,-0.0029171913137459268,0.254532479467216,-0.49641291648450175,0.026118587245816862,0.017050375383701043,0.09734042002642214,0.0006591262463881696,0.30662221888537183,-0.48530473171446153,0.028993765828605796,0.016313976151656497,0.11432753685591183
command_yaw,0.004084709069876856,0.0005158764629540149,-0.772917475907842,0.03783805899822921,0.01151451992472193,-0.0881288832414035,0.005308780172160737,0.0006088421635246841,-0.7430711201552824,0.03974695277379915,0.010391194824114368,-0.0717377683544212
command_throttle,-0.010270403753705332,-0.006246733581008592,8.3067567983108,-0.023157965473923396,-0.006841249514292238,1.2581123472880653,-0.011465090326829342,-0.0045484892611666935,8.353044253275957,-0.02576768208620092,-0.005304830372204909,1.2924834074267901
