future_state_roll,future_state_pitch,future_state_yaw,future_state_roll_rate,future_state_pitch_rate,future_state_yaw_rate
0.044625569181588415,0.0030000000004691985,-3.178115548507776e-10,2.280242661356624e-11,1.640182434314852e-11,2.3247637148671174e-10
