actuator_1,actuator_2,actuator_3,actuator_4
-14.49599842352455,-14.758309606999086,-14.405054295664423,-14.486471144117425
