feature,future_state_roll,future_state_pitch,future_state_yaw,future_state_roll_rate,future_state_pitch_rate,future_state_yaw_rate
command_roll,-1912.1653918416623,899.5706160286752,-311.0021806390174,-4947.738242312554,-7543.698371585756,1751.0690782316576
command_pitch,2078.61534801976,-645.2060703929803,391.99752087574996,697.2229930209913,3441.5860027192684,-973.8020717890114
command_yaw,623.1567696506526,-958.5481878329082,-6.469099530370134,10974.973642117033,11975.964414818636,-2430.0327117643046
command_throttle,0.02106408261517823,0.003128626696722158,-0.007951661044503644,0.0007139266788167637,-0.00022548745406580152,0.0016808187770707725
