feature,window_mean_roll,window_mean_pitch,window_mean_yaw,window_mean_roll_rate,window_mean_pitch_rate,window_mean_yaw_rate,window_peak_roll,window_peak_pitch,window_peak_yaw,window_peak_roll_rate,window_peak_pitch_rate,window_peak_yaw_rate
command_roll,-0.004459636820168207,0.0021844080769092677,-0.0063320642731998595,0.04750303866197167,1.1160364281278883e-05,-0.05855231521285813,-0.004459636820168207,0.0021844080769092677,-0.0063320642731998595,-0.04733103062944942,0.00025029104914804125,-0.05855231521285813
command_pitch,0.0012175948133776441,-0.006369214775876509,-0.0025887931967953507,-0.0020078666917002826,0.003689978011720136,-0.011804535560603478,0.0012175948133776441,-0.006369214775876509,-0.0025887931967953507,0.0012396859720506092,-0.005108429537979126,-0.011804535560603478
command_yaw,0.006745956189271609,-0.00039173854578357614,0.027067869947367772,0.012298810300841168,-0.060819077850609964,0.028724276193274997,0.006745956189271609,-0.00039173854578357614,0.027067869947367772,-0.010501950274076197,0.06405316433661933,0.028724276193274997
command_throttle,-0.0661722195852062,0.007418005223848653,-3.1615972001814185,0.4493050574896239,0.11348666452150077,-1.0031483259132394,-0.0661722195852062,0.007418005223848653,-3.1615972001814185,-0.4308863024368268,-0.1049576827755205,-1.0031483259132394
