feature,future_state_roll,future_state_pitch,future_state_yaw,future_state_roll_rate,future_state_pitch_rate,future_state_yaw_rate,future_state_position_x,future_state_position_y,future_state_position_z,future_state_velocity_x,future_state_velocity_y,future_state_velocity_z,future_state_altitude,future_state_vertical_speed,future_state_heading
command_roll,0.19779017146380728,-0.005295234932027028,-0.37969763787500094,0.012630392913977294,-0.0006110917230007411,0.05597269031069932,0.1813678295008469,-0.7409234700992818,0.5643095733539277,-0.05819754946241608,0.06735152363863975,0.08068739797577218,-0.5643095733539277,-0.08068739797577218,-0.3799143457605699
command_pitch,0.0022097326990762585,0.3827790018067933,-1.158244155330016,0.023631849256296716,0.023492645584856416,-0.009973500826056034,2.577190260827211,-0.21557661641082596,-0.6850665561860206,-0.12346895487009937,0.18116028024421887,0.31741952216444624,0.6850665561860206,-0.31741952216444624,-1.158765468097457
command_yaw,0.003852081312871733,-0.0009041044874712401,-0.9523693197537548,0.03475139028866439,0.009552051047237022,-0.09676974210030576,0.3346757757747445,-0.12562930902725702,-1.53129779235473,0.11844603222007866,0.09771813201423699,0.22906843836150848,1.53129779235473,-0.22906843836150848,-0.9535377784055628
command_throttle,-5.934217741308573e-06,-0.0024952666105569773,0.8723870101815625,-0.001038107111250912,-0.0010190988580312328,0.11423876074824843,0.11792422756738269,-0.2563026439946443,-0.15631586817510051,0.06298791266926494,-0.10385717186701887,-0.055183329484612215,0.15631586817510051,0.055183329484612215,0.8719927011052425
