actuator_1,actuator_2,actuator_3,actuator_4
-1.2387798410690105,-1.2451568034957972,-1.2720074077361647,-1.2579973993037847
