actuator_1,actuator_2,actuator_3,actuator_4
-1000.6281285050882,-1036.8011961258474,-953.9222802133976,-1118.8239541088662
