actuator_1,actuator_2,actuator_3,actuator_4
0.8322972360635442,0.8347285573361307,0.8408489071903009,0.8423699631903886
