actuator_1,actuator_2,actuator_3,actuator_4
3.084312259598491,4.193191656660588,-2.8946687830157574,4.380605642576793
