actuator_1,actuator_2,actuator_3,actuator_4
0.6301123847945743,0.6282132775270228,0.6360183168246725,0.6345385522010947
