feature,window_mean_roll,window_mean_pitch,window_mean_yaw,window_mean_roll_rate,window_mean_pitch_rate,window_mean_yaw_rate,window_peak_roll,window_peak_pitch,window_peak_yaw,window_peak_roll_rate,window_peak_pitch_rate,window_peak_yaw_rate
command_roll,0.0,0.0,0.0012196904126868277,0.0,0.0022486327705494398,-0.0020380504248599736,0.0,0.0,0.0012196904126868277,0.0,-0.002241963705324672,-0.0020380504248599736
command_pitch,-9.328416387572759e-05,0.0001441232764820306,0.002645020678936153,0.0013691046719374288,-0.007198304366151931,0.01272801427843236,-9.328416387572759e-05,0.0001441232764820306,0.002645020678936153,-0.0013847775742207172,0.007156887026562423,0.01272801427843236
command_yaw,0.0,0.0,0.012903734821330407,-0.0007418241681889364,-0.004763121796909538,0.013668613067472819,0.0,0.0,0.012903734821330407,0.0007134002511934639,0.004710568194089119,0.013668613067472819
command_throttle,-0.06659400019579567,0.005257351607589461,-3.1309296201257806,0.45542540850216684,0.08351607366431801,-0.9988648254468827,-0.06659400019579567,0.005257351607589461,-3.1309296201257806,-0.43808028469409327,-0.07682003184995408,-0.9988648254468827
