feature,roll__h1,pitch__h1,yaw__h1,roll_rate__h1,pitch_rate__h1,yaw_rate__h1,roll__h2,pitch__h2,yaw__h2,roll_rate__h2,pitch_rate__h2,yaw_rate__h2
command_roll,0.0778072387537938,0.058931502586956466,-0.21075731535320646,0.01422942983677834,0.00724820056011268,-0.04689760913181874,0.08064076890268593,0.061627237810786085,-0.21750268519134414,0.017594837837252485,0.007231925418673195,-0.05251437455207819
command_pitch,0.09721693868689193,0.07361087538536262,-0.2609242842092977,0.018044568427357282,0.009212688124610666,-0.05824874009338021,0.10077585623407811,0.0770245151454061,-0.2692951963663247,0.022195368224294208,0.009143177123354853,-0.06524816891327635
command_yaw,0.1956902583992301,0.14775299170666206,-0.5298707076347648,0.035806290705265725,0.019495662218105725,-0.12826340347896475,0.20249273394019968,0.15419787145092287,-0.5462772457788674,0.044655073708466164,0.019499197937171003,-0.14339731211389622
command_throttle,-0.0025854740980897034,-0.0013644789292135608,0.9341777717975118,-0.0035553565138591783,-0.002801230768036302,0.1078977641230692,-0.002654495753620765,-0.0014194810126952548,0.9405443013478328,-0.003667878411021371,-0.0025363305350961938,0.11269635831106811
