{
  "x_schema": "commands_only",
  "y_schema": "future_state_horizon",
  "pooling_mode": "pooled",
  "model_name": "ridge_affine",
  "feature_names": [
    "command_roll",
    "command_pitch",
    "command_yaw",
    "command_throttle"
  ],
  "response_names": [
    "roll__h1",
    "pitch__h1",
    "yaw__h1",
    "roll_rate__h1",
    "pitch_rate__h1",
    "yaw_rate__h1",
    "roll__h2",
    "pitch__h2",
    "yaw__h2",
    "roll_rate__h2",
    "pitch_rate__h2",
    "yaw_rate__h2"
  ],
  "schema_metadata": {
    "x_schema": "commands_only",
    "y_schema": "future_state_horizon",
    "feature_count": 4,
    "response_count": 12,
    "strict_raw_linear": true,
    "requested_feature_columns": [
      "command_roll",
      "command_pitch",
      "command_yaw",
      "command_throttle"
    ],
    "requested_response_columns": [
      "roll__h1",
      "pitch__h1",
      "yaw__h1",
      "roll_rate__h1",
      "pitch_rate__h1",
      "yaw_rate__h1",
      "roll__h2",
      "pitch__h2",
      "yaw__h2",
      "roll_rate__h2",
      "pitch_rate__h2",
      "yaw_rate__h2"
    ],
    "dropped_unavailable_features": [],
    "dropped_unavailable_responses": [],
    "partial_feature_columns": {},
    "partial_response_columns": {
      "roll__h1": 0.9972652689152234,
      "pitch__h1": 0.9972652689152234,
      "yaw__h1": 0.9972652689152234,
      "roll_rate__h1": 0.9972652689152234,
      "pitch_rate__h1": 0.9972652689152234,
      "yaw_rate__h1": 0.9972652689152234,
      "roll__h2": 0.9945305378304466,
      "pitch__h2": 0.9945305378304466,
      "yaw__h2": 0.9945305378304466,
      "roll_rate__h2": 0.9945305378304466,
      "pitch_rate__h2": 0.9945305378304466,
      "yaw_rate__h2": 0.9945305378304466
    },
    "dropped_response_leakage_features": [],
    "dropped_zero_variance_features": []
  },
  "repeat_metrics": [
    {
      "repeat_index": 1,
      "train": {
        "r2": 0.24717460709687022,
        "mse": 0.05728439524236881,
        "mae": 0.0820309722684847,
        "residual_mean_abs": 0.0820309722684847,
        "residual_std": 0.2393415869471263,
        "residual_max_abs": 2.2234225629551396
      },
      "val": {
        "r2": -2.726513860997904,
        "mse": 0.0001990693525321031,
        "mae": 0.009016110131588817,
        "residual_mean_abs": 0.009016110131588817,
        "residual_std": 0.01350594617462224,
        "residual_max_abs": 0.10921959135622072
      },
      "test": {
        "r2": 0.035246797485822046,
        "mse": 0.11660635145699082,
        "mae": 0.15443812921137853,
        "residual_mean_abs": 0.15443812921137853,
        "residual_std": 0.34147086647403674,
        "residual_max_abs": 2.203827690143152
      },
      "condition_number": 344943.6960441331,
      "raw_condition_number": 344943.6960441331,
      "raw_singular_values": [
        65.82125320807943,
        37.941568574901616,
        0.00039689488575114833,
        0.00019081738255526218
      ],
      "effective_condition_number": 344943.6960441331,
      "singular_values": [
        65.82125320807943,
        37.941568574901616,
        0.00039689488575114833,
        0.00019081738255526218
      ],
      "effective_singular_values": [
        65.82125320807943,
        37.941568574901616,
        0.00039689488575114833,
        0.00019081738255526218
      ],
      "conditioning_pruned_features": [],
      "conditioning_baseline_drops": [],
      "conditioning_extra_pruned_features": []
    },
    {
      "repeat_index": 2,
      "train": {
        "r2": 0.2420832878508904,
        "mse": 0.05735431453887986,
        "mae": 0.08172478286705975,
        "residual_mean_abs": 0.08172478286705975,
        "residual_std": 0.2394876083200963,
        "residual_max_abs": 2.218123902281836
      },
      "val": {
        "r2": -2.343096510068678,
        "mse": 0.0001785873023785003,
        "mae": 0.0083744845530504,
        "residual_mean_abs": 0.0083744845530504,
        "residual_std": 0.012741295418091108,
        "residual_max_abs": 0.10929577294511489
      },
      "test": {
        "r2": 0.036272670732204526,
        "mse": 0.11770160210374905,
        "mae": 0.15563662822371985,
        "residual_mean_abs": 0.15563662822371985,
        "residual_std": 0.34306667224871973,
        "residual_max_abs": 2.2238122340771724
      },
      "condition_number": 339943.2544334915,
      "raw_condition_number": 339943.2544334915,
      "raw_singular_values": [
        66.00476048857705,
        38.044337195702035,
        0.00038414511370196474,
        0.00019416405422891135
      ],
      "effective_condition_number": 339943.2544334915,
      "singular_values": [
        66.00476048857705,
        38.044337195702035,
        0.00038414511370196474,
        0.00019416405422891135
      ],
      "effective_singular_values": [
        66.00476048857705,
        38.044337195702035,
        0.00038414511370196474,
        0.00019416405422891135
      ],
      "conditioning_pruned_features": [],
      "conditioning_baseline_drops": [],
      "conditioning_extra_pruned_features": []
    }
  ],
  "split_records": [
    {
      "repeat_index": 1,
      "train_count": 1443,
      "val_count": 371,
      "test_count": 368
    },
    {
      "repeat_index": 2,
      "train_count": 1451,
      "val_count": 371,
      "test_count": 360
    }
  ],
  "median_test_r2": 0.035759734109013286,
  "median_test_mse": 0.11715397678036993,
  "median_test_mae": 0.1550373787175492,
  "coefficient_stability": 1.0,
  "nonzero_count": 2,
  "sparsity_ratio": 0.9583333333333334,
  "block_sparsity_summary": {
    "feature_blocks": {
      "commands": 4,
      "state": 0,
      "history": 0,
      "controller_params": 0
    }
  },
  "raw_condition_number": 342443.4752388123,
  "effective_condition_number": 342443.4752388123,
  "condition_number": 342443.4752388123,
  "raw_singular_values": [
    65.82125320807943,
    37.941568574901616,
    0.00039689488575114833,
    0.00019081738255526218
  ],
  "singular_values": [
    65.82125320807943,
    37.941568574901616,
    0.00039689488575114833,
    0.00019081738255526218
  ],
  "effective_singular_values": [
    65.82125320807943,
    37.941568574901616,
    0.00039689488575114833,
    0.00019081738255526218
  ],
  "conditioning_pruned_features": [],
  "conditioning_baseline_drops": [],
  "conditioning_extra_pruned_features": [],
  "selection_frequency": [
    [
      0.0,
      0.0,
      0.0,
      0.0,
      0.0,
      0.0,
      0.0,
      0.0,
      0.0,
      0.0,
      0.0,
      0.0
    ],
    [
      0.0,
      0.0,
      0.0,
      0.0,
      0.0,
      0.0,
      0.0,
      0.0,
      0.0,
      0.0,
      0.0,
      0.0
    ],
    [
      0.0,
      0.0,
      0.0,
      0.0,
      0.0,
      0.0,
      0.0,
      0.0,
      0.0,
      0.0,
      0.0,
      0.0
    ],
    [
      0.0,
      0.0,
      1.0,
      0.0,
      0.0,
      0.0,
      0.0,
      0.0,
      1.0,
      0.0,
      0.0,
      0.0
    ]
  ],
  "backend_consistency": {
    "px4": {
      "r2": 0.24464045408265234,
      "mse": 0.0575832510695996,
      "mae": 0.08162158603202153,
      "residual_mean_abs": 0.08162158603202153,
      "residual_std": 0.23996397179837733,
      "residual_max_abs": 2.223617398516156
    }
  },
  "mode_consistency": {
    "OFFBOARD_ATTITUDE": {
      "r2": 0.03720805344883116,
      "mse": 0.11405355173424418,
      "mae": 0.1526945926903614,
      "residual_mean_abs": 0.1526945926903614,
      "residual_std": 0.3377111953293502,
      "residual_max_abs": 2.223617398516156
    },
    "POSCTL": {
      "r2": -0.8385492964308874,
      "mse": 0.0002786708014145872,
      "mae": 0.009498562654814241,
      "residual_mean_abs": 0.009498562654814241,
      "residual_std": 0.01628160544345991,
      "residual_max_abs": 0.21105890129910795
    }
  },
  "top_influential": {
    "roll__h1": [
      {
        "feature": "command_yaw",
        "weight": 0.1956902583992301,