actuator_1,actuator_2,actuator_3,actuator_4
-14.117152364018711,-14.294871424751197,-14.065189146582433,-14.515554835840975
