feature,roll__h1,pitch__h1,yaw__h1,roll_rate__h1,pitch_rate__h1,yaw_rate__h1,roll__h2,pitch__h2,yaw__h2,roll_rate__h2,pitch_rate__h2,yaw_rate__h2
command_roll,0.38145128617227847,0.07610104746943586,-0.795439873551046,-0.05912687669789104,0.0036338612664372737,-0.07521250565408592,0.4423929449571834,0.04958413553580194,-0.8102166657230515,-0.06250557654007698,0.009199020156407212,-0.19067554224403874
command_pitch,-0.0663017174758384,0.34513531753757276,-2.180221526338761,0.012427578713262869,-0.013506808767747123,-0.016519455555939706,-0.04021321243239879,0.3946690598524766,-2.2583371992954047,0.019899868596548378,-0.018477158832991523,0.015369644426535009
command_yaw,0.335953379210243,-0.028767828591450717,-0.37926326539804844,0.10995261290764688,-0.03727239476977711,1.86656619377584,0.22267012550107124,-0.024323814538684686,-0.4692829413624097,0.10167493445130751,-0.05773358503284563,2.256387602536329
command_throttle,-0.010432261581394292,0.049233229178675245,17.68767064962886,-0.06050202349909375,-0.015114560625195856,2.820225453944224,-0.0021394505607627984,0.04117905810425247,17.804794575340676,-0.07127701897343715,-0.01739261517440138,2.8188175563363216
