feature,future_state_roll,future_state_pitch,future_state_yaw,future_state_roll_rate,future_state_pitch_rate,future_state_yaw_rate,future_state_position_x,future_state_position_y,future_state_position_z,future_state_velocity_x,future_state_velocity_y,future_state_velocity_z,future_state_altitude,future_state_vertical_speed,future_state_heading
command_roll,0.3152012909656329,0.029286537756611608,-1.8229476363894255,-0.015731290476338405,0.017551321145811795,-0.14983588120716151,0.010738359173591543,0.2158704062581901,-2.1248899324496557,-0.6225387960731035,-0.03287118321596819,0.5588608415458327,2.1248899324496557,-0.5588608415458327,-1.8221648024902357
command_pitch,-0.0407836899728173,0.27935435358148164,-0.3080268096227596,0.004626054598165796,-0.019783260525576427,0.218292461521803,0.9518827804512702,-1.961264921034792,-0.6228770794610881,0.2557905740075842,-1.1290904555603036,-0.06287087612124027,0.6228770794610881,0.06287087612124027,-0.3062423250384192
command_yaw,0.12841794219192848,-0.004117247035132323,2.0245723569708662,0.06549379691078558,-0.01716648650044332,1.105590577343301,1.075049899585735,-7.872823826659888,1.725390759797825,-0.930724783133078,0.9315410224705765,-0.13011378369162643,-1.725390759797825,0.13011378369162643,2.026458741670208
command_throttle,-0.0039448646382723,0.0010916125898761354,0.9009132325043072,-0.003513619371551732,-0.0012176317842245506,0.12875165972978722,0.26200650256730407,-0.7004333370680447,-0.22049456544624424,0.029637397078984343,-0.21993150677032336,-0.015149802691076334,0.22049456544624424,0.015149802691076334,0.9005095141326558
