future_state_roll,future_state_pitch,future_state_yaw,future_state_roll_rate,future_state_pitch_rate,future_state_yaw_rate
1.3315737401597971e-14,9.235667786100521e-15,2.0747847884194925e-12,9.686695889854491e-14,-1.7821161213404935e-13,7.538414337204813e-13
