actuator_1,actuator_2,actuator_3,actuator_4
0.8165159571401509,0.8123012849347417,0.8350172699864458,0.8329117988359191
