feature,future_state_roll,future_state_pitch,future_state_yaw,future_state_roll_rate,future_state_pitch_rate,future_state_yaw_rate
command_roll,0.19779017146380728,-0.005295234932027027,-0.37969763787500094,0.012630392913977294,-0.0006110917230007394,0.05597269031069932
command_pitch,0.0022097326990762585,0.3827790018067933,-1.1582441553300162,0.023631849256296716,0.02349264558485642,-0.009973500826056027
command_yaw,0.003852081312871733,-0.0009041044874712401,-0.9523693197537548,0.03475139028866439,0.009552051047237022,-0.09676974210030576
command_throttle,-5.934217741308573e-06,-0.0024952666105569773,0.8723870101815625,-0.001038107111250912,-0.0010190988580312328,0.11423876074824843
