feature,delta_state_roll,delta_state_pitch,delta_state_yaw,delta_state_roll_rate,delta_state_pitch_rate,delta_state_yaw_rate,delta_state_position_x,delta_state_position_y,delta_state_position_z,delta_state_velocity_x,delta_state_velocity_y,delta_state_velocity_z,delta_state_altitude,delta_state_vertical_speed,delta_state_heading
command_roll,-1263.9953805671726,352.3368473054179,-47.56464720310397,-2209.828658101159,-468.58518222675065,645.8262608963064,810.6036385371772,1018.9074190218151,-373.29933954861406,935.9117762399385,-873.4616350892361,-1568.1264845163646,373.29933954861406,1568.1264845163646,-44.49146139561708
command_pitch,1635.2074750549602,-698.9960889796673,32.31896372612519,-828.0697684399223,713.8511981943278,-398.49104430284,-732.1020523840818,-314.8050232193763,916.0755390339252,-949.6293384733918,518.0366691889241,804.2427425914971,-916.0755390339252,-804.2427425914971,27.514210894874537
command_yaw,-110.43910804109801,517.1520087243707,54.268571968102385,7180.70876271092,-256.2759132162042,-817.5827322744052,-562.3397702014536,-1917.7338869155506,-898.9118090556105,-440.5246433121541,1147.5999746763207,2311.8824449554236,898.9118090556105,-2311.8824449554236,56.1951424750511
command_throttle,-0.00010468706310572943,0.000158548754783046,0.0003525660194155861,0.00021832302247324137,0.0001753427989847316,6.877614061947016e-05,0.009726375091909548,-0.0005613903569581787,-0.016402633980418642,0.0017784658889633477,-0.0028068548262813373,-0.0008312264844317188,0.016402633980418642,0.0008312264844317188,0.00035452540392434467
