actuator_1,actuator_2,actuator_3,actuator_4
0.34212000236756046,0.3399599618723038,0.34261233972777033,0.3377072301156041
