feature,future_state_roll,future_state_pitch,future_state_yaw,future_state_roll_rate,future_state_pitch_rate,future_state_yaw_rate,future_state_position_x,future_state_position_y,future_state_position_z,future_state_velocity_x,future_state_velocity_y,future_state_velocity_z,future_state_altitude,future_state_vertical_speed,future_state_heading
command_roll,8.99241488046194e-05,-2.429362107210918e-05,0.0009758891837587227,-1.9937071360227395e-05,0.002657186969433134,-0.002569036457886237,1056774.5268603456,-4457564.757003088,2.2999156823899476,-0.5029342633499135,-0.006992544505658131,0.5421497582691366,-2.2999156823899476,-0.5421497582691366,0.0009758891837587227
command_pitch,-0.00035961355722538807,0.00027049903419334824,0.0028775103451407166,0.0014865936747924901,-0.0075192192073337515,0.013031133975599298,4418839.495344289,-18639038.811198674,2.821803838683504,-0.0583862415206606,-0.5802022161695395,1.4066845945016344,-2.821803838683504,-1.4066845945016344,0.0028775103451407166
command_yaw,-5.282309947609817e-05,8.420012343827249e-05,0.01368653917165894,-0.0010103810516885689,-0.005715681284019893,0.014728062680679348,9752313.985666733,-41136089.71596626,8.35533404812097,-0.8301367125047309,2.1611096819659075,2.979972285204628,-8.35533404812097,-2.979972285204628,0.01368653917165894
command_throttle,-0.06659998596222802,0.005274074407047196,-3.130394136639339,0.4553624717341713,0.08351766545763997,-0.9987045258732881,-5429.859791724235,22903.393748081384,1.9103300024412577,-0.023451798279475727,0.043051156561233817,0.5419053926766291,-1.9103300024412577,-0.5419053926766291,-3.130394136639339
