feature,window_mean_roll,window_mean_pitch,window_mean_yaw,window_mean_roll_rate,window_mean_pitch_rate,window_mean_yaw_rate,window_peak_roll,window_peak_pitch,window_peak_yaw,window_peak_roll_rate,window_peak_pitch_rate,window_peak_yaw_rate
command_roll,0.2372733046192004,0.18015613831248595,-0.6405913955944359,0.04728296938094316,0.021555110159024313,-0.15230947868588116,0.009612954670850545,0.0073644512397073245,-0.47560037061112254,0.017527980017376106,0.007249569124528317,0.1867985210413463
command_pitch,7.420632012829197e-06,3.3743216709131143e-06,-0.00020348668859328795,2.4153510730637412e-05,1.0600317167616162e-05,-3.262683470465896e-05,0.0,0.0,-0.0002761843382827923,1.281136569107524e-05,1.0503355551710514e-06,4.624773459798225e-05
command_yaw,7.074719254431143e-05,1.6266153524518934e-05,-0.00037732014517631774,5.468666670162e-05,9.462069147740069e-05,-0.0008951041805646783,1.003283662837271e-05,2.6317076784706962e-05,-0.00011872675252961129,0.00013473646473989047,4.009169356100422e-06,0.0009135814839551499
command_throttle,-0.0025396817575261323,-0.00131113435646949,0.9376692079825537,-0.003531615547439585,-0.0025883725689940604,0.11026143672297045,-0.017820315026306544,-0.01378340002535392,0.911317473137504,-0.008683120744638905,-0.0019481107945922694,-0.11630098970812948
