actuator_1,actuator_2,actuator_3,actuator_4
0.5848595714554098,0.5829068044013352,0.5919417575508019,0.5932476827061282
