actuator_1,actuator_2,actuator_3,actuator_4
0.2870669108825671,0.26481395774194794,0.2882326979275691,0.2740857588617016
