feature,window_mean_roll,window_mean_pitch,window_mean_yaw,window_mean_roll_rate,window_mean_pitch_rate,window_mean_yaw_rate,window_peak_roll,window_peak_pitch,window_peak_yaw,window_peak_roll_rate,window_peak_pitch_rate,window_peak_yaw_rate
command_roll,0.29316624141088443,0.03967061978662134,-1.8139123466414433,-0.015833287978608807,0.014497703713473831,-0.11737316139081894,0.07807522651091062,0.035738096587840905,-1.7153756835395462,0.06691633407754166,0.060739492923403124,0.13403054605322245
command_pitch,-0.049597195293731966,0.26116941942688976,-0.2899560545012788,0.002549504114195869,-0.016480680434915594,0.20618359387054952,-0.000827444820877254,-0.015239240573913265,-0.10677528982356527,0.010656271757700269,0.03600919130911318,-0.18593251310066172
command_yaw,0.16881788782909862,-0.007146487549300483,2.0443916425426645,0.06916947176691118,-0.007837474737376237,1.005091656777734,0.102637571799549,-0.007106706887226435,2.1528157400454546,-0.13339442197343365,-0.06428889740971228,-1.092511384049962
command_throttle,-0.003880717344819225,0.0010603586739394376,0.8977800064710657,-0.0034145395221184785,-0.001158405847209414,0.12737127322665845,-0.017715316898271646,-0.01041625678738493,0.8678749599943985,-0.016255271848981123,-0.004770253542875023,-0.13711100927994965
