feature,roll__h1,pitch__h1,yaw__h1,roll_rate__h1,pitch_rate__h1,yaw_rate__h1,roll__h2,pitch__h2,yaw__h2,roll_rate__h2,pitch_rate__h2,yaw_rate__h2
command_roll,-747.4246635575146,-45.92091339548543,-11420.754228107267,-1674.8546699131034,-2040.5628795349023,7119.931266067671,-631.7167879303331,-73.47796181001684,-12138.537823787981,-1695.7178063074598,-1795.3589994997897,7979.315171236951
command_pitch,-683.5872400559588,-546.9955523818703,19866.91723365294,1998.0130168100072,776.8622651503618,6126.721958802809,-447.97423579602616,-95.68814757398354,20196.023832695682,1406.8851941477103,373.2280041373817,6603.589551946634
command_yaw,3236.320332738502,1209.2351483802215,-11183.480020365438,191.22183890387146,3547.7407999686,-30053.630717750846,2475.84526670533,375.5329874412389,-10047.282953057793,1425.6607553711988,3741.9987615762175,-33155.86706502044
command_throttle,-0.0025774900330719904,-0.001360189525684648,0.9338588967956329,-0.0035719179720632536,-0.0028104675155855596,0.10785236727863598,-0.002633769225021277,-0.0014053450372271542,0.9402134615599911,-0.0036940921895880024,-0.002541568238661139,0.11261184630111193
