actuator_1,actuator_2,actuator_3,actuator_4
-1.567193044264482,-1.5656934718936606,-1.58348624508804,-1.5902972206872275
