feature,roll__h1,pitch__h1,yaw__h1,roll_rate__h1,pitch_rate__h1,yaw_rate__h1,roll__h2,pitch__h2,yaw__h2,roll_rate__h2,pitch_rate__h2,yaw_rate__h2
command_roll,0.1573242747780768,-0.004796630089901855,-0.38150211418919955,0.013404455622562508,-0.000668588280105401,0.05544037468815718,0.19780075440535036,-0.005295497260206838,-0.3797161099438081,0.01263106535900366,-0.0006111219239789637,0.055975914767594954
command_pitch,0.00028691274035971934,0.3519999402300418,-1.1693091886416194,0.019494658458882465,0.023392284243478896,-0.013746882486444791,0.0022098666386088832,0.3827994188007573,-1.158288548084393,0.023633095505747242,0.023493883356130868,-0.009971731587512519
command_yaw,0.0024247207911048682,-0.0008905975764959979,-0.9702169847944022,0.033937697152748844,0.011602875881056712,-0.1005971149332447,0.0038522910459379382,-0.000904147580891629,-0.9524129091945663,0.0347532427324714,0.009552553371235136,-0.09677393390248032
command_throttle,2.0486139938635014e-05,-0.0025322332007890556,0.8663100456700006,-0.0010798575654323687,-0.0012040973184855742,0.11105762559664561,-5.932013620361183e-06,-0.0024953697387042157,0.8724335204771719,-0.0010381591123918318,-0.001019151969549057,0.11424486659540672
