{
  "x_schema": "commands_only",
  "y_schema": "future_state_horizon",
  "pooling_mode": "pooled",
  "model_name": "ols_affine",
  "feature_names": [
    "command_roll",
    "command_pitch",
    "command_yaw",
    "command_throttle"
  ],
  "response_names": [
    "roll__h1",
    "pitch__h1",
    "yaw__h1",
    "roll_rate__h1",
    "pitch_rate__h1",
    "yaw_rate__h1",
    "roll__h2",
    "pitch__h2",
    "yaw__h2",
    "roll_rate__h2",
    "pitch_rate__h2",
    "yaw_rate__h2"
  ],
  "schema_metadata": {
    "x_schema": "commands_only",
    "y_schema": "future_state_horizon",
    "feature_count": 4,
    "response_count": 12,
    "strict_raw_linear": true,
    "requested_feature_columns": [
      "command_roll",
      "command_pitch",
      "command_yaw",
      "command_throttle"
    ],
    "requested_response_columns": [
      "roll__h1",
      "pitch__h1",
      "yaw__h1",
      "roll_rate__h1",
      "pitch_rate__h1",
      "yaw_rate__h1",
      "roll__h2",
      "pitch__h2",
      "yaw__h2",
      "roll_rate__h2",
      "pitch_rate__h2",
      "yaw_rate__h2"
    ],
    "dropped_unavailable_features": [],
    "dropped_unavailable_responses": [],
    "partial_feature_columns": {},
    "partial_response_columns": {
      "roll__h1": 0.9974390439097263,
      "pitch__h1": 0.9974390439097263,
      "yaw__h1": 0.9974390439097263,
      "roll_rate__h1": 0.9974390439097263,
      "pitch_rate__h1": 0.9974390439097263,
      "yaw_rate__h1": 0.9974390439097263,
      "roll__h2": 0.9948780878194526,
      "pitch__h2": 0.9948780878194526,
      "yaw__h2": 0.9948780878194526,
      "roll_rate__h2": 0.9948780878194526,
      "pitch_rate__h2": 0.9948780878194526,
      "yaw_rate__h2": 0.9948780878194526
    },
    "dropped_response_leakage_features": [],
    "dropped_zero_variance_features": []
  },
  "repeat_metrics": [
    {
      "repeat_index": 1,
      "train": {
        "r2": 0.2192251015420742,
        "mse": 0.06009509484976714,
        "mae": 0.08474475032506273,
        "residual_mean_abs": 0.08474475032506273,
        "residual_std": 0.24514300897591826,
        "residual_max_abs": 2.254327260559224
      },
      "val": {
        "r2": 0.19179638751906403,
        "mse": 0.05300781097720186,
        "mae": 0.07817514152121041,
        "residual_mean_abs": 0.07817514152121041,
        "residual_std": 0.23019809565129878,
        "residual_max_abs": 2.2274451153172543
      },
      "test": {
        "r2": 0.2551663293020746,
        "mse": 0.04255727784704392,
        "mae": 0.06559203676051688,
        "residual_mean_abs": 0.06559203676051688,
        "residual_std": 0.2062889329551998,
        "residual_max_abs": 2.2385511758665335
      },
      "condition_number": 1.0344355648714072,
      "raw_condition_number": 1.0344355648714072,
      "raw_singular_values": [
        107.74174252029438,
        106.07695115620976,
        105.93918976799208,
        104.1551027237622
      ],
      "effective_condition_number": 1.0344355648714072,
      "singular_values": [
        107.74174252029438,
        106.07695115620976,
        105.93918976799208,
        104.1551027237622
      ],
      "effective_singular_values": [
        107.74174252029438,
        106.07695115620976,
        105.93918976799208,
        104.1551027237622
      ],
      "conditioning_pruned_features": [],
      "conditioning_baseline_drops": [],
      "conditioning_extra_pruned_features": []
    },
    {
      "repeat_index": 2,
      "train": {
        "r2": 0.25600238008150555,
        "mse": 0.04530129278678635,
        "mae": 0.06544251329274318,
        "residual_mean_abs": 0.06544251329274318,
        "residual_std": 0.21284100353735025,
        "residual_max_abs": 2.251848368930281
      },
      "val": {
        "r2": 0.23741479296522328,
        "mse": 0.049489382777574385,
        "mae": 0.0717503207299135,
        "residual_mean_abs": 0.0717503207299135,
        "residual_std": 0.22244584407785284,
        "residual_max_abs": 2.224973215555793
      },
      "test": {
        "r2": 0.12633917057418553,
        "mse": 0.08610513394905674,
        "mae": 0.11687841080379995,
        "residual_mean_abs": 0.11687841080379995,
        "residual_std": 0.2934335886232873,
        "residual_max_abs": 2.2290511205881276
      },
      "condition_number": 1.0393196970002343,
      "raw_condition_number": 1.0393196970002343,
      "raw_singular_values": [
        108.01315690396432,
        106.01037795774717,
        105.87814042079856,
        103.92678712403925
      ],
      "effective_condition_number": 1.0393196970002343,
      "singular_values": [
        108.01315690396432,
        106.01037795774717,
        105.87814042079856,
        103.92678712403925
      ],
      "effective_singular_values": [
        108.01315690396432,
        106.01037795774717,
        105.87814042079856,
        103.92678712403925
      ],
      "conditioning_pruned_features": [],
      "conditioning_baseline_drops": [],
      "conditioning_extra_pruned_features": []
    }
  ],
  "split_records": [
    {
      "repeat_index": 1,
      "train_count": 11233,
      "val_count": 3528,
      "test_count": 3886
    },
    {
      "repeat_index": 2,
      "train_count": 11229,
      "val_count": 3540,
      "test_count": 3878
    }
  ],
  "median_test_r2": 0.19075274993813007,
  "median_test_mse": 0.06433120589805033,
  "median_test_mae": 0.09123522378215841,
  "coefficient_stability": 0.875,
  "nonzero_count": 2,
  "sparsity_ratio": 0.9583333333333334,
  "block_sparsity_summary": {
    "feature_blocks": {
      "commands": 4,
      "state": 0,
      "history": 0,
      "controller_params": 0
    }
  },
  "raw_condition_number": 1.0368776309358207,
  "effective_condition_number": 1.0368776309358207,
  "condition_number": 1.0368776309358207,
  "raw_singular_values": [
    107.74174252029438,
    106.07695115620976,
    105.93918976799208,
    104.1551027237622
  ],
  "singular_values": [
    107.74174252029438,
    106.07695115620976,
    105.93918976799208,
    104.1551027237622
  ],
  "effective_singular_values": [
    107.74174252029438,
    106.07695115620976,
    105.93918976799208,
    104.1551027237622
  ],
  "conditioning_pruned_features": [],
  "conditioning_baseline_drops": [],
  "conditioning_extra_pruned_features": [],
  "selection_frequency": [
    [
      0.0,
      0.0,
      0.0,
      0.0,
      0.0,
      0.0,
      0.0,
      0.0,
      0.0,
      0.0,
      0.0,
      0.0
    ],
    [
      0.0,
      0.0,
      0.0,
      0.0,
      0.0,
      0.0,
      0.0,
      0.0,
      0.0,
      0.0,
      0.0,
      0.0
    ],
    [
      0.0,
      0.0,
      0.0,
      0.0,
      0.0,
      0.0,
      0.0,
      0.0,
      0.0,
      0.0,
      0.0,
      0.0
    ],
    [
      0.0,
      0.0,
      1.0,
      0.0,
      0.0,
      0.0,
      0.0,
      0.0,
      1.0,
      0.0,
      0.0,
      0.0
    ]
  ],
  "backend_consistency": {
    "px4": {
      "r2": 0.22855483211492156,
      "mse": 0.054700646476164114,
      "mae": 0.07831941785455841,
      "residual_mean_abs": 0.07831941785455841,
      "residual_std": 0.2338816503703095,
      "residual_max_abs": 2.2530878147447524,
      "sample_count": 18647.0
    }
  },
  "mode_consistency": {
    "OFFBOARD_ATTITUDE": {
      "r2": 0.03559352083688927,
      "mse": 0.11078542182271243,
      "mae": 0.1475055846978623,
      "residual_mean_abs": 0.1475055846978623,
      "residual_std": 0.33283529405367773,
      "residual_max_abs": 2.2530878147447524,
      "sample_count": 9111.0
    },
    "POSCTL": {
      "r2": -2.945623512524611,
      "mse": 0.0011154547624055136,
      "mae": 0.012216736844770081,
      "residual_mean_abs": 0.012216736844770081,
      "residual_std": 0.03329433345750842,
      "residual_max_abs": 0.5791586589659907,
      "sample_count": 9536.0
    }
  },
  "scenario_consistency": 0.926427341800361,
  "scenario_subgroup_metrics": {
    "dynamic": {
      "r2": 0.22031456261184057,