actuator_1,actuator_2,actuator_3,actuator_4
0.6243911714551039,0.6223518648519749,0.6302731470906422,0.6286917445012546
