{
  "x_schema": "commands_only",
  "y_schema": "actuator_response",
  "pooling_mode": "pooled",
  "model_name": "ridge_affine",
  "feature_names": [
    "command_roll",
    "command_pitch",
    "command_yaw",
    "command_throttle"
  ],
  "response_names": [
    "actuator_1",
    "actuator_2",
    "actuator_3",
    "actuator_4"
  ],
  "schema_metadata": {
    "x_schema": "commands_only",
    "y_schema": "actuator_response",
    "feature_count": 4,
    "response_count": 4,
    "strict_raw_linear": true,
    "requested_feature_columns": [
      "command_roll",
      "command_pitch",
      "command_yaw",
      "command_throttle"
    ],
    "requested_response_columns": [
      "actuator_1",
      "actuator_2",
      "actuator_3",
      "actuator_4"
    ],
    "dropped_unavailable_features": [],
    "dropped_unavailable_responses": [],
    "partial_feature_columns": {},
    "partial_response_columns": {},
    "dropped_response_leakage_features": [],
    "dropped_zero_variance_features": []
  },
  "repeat_metrics": [
    {
      "repeat_index": 1,
      "train": {
        "r2": 0.001594438960952571,
        "mse": 0.12431860186883681,
        "mae": 0.344202477541536,
        "residual_mean_abs": 0.344202477541536,
        "residual_std": 0.35258843127481765,
        "residual_max_abs": 0.648809499354042
      },
      "val": {
        "r2": -0.001720243312262948,
        "mse": 0.1216604696229156,
        "mae": 0.3419970754369599,
        "residual_mean_abs": 0.3419970754369599,
        "residual_std": 0.3481667540791505,
        "residual_max_abs": 0.45727219949200504
      },
      "test": {
        "r2": 0.0013272936723852657,
        "mse": 0.1263835578018123,
        "mae": 0.3455915274154056,
        "residual_mean_abs": 0.3455915274154056,
        "residual_std": 0.3554545767763754,
        "residual_max_abs": 0.6428072299919909
      },
      "condition_number": 344943.65618681366,
      "raw_condition_number": 344943.65618681366,
      "raw_singular_values": [
        66.00330973969781,
        38.04685405142574,
        0.0003979922766399125,
        0.0001913451908909782
      ],
      "effective_condition_number": 344943.65618681366,
      "singular_values": [
        66.00330973969781,
        38.04685405142574,
        0.0003979922766399125,
        0.0001913451908909782
      ],
      "effective_singular_values": [
        66.00330973969781,
        38.04685405142574,
        0.0003979922766399125,
        0.0001913451908909782
      ],
      "conditioning_pruned_features": [],
      "conditioning_baseline_drops": [],
      "conditioning_extra_pruned_features": []
    },
    {
      "repeat_index": 2,
      "train": {
        "r2": 0.0014894262167969297,
        "mse": 0.12438980051637138,
        "mae": 0.344467775677128,
        "residual_mean_abs": 0.344467775677128,
        "residual_std": 0.35268938248318643,
        "residual_max_abs": 0.6423677302208889
      },
      "val": {
        "r2": -0.0017577304600213672,
        "mse": 0.12166502249486917,
        "mae": 0.34203916849523147,
        "residual_mean_abs": 0.34203916849523147,
        "residual_std": 0.3481682143682132,
        "residual_max_abs": 0.4571141680612362
      },
      "test": {
        "r2": 0.0018340817697901635,
        "mse": 0.12614203227158574,
        "mae": 0.3446708342772602,
        "residual_mean_abs": 0.3446708342772602,
        "residual_std": 0.35512983836299644,
        "residual_max_abs": 0.6472166878398278
      },
      "condition_number": 339942.8438358446,
      "raw_condition_number": 339942.8438358446,
      "raw_singular_values": [
        66.18631079023771,
        38.14934159054138,
        0.0003852014535452186,
        0.00019469835000320964
      ],
      "effective_condition_number": 339942.8438358446,
      "singular_values": [
        66.18631079023771,
        38.14934159054138,
        0.0003852014535452186,
        0.00019469835000320964
      ],
      "effective_singular_values": [
        66.18631079023771,
        38.14934159054138,
        0.0003852014535452186,
        0.00019469835000320964
      ],
      "conditioning_pruned_features": [],
      "conditioning_baseline_drops": [],
      "conditioning_extra_pruned_features": []
    }
  ],
  "split_records": [
    {
      "repeat_index": 1,
      "train_count": 1451,
      "val_count": 373,
      "test_count": 370
    },
    {
      "repeat_index": 2,
      "train_count": 1459,
      "val_count": 373,
      "test_count": 362
    }
  ],
  "median_test_r2": 0.0015806877210877146,
  "median_test_mse": 0.12626279503669902,
  "median_test_mae": 0.3451311808463329,
  "coefficient_stability": 1.0,
  "nonzero_count": 0,
  "sparsity_ratio": 1.0,
  "block_sparsity_summary": {
    "feature_blocks": {
      "commands": 4,
      "state": 0,
      "history": 0,
      "controller_params": 0
    }
  },
  "raw_condition_number": 342443.25001132913,
  "effective_condition_number": 342443.25001132913,
  "condition_number": 342443.25001132913,
  "raw_singular_values": [
    66.00330973969781,
    38.04685405142574,
    0.0003979922766399125,
    0.0001913451908909782
  ],
  "singular_values": [
    66.00330973969781,
    38.04685405142574,
    0.0003979922766399125,
    0.0001913451908909782
  ],
  "effective_singular_values": [
    66.00330973969781,
    38.04685405142574,
    0.0003979922766399125,
    0.0001913451908909782
  ],
  "conditioning_pruned_features": [],
  "conditioning_baseline_drops": [],
  "conditioning_extra_pruned_features": [],
  "selection_frequency": [
    [
      0.0,
      0.0,
      0.0,
      0.0
    ],
    [
      0.0,
      0.0,
      0.0,
      0.0
    ],
    [
      0.0,
      0.0,
      0.0,
      0.0
    ],
    [
      0.0,
      0.0,
      0.0,
      0.0
    ]
  ],
  "backend_consistency": {
    "px4": {
      "r2": 0.001953305293194263,
      "mse": 0.12421502052074791,
      "mae": 0.34407509247139334,
      "residual_mean_abs": 0.34407509247139334,
      "residual_std": 0.3524314707516861,
      "residual_max_abs": 0.6480130935969348
    }
  },
  "mode_consistency": {
    "OFFBOARD_ATTITUDE": {
      "r2": 0.002053680989444806,
      "mse": 0.12593299391452015,
      "mae": 0.3451779277083099,
      "residual_mean_abs": 0.3451779277083099,
      "residual_std": 0.35485166675246527,
      "residual_max_abs": 0.6480130935969348
    },
    "POSCTL": {
      "r2": 0.0014825513013434488,
      "mse": 0.12247180601191565,
      "mae": 0.3429560539619417,
      "residual_mean_abs": 0.3429560539619417,
      "residual_std": 0.3499557766404586,
      "residual_max_abs": 0.4788980959622896
    }
  },
  "top_influential": {
    "actuator_1": [
      {
        "feature": "command_yaw",
        "weight": 0.24976305197524082,
        "selection_frequency": 0.0
      },
      {
        "feature": "command_pitch",
        "weight": 0.12470681034454109,
        "selection_frequency": 0.0
      },
      {
        "feature": "command_roll",
        "weight": 0.10090919957601652,
        "selection_frequency": 0.0
      },
      {
        "feature": "command_throttle",
        "weight": 0.003603107287952229,
        "selection_frequency": 0.0
      }
    ],
    "actuator_2": [
      {
        "feature": "command_yaw",
        "weight": 0.25261420585196304,
        "selection_frequency": 0.0
      },
      {
        "feature": "command_pitch",
        "weight": 0.12614364947251722,
        "selection_frequency": 0.0
      },
      {
        "feature": "command_roll",
        "weight": 0.10210001585089303,
        "selection_frequency": 0.0
      },
      {
        "feature": "command_throttle",
        "weight": -0.0008947904087406474,
        "selection_frequency": 0.0
      }
    ],
    "actuator_3": [
      {
        "feature": "command_yaw",
        "weight": 0.31382020287358153,
        "selection_frequency": 0.0
      },
      {
        "feature": "command_pitch",
        "weight": 0.1542809846936407,