actuator_1,actuator_2,actuator_3,actuator_4
-42.83416014377153,-42.55912546672597,-42.57269617510272,-42.88235307407102
