future_state_roll,future_state_pitch,future_state_yaw,future_state_roll_rate,future_state_pitch_rate,future_state_yaw_rate
2.3377133562263452e-14,7.681355551625302e-15,1.3358203432289883e-12,-1.8043899707720357e-13,-2.0348653317903143e-13,1.5876189252139739e-13
