actuator_1,actuator_2,actuator_3,actuator_4
-5.210729380603883,-5.197154458002426,-5.318026507074921,-5.312739993070819
