feature,actuator_1,actuator_2,actuator_3,actuator_4
command_roll,0.7895268997401325,0.7858470196214319,1.010053453675511,1.0003002199903595
command_pitch,1.1848653251858576,1.1849702599458252,1.1098556871473109,1.099903659679641
command_yaw,0.9619468572144252,0.9649591257887508,0.0027817746653342468,0.004430053911681053
command_throttle,-2.688283065613298,-2.6842454101447206,-2.8410386539070105,-2.8646944547674824
