actuator_1,actuator_2,actuator_3,actuator_4
-5.209708297217994,-5.196135745259304,-5.316999205900761,-5.311713483171879
