actuator_1,actuator_2,actuator_3,actuator_4
0.927408439501164,1.7090459410870658,0.29917889768655115,-0.7818769962166444
