actuator_1,actuator_2,actuator_3,actuator_4
4.113835846803951,4.7694797871394465,-5.549759358528712,6.574796293614015
