actuator_1,actuator_2,actuator_3,actuator_4
2.89697002537309,2.897941798690022,2.885946705361066,2.8876565196812853
