actuator_1,actuator_2,actuator_3,actuator_4
0.6727365180265159,0.6522842319591182,0.6832524674265621,0.6616979268360244
