actuator_1,actuator_2,actuator_3,actuator_4
0.29377412940913394,0.2937011808705279,0.29353960083807956,0.29374512008635606
