feature,future_state_roll,future_state_pitch,future_state_yaw,future_state_roll_rate,future_state_pitch_rate,future_state_yaw_rate,future_state_position_x,future_state_position_y,future_state_position_z,future_state_velocity_x,future_state_velocity_y,future_state_velocity_z,future_state_altitude,future_state_vertical_speed,future_state_heading
command_roll,0.00013039714447415105,-0.0014175317457767354,0.0065390717139392615,-0.016236508287525025,0.020695671496516094,-0.01663117347989955,1210486.316940183,-5105934.263732374,3.7733555765697737,-0.783500074214329,-0.019541454815070476,0.7512488461642156,-3.7733555765697737,-0.7512488461642156,0.0065390717139392615
command_pitch,-0.0017212918871971636,-0.0009322423096973936,0.00394653162047903,0.001882667254197669,0.000998620424988409,-0.0056252981655423254,4864394.844022202,-20518428.589511603,4.6850314949725345,-0.08441539253354113,-0.9834885985048695,2.1539698246359915,-4.6850314949725345,-2.1539698246359915,0.00394653162047903
command_yaw,-0.0018862207580026065,-0.005033343781845284,0.020258229787892365,-0.03949866508372828,0.0499661137478735,-0.04719759211882751,10933572.731331619,-46118740.99609931,13.928610059390543,-1.3983528284098872,3.590287986986706,4.745138710925958,-13.928610059390543,-4.745138710925958,0.020258229787892365
command_throttle,0.07546598866718555,0.0658637302881697,-0.2775568464200594,0.6605533508065606,-0.7751072969293421,0.6916820853008167,-191552.73539346736,807985.1628215257,4.0884526185800665,-0.9067359333449327,0.49508133490407985,0.7807082697023187,-4.0884526185800665,-0.7807082697023187,-0.2775568464200594
