feature,delta_state_roll,delta_state_pitch,delta_state_yaw,delta_state_roll_rate,delta_state_pitch_rate,delta_state_yaw_rate,delta_state_position_x,delta_state_position_y,delta_state_position_z,delta_state_velocity_x,delta_state_velocity_y,delta_state_velocity_z,delta_state_altitude,delta_state_vertical_speed,delta_state_heading
command_roll,0.0,0.0,0.0,0.0,0.0,0.0,-93459.68233415007,394220.5357150667,0.05924007696446784,-0.008077307899504182,0.2943338515130163,0.09437588443931552,-0.05924007696446784,-0.09437588443931552,0.0
command_pitch,0.0,0.0,0.0,0.0,0.0,0.0,-337394.7640832454,1423159.8182428929,0.23500000838518564,-0.24913874392026927,-0.011280074788056354,-0.11003928621992466,-0.23500000838518564,0.11003928621992466,0.0
command_yaw,0.0,0.0,0.0,0.0,0.0,0.0,-851708.497871368,3592578.4261637665,0.4907108963744135,0.06739897677430838,0.06986866229263936,-0.18214761168492266,-0.4907108963744135,0.18214761168492266,0.0
command_throttle,0.0,0.0,0.0,0.0,0.0,0.0,47538.65436812186,-200522.16108856222,0.0741267541938807,-0.0009201196015924973,0.004722705831484914,0.054737610555135416,-0.0741267541938807,-0.054737610555135416,0.0
