feature,window_mean_roll,window_mean_pitch,window_mean_yaw,window_mean_roll_rate,window_mean_pitch_rate,window_mean_yaw_rate,window_peak_roll,window_peak_pitch,window_peak_yaw,window_peak_roll_rate,window_peak_pitch_rate,window_peak_yaw_rate
command_roll,8.625951843503835e-05,-0.0002024948562398183,0.0013183709461829225,-0.005913014537155229,0.0011006175358551599,-0.0010403488425159099,8.625951843503835e-05,-0.0002024948562398183,0.0013183709461829225,0.00593597303035838,-0.0010509816127186964,-0.0010403488425159099
command_pitch,-0.00012219644543847252,0.001001679771613401,0.005372341344966319,0.02552513568144506,-0.004949886922464092,0.007314899499632838,-0.00012219644543847252,0.001001679771613401,0.005372341344966319,-0.02517409249227652,0.005647927117883936,0.007314899499632838
command_yaw,3.110502286783834e-05,0.0008769132027082067,0.012908944472022791,0.021411073357233832,-0.006149573972497579,0.007502292317594056,3.110502286783834e-05,0.0008769132027082067,0.012908944472022791,-0.021124204605221616,0.006787755406277867,0.007502292317594056
command_throttle,-0.06558356572822296,0.005595941161667343,-3.12852683485485,0.4438058400060311,0.07130705644266506,-0.9944959866163119,-0.06558356572822296,0.005595941161667343,-3.12852683485485,-0.4243196957739037,-0.0606357754186512,-0.9944959866163119
