actuator_1,actuator_2,actuator_3,actuator_4
4.203049172476788,2.3645788016413265,0.30083992570484663,-1.4675760127687423
