feature,window_mean_roll,window_mean_pitch,window_mean_yaw,window_mean_roll_rate,window_mean_pitch_rate,window_mean_yaw_rate,window_peak_roll,window_peak_pitch,window_peak_yaw,window_peak_roll_rate,window_peak_pitch_rate,window_peak_yaw_rate
command_roll,7.876132625153291e-05,-0.002990850840622574,-0.009376407391746272,-0.01803099881683754,-0.031058310969911865,-0.011195558611940253,7.876132625153291e-05,-0.002990850840622574,-0.009376407391746272,0.017275576103004148,0.029647387066102704,-0.011195558611940253
command_pitch,0.0001553319780145437,-0.0037863644822496868,0.0004790909818296004,0.010867167190111665,-0.01469239490202396,-0.036941597684639386,0.0001553319780145437,-0.0037863644822496868,0.0004790909818296004,-0.01197995500928967,0.01264416374178316,-0.036941597684639386
command_yaw,0.0023420592273141346,-0.001577366390172042,0.025107335229105392,0.07488631253534876,0.007479441309397365,-0.0031544586763589634,0.0023420592273141346,-0.001577366390172042,0.025107335229105392,-0.07725442582333619,-0.011911480111795181,-0.0031544586763589634
command_throttle,-0.06497659731552907,0.006145259904571909,-3.1588814790300273,0.4823489448430158,0.10656168910474456,-1.0153593861173582,-0.06497659731552907,0.006145259904571909,-3.1588814790300273,-0.46372477694828396,-0.0976562442224815,-1.0153593861173582
