actuator_1,actuator_2,actuator_3,actuator_4
0.2850346239885406,0.2850533376303198,0.28516688402764956,0.28508377266742835
