{
  "x_schema": "commands_only",
  "y_schema": "actuator_response",
  "pooling_mode": "pooled",
  "model_name": "ridge_affine",
  "feature_names": [
    "command_roll",
    "command_pitch",
    "command_yaw",
    "command_throttle"
  ],
  "response_names": [
    "actuator_1",
    "actuator_2",
    "actuator_3",
    "actuator_4"
  ],
  "schema_metadata": {
    "x_schema": "commands_only",
    "y_schema": "actuator_response",
    "feature_count": 4,
    "response_count": 4,
    "strict_raw_linear": true,
    "requested_feature_columns": [
      "command_roll",
      "command_pitch",
      "command_yaw",
      "command_throttle"
    ],
    "requested_response_columns": [
      "actuator_1",
      "actuator_2",
      "actuator_3",
      "actuator_4"
    ],
    "dropped_unavailable_features": [],
    "dropped_unavailable_responses": [],
    "partial_feature_columns": {},
    "partial_response_columns": {},
    "dropped_response_leakage_features": [],
    "dropped_zero_variance_features": []
  },
  "repeat_metrics": [
    {
      "repeat_index": 1,
      "train": {
        "r2": 0.9986669441343067,
        "mse": 0.00011364728095896202,
        "mae": 0.006050635439430067,
        "residual_mean_abs": 0.006050635439430067,
        "residual_std": 0.010660547873301918,
        "residual_max_abs": 0.06773645842699894
      },
      "val": {
        "r2": 0.9998464189301942,
        "mse": 1.1793621195464842e-05,
        "mae": 0.0034154321061705623,
        "residual_mean_abs": 0.0034154321061705623,
        "residual_std": 0.0031713351925613314,
        "residual_max_abs": 0.0039916415853654685
      },
      "test": {
        "r2": 0.9974969827173774,
        "mse": 0.0002158711230614266,
        "mae": 0.007787719296682569,
        "residual_mean_abs": 0.007787719296682569,
        "residual_std": 0.014683183092018565,
        "residual_max_abs": 0.09276505957030656
      },
      "condition_number": 1.0250622538026584,
      "raw_condition_number": 1.0250622538026584,
      "raw_singular_values": [
        75.1963484584148,
        74.32145759669898,
        74.13810121527486,
        73.35783576017946
      ],
      "effective_condition_number": 1.0250622538026584,
      "singular_values": [
        75.1963484584148,
        74.32145759669898,
        74.13810121527486,
        73.35783576017946
      ],
      "effective_singular_values": [
        75.1963484584148,
        74.32145759669898,
        74.13810121527486,
        73.35783576017946
      ],
      "conditioning_pruned_features": [],
      "conditioning_baseline_drops": [],
      "conditioning_extra_pruned_features": []
    },
    {
      "repeat_index": 2,
      "train": {
        "r2": 0.9985507818009781,
        "mse": 0.0001248458483360809,
        "mae": 0.006248733179974626,
        "residual_mean_abs": 0.006248733179974626,
        "residual_std": 0.011173443888796366,
        "residual_max_abs": 0.0922733732122818
      },
      "val": {
        "r2": 0.9989066565227206,
        "mse": 9.305322895630931e-05,
        "mae": 0.004437965514898096,
        "residual_mean_abs": 0.004437965514898096,
        "residual_std": 0.009644298766379178,
        "residual_max_abs": 0.0681547283879137
      },
      "test": {
        "r2": 0.9987288058889698,
        "mse": 0.00010961244879589637,
        "mae": 0.006249313782505471,
        "residual_mean_abs": 0.006249313782505471,
        "residual_std": 0.010469544038516706,
        "residual_max_abs": 0.06626858551550974
      },
      "condition_number": 1.047667320303588,
      "raw_condition_number": 1.047667320303588,
      "raw_singular_values": [
        75.91474275312223,
        74.38373689419261,
        74.30648412532602,
        72.46073374811769
      ],
      "effective_condition_number": 1.047667320303588,
      "singular_values": [
        75.91474275312223,
        74.38373689419261,
        74.30648412532602,
        72.46073374811769
      ],
      "effective_singular_values": [
        75.91474275312223,
        74.38373689419261,
        74.30648412532602,
        72.46073374811769
      ],
      "conditioning_pruned_features": [],
      "conditioning_baseline_drops": [],
      "conditioning_extra_pruned_features": []
    }
  ],
  "split_records": [
    {
      "repeat_index": 1,
      "train_count": 5514,
      "val_count": 1712,
      "test_count": 1905
    },
    {
      "repeat_index": 2,
      "train_count": 5517,
      "val_count": 1712,
      "test_count": 1902
    }
  ],
  "median_test_r2": 0.9981128943031736,
  "median_test_mse": 0.0001627417859286615,
  "median_test_mae": 0.00701851653959402,
  "coefficient_stability": 1.0,
  "nonzero_count": 4,
  "sparsity_ratio": 0.75,
  "block_sparsity_summary": {
    "feature_blocks": {
      "commands": 4,
      "state": 0,
      "history": 0,
      "controller_params": 0
    }
  },
  "raw_condition_number": 1.0363647870531232,
  "effective_condition_number": 1.0363647870531232,
  "condition_number": 1.0363647870531232,
  "raw_singular_values": [
    75.1963484584148,
    74.32145759669898,
    74.13810121527486,
    73.35783576017946
  ],
  "singular_values": [
    75.1963484584148,
    74.32145759669898,
    74.13810121527486,
    73.35783576017946
  ],
  "effective_singular_values": [
    75.1963484584148,
    74.32145759669898,
    74.13810121527486,
    73.35783576017946
  ],
  "conditioning_pruned_features": [],
  "conditioning_baseline_drops": [],
  "conditioning_extra_pruned_features": [],
  "selection_frequency": [
    [
      0.0,
      0.0,
      0.0,
      0.0
    ],
    [
      0.0,
      0.0,
      0.0,
      0.0
    ],
    [
      0.0,
      0.0,
      0.0,
      0.0
    ],
    [
      1.0,
      1.0,
      1.0,
      1.0
    ]
  ],
  "backend_consistency": {
    "ardupilot": {
      "r2": 0.9986578178805596,
      "mse": 0.00011574125117637171,
      "mae": 0.005914154066844408,
      "residual_mean_abs": 0.005914154066844408,
      "residual_std": 0.010757181334188447,
      "residual_max_abs": 0.09251915929654786,
      "sample_count": 9131.0
    }
  },
  "mode_consistency": {
    "GUIDED_NOGPS": {
      "r2": -783.9260444873511,
      "mse": 0.00015734361356183543,
      "mae": 0.006285049899383648,
      "residual_mean_abs": 0.006285049899383648,
      "residual_std": 0.012531270705213657,
      "residual_max_abs": 0.09251915929654786,
      "sample_count": 4576.0
    },
    "STABILIZE": {
      "r2": NaN,
      "mse": 7.394708865696843e-05,
      "mae": 0.005541548286449334,
      "residual_mean_abs": 0.005541548286449334,
      "residual_std": 0.008554859644297873,
      "residual_max_abs": 0.05700869873150527,
      "sample_count": 4555.0
    }
  },
  "scenario_consistency": 0.9930442922863261,
  "scenario_subgroup_metrics": {
    "dynamic": {
      "r2": 0.9998726765292029,
      "mse": 1.0983485852152858e-05,
      "mae": 0.003294606932177384,
      "residual_mean_abs": 0.003294606932177384,
      "residual_std": 0.0033137715120176666,
      "residual_max_abs": 0.004133134504069269,
      "sample_count": 3425.0
    },
    "nominal": {
      "r2": 0.9991798810139897,
      "mse": 7.069563032978775e-05,
      "mae": 0.004483560272008822,
      "residual_mean_abs": 0.004483560272008822,
      "residual_std": 0.008404869738155343,
      "residual_max_abs": 0.06794559340745632,
      "sample_count": 4566.0
    },
    "throttle_biased": {
      "r2": 0.9929178544403768,
      "mse": 0.0006108935766333471,
      "mae": 0.01951418933303199,
      "residual_mean_abs": 0.01951418933303199,
      "residual_std": 0.024715660671927594,
      "residual_max_abs": 0.09251915929654786,
      "sample_count": 1140.0
    }
  },
  "top_influential": {
    "actuator_1": [
      {
        "feature": "command_throttle",
        "weight": -0.4333699677851909,
        "selection_frequency": 1.0
      },
      {
        "feature": "command_yaw",
        "weight": -0.001111495458476496,
        "selection_frequency": 0.0
      },
      {
        "feature": "command_roll",