feature,roll__h1,pitch__h1,yaw__h1,roll_rate__h1,pitch_rate__h1,yaw_rate__h1,roll__h2,pitch__h2,yaw__h2,roll_rate__h2,pitch_rate__h2,yaw_rate__h2
command_roll,-1327.9975280817262,736.8961493290985,-276.14182217220747,-4516.637866098712,-8275.217676283202,1472.7579669086567,-1912.1653918416623,899.5706160286752,-311.0021806390174,-4947.738242312554,-7543.698371585756,1751.0690782316576
command_pitch,1259.5489689285548,-348.1777407904607,360.0201701608034,1138.1088643250796,2903.821116397632,-739.7856944587777,2078.61534801976,-645.2060703929803,391.99752087574996,697.2229930209913,3441.5860027192684,-973.8020717890114
command_yaw,800.8765015746139,-1145.919971830111,-29.66267331187419,9015.455370685195,14880.313601718757,-2202.288495096116,623.1567696506526,-958.5481878329082,-6.469099530370134,10974.973642117033,11975.964414818636,-2430.0327117643046
command_throttle,0.021116851561815683,0.0030491502651679553,-0.008129595476061858,0.0006293394344752252,-0.00027644871784890195,0.0016591950480352204,0.02106408261517823,0.003128626696722158,-0.007951661044503644,0.0007139266788167637,-0.00022548745406580152,0.0016808187770707725
