{
  "x_schema": "commands_only",
  "y_schema": "future_state_horizon",
  "pooling_mode": "pooled",
  "model_name": "ols_affine",
  "feature_names": [
    "command_roll",
    "command_pitch",
    "command_yaw",
    "command_throttle"
  ],
  "response_names": [
    "roll__h1",
    "pitch__h1",
    "yaw__h1",
    "roll_rate__h1",
    "pitch_rate__h1",
    "yaw_rate__h1",
    "roll__h2",
    "pitch__h2",
    "yaw__h2",
    "roll_rate__h2",
    "pitch_rate__h2",
    "yaw_rate__h2"
  ],
  "schema_metadata": {
    "x_schema": "commands_only",
    "y_schema": "future_state_horizon",
    "feature_count": 4,
    "response_count": 12,
    "strict_raw_linear": true,
    "requested_feature_columns": [
      "command_roll",
      "command_pitch",
      "command_yaw",
      "command_throttle"
    ],
    "requested_response_columns": [
      "roll__h1",
      "pitch__h1",
      "yaw__h1",
      "roll_rate__h1",
      "pitch_rate__h1",
      "yaw_rate__h1",
      "roll__h2",
      "pitch__h2",
      "yaw__h2",
      "roll_rate__h2",
      "pitch_rate__h2",
      "yaw_rate__h2"
    ],
    "dropped_unavailable_features": [],
    "dropped_unavailable_responses": [],
    "partial_feature_columns": {},
    "partial_response_columns": {
      "roll__h1": 0.9966887417218543,
      "pitch__h1": 0.9966887417218543,
      "yaw__h1": 0.9966887417218543,
      "roll_rate__h1": 0.9966887417218543,
      "pitch_rate__h1": 0.9966887417218543,
      "yaw_rate__h1": 0.9966887417218543,
      "roll__h2": 0.9933774834437086,
      "pitch__h2": 0.9933774834437086,
      "yaw__h2": 0.9933774834437086,
      "roll_rate__h2": 0.9933774834437086,
      "pitch_rate__h2": 0.9933774834437086,
      "yaw_rate__h2": 0.9933774834437086
    },
    "dropped_response_leakage_features": [],
    "dropped_zero_variance_features": []
  },
  "repeat_metrics": [
    {
      "repeat_index": 1,
      "train": {
        "r2": 0.0346762772543705,
        "mse": 0.00010621576203702865,
        "mae": 0.004677066494427659,
        "residual_mean_abs": 0.004677066494427659,
        "residual_std": 0.010306103145080039,
        "residual_max_abs": 0.11449018609302092
      },
      "val": {
        "r2": -0.13165242154415258,
        "mse": 9.21481042411748e-06,
        "mae": 0.001556311167883531,
        "residual_mean_abs": 0.001556311167883531,
        "residual_std": 0.003035588701324685,
        "residual_max_abs": 0.013867093105781603
      },
      "test": {
        "r2": -0.07980585789102612,
        "mse": 7.124712593942038e-05,
        "mae": 0.0037444202216624016,
        "residual_mean_abs": 0.0037444202216624016,
        "residual_std": 0.008428314212459747,
        "residual_max_abs": 0.07960213952428294
      },
      "condition_number": 446498.17889490817,
      "raw_condition_number": 446498.17889490817,
      "raw_singular_values": [
        33.10224770757694,
        18.553738078241864,
        0.00015721812683400444,
        7.41374752961046e-05
      ],
      "effective_condition_number": 446498.17889490817,
      "singular_values": [
        33.10224770757694,
        18.553738078241864,
        0.00015721812683400444,
        7.41374752961046e-05
      ],
      "effective_singular_values": [
        33.10224770757694,
        18.553738078241864,
        0.00015721812683400444,
        7.41374752961046e-05
      ],
      "conditioning_pruned_features": [],
      "conditioning_baseline_drops": [],
      "conditioning_extra_pruned_features": []
    },
    {
      "repeat_index": 2,
      "train": {
        "r2": 0.0346762772543705,
        "mse": 0.00010621576203702865,
        "mae": 0.004677066494427659,
        "residual_mean_abs": 0.004677066494427659,
        "residual_std": 0.010306103145080039,
        "residual_max_abs": 0.11449018609302092
      },
      "val": {
        "r2": -0.13165242154415258,
        "mse": 9.21481042411748e-06,
        "mae": 0.001556311167883531,
        "residual_mean_abs": 0.001556311167883531,
        "residual_std": 0.003035588701324685,
        "residual_max_abs": 0.013867093105781603
      },
      "test": {
        "r2": -0.07980585789102612,
        "mse": 7.124712593942038e-05,
        "mae": 0.0037444202216624016,
        "residual_mean_abs": 0.0037444202216624016,
        "residual_std": 0.008428314212459747,
        "residual_max_abs": 0.07960213952428294
      },
      "condition_number": 446498.17889490817,
      "raw_condition_number": 446498.17889490817,
      "raw_singular_values": [
        33.10224770757694,
        18.553738078241864,
        0.00015721812683400444,
        7.41374752961046e-05
      ],
      "effective_condition_number": 446498.17889490817,
      "singular_values": [
        33.10224770757694,
        18.553738078241864,
        0.00015721812683400444,
        7.41374752961046e-05
      ],
      "effective_singular_values": [
        33.10224770757694,
        18.553738078241864,
        0.00015721812683400444,
        7.41374752961046e-05
      ],
      "conditioning_pruned_features": [],
      "conditioning_baseline_drops": [],
      "conditioning_extra_pruned_features": []
    }
  ],
  "split_records": [
    {
      "repeat_index": 1,
      "train_count": 360,
      "val_count": 120,
      "test_count": 120
    },
    {
      "repeat_index": 2,
      "train_count": 360,
      "val_count": 120,
      "test_count": 120
    }
  ],
  "median_test_r2": -0.07980585789102612,
  "median_test_mse": 7.124712593942038e-05,
  "median_test_mae": 0.0037444202216624016,
  "coefficient_stability": 1.0,
  "nonzero_count": 36,
  "sparsity_ratio": 0.25,
  "block_sparsity_summary": {
    "feature_blocks": {
      "commands": 4,
      "state": 0,
      "history": 0,
      "controller_params": 0
    }
  },
  "raw_condition_number": 446498.17889490817,
  "effective_condition_number": 446498.17889490817,
  "condition_number": 446498.17889490817,
  "raw_singular_values": [
    33.10224770757694,
    18.553738078241864,
    0.00015721812683400444,
    7.41374752961046e-05
  ],
  "singular_values": [
    33.10224770757694,
    18.553738078241864,
    0.00015721812683400444,
    7.41374752961046e-05
  ],
  "effective_singular_values": [
    33.10224770757694,
    18.553738078241864,
    0.00015721812683400444,
    7.41374752961046e-05
  ],
  "conditioning_pruned_features": [],
  "conditioning_baseline_drops": [],
  "conditioning_extra_pruned_features": [],
  "selection_frequency": [
    [
      1.0,
      1.0,
      1.0,
      1.0,
      1.0,
      1.0,
      1.0,
      1.0,
      1.0,
      1.0,
      1.0,
      1.0
    ],
    [
      1.0,
      1.0,
      1.0,
      1.0,
      1.0,
      1.0,
      1.0,
      1.0,
      1.0,
      1.0,
      1.0,
      1.0
    ],
    [
      1.0,
      1.0,
      1.0,
      1.0,
      1.0,
      1.0,
      1.0,
      1.0,
      1.0,
      1.0,
      1.0,
      1.0
    ],
    [
      0.0,
      0.0,
      0.0,
      0.0,
      0.0,
      0.0,
      0.0,
      0.0,
      0.0,
      0.0,
      0.0,
      0.0
    ]
  ],
  "backend_consistency": {
    "px4": {
      "r2": 0.10452228267425256,
      "mse": 7.982184449492478e-05,
      "mae": 0.003866386174565782,
      "residual_mean_abs": 0.003866386174565782,
      "residual_std": 0.008933842599267104,
      "residual_max_abs": 0.11449018609302092
    }
  },
  "mode_consistency": {
    "OFFBOARD_ATTITUDE": {
      "r2": -0.04519631262366541,
      "mse": 3.877776385284042e-05,
      "mae": 0.0025590364494570716,
      "residual_mean_abs": 0.0025590364494570716,
      "residual_std": 0.0062233082696110525,
      "residual_max_abs": 0.07960213952428294
    },
    "POSCTL": {
      "r2": 0.02572019079083898,
      "mse": 0.00010893858546324102,
      "mae": 0.0047938223043437565,
      "residual_mean_abs": 0.0047938223043437565,
      "residual_std": 0.010437364871615873,
      "residual_max_abs": 0.11449018609302092
    }
  },
  "top_influential": {
    "roll__h1": [
      {
        "feature": "command_roll",
        "weight": -1327.9975280817262,