actuator_1,actuator_2,actuator_3,actuator_4
4.391767938606051,-62.2742349970217,34.624550491741715,9.19998621111781
