future_state_roll,future_state_pitch,future_state_yaw,future_state_roll_rate,future_state_pitch_rate,future_state_yaw_rate,future_state_position_x,future_state_position_y,future_state_position_z,future_state_velocity_x,future_state_velocity_y,future_state_velocity_z,future_state_altitude,future_state_vertical_speed,future_state_heading
-0.05228787682659094,-0.01007145254325954,2.1142685140003,-0.609807560345162,-0.34349142605302996,0.3413264571415215,-0.1144285875751209,0.29941733034843865,0.20824297188426266,-0.08781488820408109,0.1332835679569499,0.036492007797502335,-0.20824297188426266,-0.036492007797502335,2.068075883587392
