actuator_1,actuator_2,actuator_3,actuator_4
0.31112492541621256,0.31128758145300855,0.30967809312476224,0.3120889650005138
