{
  "x_schema": "commands_only",
  "y_schema": "actuator_response",
  "pooling_mode": "pooled",
  "model_name": "ridge_affine",
  "feature_names": [
    "command_roll",
    "command_pitch",
    "command_yaw",
    "command_throttle"
  ],
  "response_names": [
    "actuator_1",
    "actuator_2",
    "actuator_3",
    "actuator_4"
  ],
  "schema_metadata": {
    "x_schema": "commands_only",
    "y_schema": "actuator_response",
    "feature_count": 4,
    "response_count": 4,
    "strict_raw_linear": true,
    "requested_feature_columns": [
      "command_roll",
      "command_pitch",
      "command_yaw",
      "command_throttle"
    ],
    "requested_response_columns": [
      "actuator_1",
      "actuator_2",
      "actuator_3",
      "actuator_4"
    ],
    "dropped_unavailable_features": [],
    "dropped_unavailable_responses": [],
    "partial_feature_columns": {},
    "partial_response_columns": {},
    "dropped_response_leakage_features": [],
    "dropped_zero_variance_features": []
  },
  "repeat_metrics": [
    {
      "repeat_index": 1,
      "train": {
        "r2": 0.02110805837011387,
        "mse": 0.11703474103216385,
        "mae": 0.32796183012961966,
        "residual_mean_abs": 0.32796183012961966,
        "residual_std": 0.3421034069286125,
        "residual_max_abs": 0.49316585098158106
      },
      "val": {
        "r2": -7.270755071527088,
        "mse": 3.2662847857616276e-06,
        "mae": 0.0016591679411400038,
        "residual_mean_abs": 0.0016591679411400038,
        "residual_std": 0.0017331105422023515,
        "residual_max_abs": 0.002509253636237052
      },
      "test": {
        "r2": -0.7477661724866651,
        "mse": 0.17297079101229954,
        "mae": 0.2725640004512904,
        "residual_mean_abs": 0.2725640004512904,
        "residual_std": 0.3146037986388465,
        "residual_max_abs": 0.7925189271365798
      },
      "condition_number": 446496.47878049844,
      "raw_condition_number": 446496.47878049844,
      "raw_singular_values": [
        33.19395575136449,
        18.605410544948327,
        0.00015765364827675363,
        7.434315236264815e-05
      ],
      "effective_condition_number": 446496.47878049844,
      "singular_values": [
        33.19395575136449,
        18.605410544948327,
        0.00015765364827675363,
        7.434315236264815e-05
      ],
      "effective_singular_values": [
        33.19395575136449,
        18.605410544948327,
        0.00015765364827675363,
        7.434315236264815e-05
      ],
      "conditioning_pruned_features": [],
      "conditioning_baseline_drops": [],
      "conditioning_extra_pruned_features": []
    },
    {
      "repeat_index": 2,
      "train": {
        "r2": 0.02110805837011387,
        "mse": 0.11703474103216385,
        "mae": 0.32796183012961966,
        "residual_mean_abs": 0.32796183012961966,
        "residual_std": 0.3421034069286125,
        "residual_max_abs": 0.49316585098158106
      },
      "val": {
        "r2": -7.270755071527088,
        "mse": 3.2662847857616276e-06,
        "mae": 0.0016591679411400038,
        "residual_mean_abs": 0.0016591679411400038,
        "residual_std": 0.0017331105422023515,
        "residual_max_abs": 0.002509253636237052
      },
      "test": {
        "r2": -0.7477661724866651,
        "mse": 0.17297079101229954,
        "mae": 0.2725640004512904,
        "residual_mean_abs": 0.2725640004512904,
        "residual_std": 0.3146037986388465,
        "residual_max_abs": 0.7925189271365798
      },
      "condition_number": 446496.47878049844,
      "raw_condition_number": 446496.47878049844,
      "raw_singular_values": [
        33.19395575136449,
        18.605410544948327,
        0.00015765364827675363,
        7.434315236264815e-05
      ],
      "effective_condition_number": 446496.47878049844,
      "singular_values": [
        33.19395575136449,
        18.605410544948327,
        0.00015765364827675363,
        7.434315236264815e-05
      ],
      "effective_singular_values": [
        33.19395575136449,
        18.605410544948327,
        0.00015765364827675363,
        7.434315236264815e-05
      ],
      "conditioning_pruned_features": [],
      "conditioning_baseline_drops": [],
      "conditioning_extra_pruned_features": []
    }
  ],
  "split_records": [
    {
      "repeat_index": 1,
      "train_count": 362,
      "val_count": 121,
      "test_count": 121
    },
    {
      "repeat_index": 2,
      "train_count": 362,
      "val_count": 121,
      "test_count": 121
    }
  ],
  "median_test_r2": -0.7477661724866651,
  "median_test_mse": 0.17297079101229954,
  "median_test_mae": 0.2725640004512904,
  "coefficient_stability": 1.0,
  "nonzero_count": 0,
  "sparsity_ratio": 1.0,
  "block_sparsity_summary": {
    "feature_blocks": {
      "commands": 4,
      "state": 0,
      "history": 0,
      "controller_params": 0
    }
  },
  "raw_condition_number": 446496.47878049844,
  "effective_condition_number": 446496.47878049844,
  "condition_number": 446496.47878049844,
  "raw_singular_values": [
    33.19395575136449,
    18.605410544948327,
    0.00015765364827675363,
    7.434315236264815e-05
  ],
  "singular_values": [
    33.19395575136449,
    18.605410544948327,
    0.00015765364827675363,
    7.434315236264815e-05
  ],
  "effective_singular_values": [
    33.19395575136449,
    18.605410544948327,
    0.00015765364827675363,
    7.434315236264815e-05
  ],
  "conditioning_pruned_features": [],
  "conditioning_baseline_drops": [],
  "conditioning_extra_pruned_features": [],
  "selection_frequency": [
    [
      0.0,
      0.0,
      0.0,
      0.0
    ],
    [
      0.0,
      0.0,
      0.0,
      0.0
    ],
    [
      0.0,
      0.0,
      0.0,
      0.0
    ],
    [
      0.3333333333333333,
      0.3333333333333333,
      0.3333333333333333,
      0.3333333333333333
    ]
  ],
  "backend_consistency": {
    "px4": {
      "r2": 0.007509334021853942,
      "mse": 0.10479542580561364,
      "mae": 0.2514953408649112,
      "residual_mean_abs": 0.2514953408649112,
      "residual_std": 0.31911907762118663,
      "residual_max_abs": 0.7925189271365798
    }
  },
  "mode_consistency": {
    "OFFBOARD_ATTITUDE": {
      "r2": -0.2585140386924969,
      "mse": 0.08338590973015379,
      "mae": 0.13221360754079584,
      "residual_mean_abs": 0.13221360754079584,
      "residual_std": 0.2574091355280835,
      "residual_max_abs": 0.7925189271365798
    },
    "POSCTL": {
      "r2": 0.0015795089826722286,
      "mse": 0.12001862278844773,
      "mae": 0.336310397704438,
      "residual_mean_abs": 0.336310397704438,
      "residual_std": 0.3464370399044258,
      "residual_max_abs": 0.49316585098158106
    }
  },
  "top_influential": {
    "actuator_1": [
      {
        "feature": "command_throttle",
        "weight": 0.4473660636610645,
        "selection_frequency": 0.3333333333333333
      },
      {
        "feature": "command_yaw",
        "weight": 0.09001292358183029,
        "selection_frequency": 0.0
      },
      {
        "feature": "command_pitch",
        "weight": 0.04564702599482548,
        "selection_frequency": 0.0
      },
      {
        "feature": "command_roll",
        "weight": 0.03518892647836921,
        "selection_frequency": 0.0
      }
    ],
    "actuator_2": [
      {
        "feature": "command_throttle",
        "weight": 0.450296543365009,
        "selection_frequency": 0.3333333333333333
      },
      {
        "feature": "command_yaw",
        "weight": 0.11306558257207841,
        "selection_frequency": 0.0
      },
      {
        "feature": "command_pitch",
        "weight": 0.05721536849130394,
        "selection_frequency": 0.0
      },
      {
        "feature": "command_roll",
        "weight": 0.044459287484233376,
        "selection_frequency": 0.0
      }
    ],
    "actuator_3": [
      {
        "feature": "command_throttle",
        "weight": 0.44517223114279014,