actuator_1,actuator_2,actuator_3,actuator_4
0.6816236573148409,0.6792961883910861,0.6951048198398927,0.6961907964175724
