actuator_1,actuator_2,actuator_3,actuator_4
-0.07902720741676494,0.4253994973860385,0.1960772527987984,0.06041027629624374
