future_state_roll,future_state_pitch,future_state_yaw,future_state_roll_rate,future_state_pitch_rate,future_state_yaw_rate,future_state_position_x,future_state_position_y,future_state_position_z,future_state_velocity_x,future_state_velocity_y,future_state_velocity_z,future_state_altitude,future_state_vertical_speed,future_state_heading
0.023480149156467855,0.009973693925858507,2.833487172893001e-06,-5.462852691932395,14.231363764070387,-3.2820747127754992,629049336196.3124,-2653383081653.1377,9.587424650549346,11.09436070490823,0.7429414040940229,10902.610332488886,-9.587424650549346,-10902.610332488886,2.833487172893001e-06
