actuator_1,actuator_2,actuator_3,actuator_4
0.34215406178665897,0.3399656372446699,0.3425881196024781,0.3376829204548643
