{
  "x_schema": "commands_only",
  "y_schema": "actuator_response",
  "pooling_mode": "pooled",
  "model_name": "ols_affine",
  "feature_names": [
    "command_roll",
    "command_pitch",
    "command_yaw",
    "command_throttle"
  ],
  "response_names": [
    "actuator_1",
    "actuator_2",
    "actuator_3",
    "actuator_4"
  ],
  "schema_metadata": {
    "x_schema": "commands_only",
    "y_schema": "actuator_response",
    "feature_count": 4,
    "response_count": 4,
    "strict_raw_linear": true,
    "requested_feature_columns": [
      "command_roll",
      "command_pitch",
      "command_yaw",
      "command_throttle"
    ],
    "requested_response_columns": [
      "actuator_1",
      "actuator_2",
      "actuator_3",
      "actuator_4"
    ],
    "dropped_unavailable_features": [],
    "dropped_unavailable_responses": [],
    "partial_feature_columns": {},
    "partial_response_columns": {},
    "dropped_response_leakage_features": [],
    "dropped_zero_variance_features": []
  },
  "repeat_metrics": [
    {
      "repeat_index": 1,
      "train": {
        "r2": 0.0017704011313099954,
        "mse": 0.12429669156319122,
        "mae": 0.34415469604743754,
        "residual_mean_abs": 0.34415469604743754,
        "residual_std": 0.35255735925263454,
        "residual_max_abs": 0.651434026045022
      },
      "val": {
        "r2": -0.002102765823361441,
        "mse": 0.12170692757228047,
        "mae": 0.34199499829459773,
        "residual_mean_abs": 0.34199499829459773,
        "residual_std": 0.34823297689495153,
        "residual_max_abs": 0.4572706102963334
      },
      "test": {
        "r2": -0.001401127939943514,
        "mse": 0.12672884372818702,
        "mae": 0.34603858740267296,
        "residual_mean_abs": 0.34603858740267296,
        "residual_std": 0.35593018052475733,
        "residual_max_abs": 0.6429827639013761
      },
      "condition_number": 344943.65618681366,
      "raw_condition_number": 344943.65618681366,
      "raw_singular_values": [
        66.00330973969781,
        38.04685405142574,
        0.0003979922766399125,
        0.0001913451908909782
      ],
      "effective_condition_number": 344943.65618681366,
      "singular_values": [
        66.00330973969781,
        38.04685405142574,
        0.0003979922766399125,
        0.0001913451908909782
      ],
      "effective_singular_values": [
        66.00330973969781,
        38.04685405142574,
        0.0003979922766399125,
        0.0001913451908909782
      ],
      "conditioning_pruned_features": [],
      "conditioning_baseline_drops": [],
      "conditioning_extra_pruned_features": []
    },
    {
      "repeat_index": 2,
      "train": {
        "r2": 0.001888315922554007,
        "mse": 0.12434010869313994,
        "mae": 0.3443348743486732,
        "residual_mean_abs": 0.3443348743486732,
        "residual_std": 0.352618928438534,
        "residual_max_abs": 0.6426366576198685
      },
      "val": {
        "r2": -0.0002494947167468453,
        "mse": 0.12148184493601091,
        "mae": 0.3418143315087573,
        "residual_mean_abs": 0.3418143315087573,
        "residual_std": 0.34789105146598864,
        "residual_max_abs": 0.45710076948068423
      },
      "test": {
        "r2": 0.0008280172018720888,
        "mse": 0.12626917248632943,
        "mae": 0.3447280787629165,
        "residual_mean_abs": 0.3447280787629165,
        "residual_std": 0.3553021814399075,
        "residual_max_abs": 0.6750992324162838
      },
      "condition_number": 339942.8438358446,
      "raw_condition_number": 339942.8438358446,
      "raw_singular_values": [
        66.18631079023771,
        38.14934159054138,
        0.0003852014535452186,
        0.00019469835000320964
      ],
      "effective_condition_number": 339942.8438358446,
      "singular_values": [
        66.18631079023771,
        38.14934159054138,
        0.0003852014535452186,
        0.00019469835000320964
      ],
      "effective_singular_values": [
        66.18631079023771,
        38.14934159054138,
        0.0003852014535452186,
        0.00019469835000320964
      ],
      "conditioning_pruned_features": [],
      "conditioning_baseline_drops": [],
      "conditioning_extra_pruned_features": []
    }
  ],
  "split_records": [
    {
      "repeat_index": 1,
      "train_count": 1451,
      "val_count": 373,
      "test_count": 370
    },
    {
      "repeat_index": 2,
      "train_count": 1459,
      "val_count": 373,
      "test_count": 362
    }
  ],
  "median_test_r2": -0.00028655536903571255,
  "median_test_mse": 0.12649900810725823,
  "median_test_mae": 0.34538333308279473,
  "coefficient_stability": 0.25,
  "nonzero_count": 12,
  "sparsity_ratio": 0.25,
  "block_sparsity_summary": {
    "feature_blocks": {
      "commands": 4,
      "state": 0,
      "history": 0,
      "controller_params": 0
    }
  },
  "raw_condition_number": 342443.25001132913,
  "effective_condition_number": 342443.25001132913,
  "condition_number": 342443.25001132913,
  "raw_singular_values": [
    66.00330973969781,
    38.04685405142574,
    0.0003979922766399125,
    0.0001913451908909782
  ],
  "singular_values": [
    66.00330973969781,
    38.04685405142574,
    0.0003979922766399125,
    0.0001913451908909782
  ],
  "effective_singular_values": [
    66.00330973969781,
    38.04685405142574,
    0.0003979922766399125,
    0.0001913451908909782
  ],
  "conditioning_pruned_features": [],
  "conditioning_baseline_drops": [],
  "conditioning_extra_pruned_features": [],
  "selection_frequency": [
    [
      1.0,
      1.0,
      1.0,
      1.0
    ],
    [
      1.0,
      1.0,
      1.0,
      1.0
    ],
    [
      1.0,
      1.0,
      1.0,
      1.0
    ],
    [
      0.0,
      0.0,
      0.0,
      0.0
    ]
  ],
  "backend_consistency": {
    "px4": {
      "r2": 0.0021641860815254654,
      "mse": 0.12418877469318401,
      "mae": 0.3440382332514503,
      "residual_mean_abs": 0.3440382332514503,
      "residual_std": 0.35239471015785656,
      "residual_max_abs": 0.6499056670401282
    }
  },
  "mode_consistency": {
    "OFFBOARD_ATTITUDE": {
      "r2": 0.002181819357181647,
      "mse": 0.12591682385809827,
      "mae": 0.3451453744806302,
      "residual_mean_abs": 0.3451453744806302,
      "residual_std": 0.3548306147410044,
      "residual_max_abs": 0.6499056670401282
    },
    "POSCTL": {
      "r2": 0.0017798896751891613,
      "mse": 0.1224353363761682,
      "mae": 0.34291482548446783,
      "residual_mean_abs": 0.34291482548446783,
      "residual_std": 0.3499034425341561,
      "residual_max_abs": 0.4788906020741778
    }
  },
  "top_influential": {
    "actuator_1": [
      {
        "feature": "command_roll",
        "weight": 10168.771466200404,
        "selection_frequency": 1.0
      },
      {
        "feature": "command_pitch",
        "weight": -10163.055683880983,
        "selection_frequency": 1.0
      },
      {
        "feature": "command_yaw",
        "weight": -5095.088065358832,
        "selection_frequency": 1.0
      },
      {
        "feature": "command_throttle",
        "weight": 0.003835056769242992,
        "selection_frequency": 0.0
      }
    ],
    "actuator_2": [
      {
        "feature": "command_roll",
        "weight": 10583.534213008272,
        "selection_frequency": 1.0
      },
      {
        "feature": "command_pitch",
        "weight": -10538.436013015667,
        "selection_frequency": 1.0
      },
      {
        "feature": "command_yaw",
        "weight": -5381.225948437739,
        "selection_frequency": 1.0
      },
      {
        "feature": "command_throttle",
        "weight": -0.0006691211257639981,
        "selection_frequency": 0.0
      }
    ],
    "actuator_3": [
      {
        "feature": "command_yaw",
        "weight": 10282.911031503669,
        "selection_frequency": 1.0
      },
      {
        "feature": "command_pitch",
        "weight": -7981.908842755216,