actuator_1,actuator_2,actuator_3,actuator_4
-29.049184105766727,-28.493323693315872,-28.653068134111898,-28.644066498103925
