actuator_1,actuator_2,actuator_3,actuator_4
0.6207857247156279,0.6213730268675832,0.6235942993524075,0.6234976542814367
