actuator_1,actuator_2,actuator_3,actuator_4
-7.089782171001682,-7.1310290611470215,-7.239006266864314,-7.090888603357905
