feature,roll__h1,pitch__h1,yaw__h1,roll_rate__h1,pitch_rate__h1,yaw_rate__h1,roll__h2,pitch__h2,yaw__h2,roll_rate__h2,pitch_rate__h2,yaw_rate__h2
command_roll,0.271131191856136,0.05005470181663106,-1.8048770568934613,-0.01593528548087919,0.011444086281135878,-0.0849104415744763,0.3152012909656329,0.029286537756611608,-1.8229476363894255,-0.015731290476338405,0.017551321145811795,-0.14983588120716151
command_pitch,-0.05841070061464659,0.24298448527229793,-0.2718852993797972,0.0004729536302259722,-0.013178100344254772,0.19407472621929592,-0.0407836899728173,0.27935435358148164,-0.3080268096227596,0.004626054598165796,-0.019783260525576427,0.218292461521803
command_yaw,0.2092178334662687,-0.010175728063468604,2.0642109281144636,0.07284514662303669,0.0014915370256908195,0.9045927362121671,0.12841794219192848,-0.004117247035132323,2.0245723569708662,0.06549379691078558,-0.01716648650044332,1.105590577343301
command_throttle,-0.003816570051366149,0.0010291047580027381,0.8946467804378238,-0.003315459672685224,-0.0010991799101942776,0.1259908867235297,-0.0039448646382723,0.0010916125898761354,0.9009132325043072,-0.003513619371551732,-0.0012176317842245506,0.12875165972978722
