{
  "x_schema": "commands_only",
  "y_schema": "future_state_horizon",
  "pooling_mode": "pooled",
  "model_name": "ridge_affine",
  "feature_names": [
    "command_roll",
    "command_pitch",
    "command_yaw",
    "command_throttle"
  ],
  "response_names": [
    "roll__h1",
    "pitch__h1",
    "yaw__h1",
    "roll_rate__h1",
    "pitch_rate__h1",
    "yaw_rate__h1",
    "roll__h2",
    "pitch__h2",
    "yaw__h2",
    "roll_rate__h2",
    "pitch_rate__h2",
    "yaw_rate__h2"
  ],
  "schema_metadata": {
    "x_schema": "commands_only",
    "y_schema": "future_state_horizon",
    "feature_count": 4,
    "response_count": 12,
    "strict_raw_linear": true,
    "requested_feature_columns": [
      "command_roll",
      "command_pitch",
      "command_yaw",
      "command_throttle"
    ],
    "requested_response_columns": [
      "roll__h1",
      "pitch__h1",
      "yaw__h1",
      "roll_rate__h1",
      "pitch_rate__h1",
      "yaw_rate__h1",
      "roll__h2",
      "pitch__h2",
      "yaw__h2",
      "roll_rate__h2",
      "pitch_rate__h2",
      "yaw_rate__h2"
    ],
    "dropped_unavailable_features": [],
    "dropped_unavailable_responses": [],
    "partial_feature_columns": {},
    "partial_response_columns": {
      "roll__h1": 0.9974014724989173,
      "pitch__h1": 0.9974014724989173,
      "yaw__h1": 0.9974014724989173,
      "roll_rate__h1": 0.9974014724989173,
      "pitch_rate__h1": 0.9974014724989173,
      "yaw_rate__h1": 0.9974014724989173,
      "roll__h2": 0.9948029449978346,
      "pitch__h2": 0.9948029449978346,
      "yaw__h2": 0.9948029449978346,
      "roll_rate__h2": 0.9948029449978346,
      "pitch_rate__h2": 0.9948029449978346,
      "yaw_rate__h2": 0.9948029449978346
    },
    "dropped_response_leakage_features": [],
    "dropped_zero_variance_features": []
  },
  "repeat_metrics": [
    {
      "repeat_index": 1,
      "train": {
        "r2": 0.21357500843646904,
        "mse": 0.06265126613138657,
        "mae": 0.08993033650499076,
        "residual_mean_abs": 0.08993033650499076,
        "residual_std": 0.2503023494324146,
        "residual_max_abs": 2.2598813793063117
      },
      "val": {
        "r2": 0.22847865597708872,
        "mse": 0.057047199549921615,
        "mae": 0.08379154396280754,
        "residual_mean_abs": 0.08379154396280754,
        "residual_std": 0.2388441058719985,
        "residual_max_abs": 2.220063376481295
      },
      "test": {
        "r2": 0.2766906874810612,
        "mse": 0.03561747586426898,
        "mae": 0.059000761836475006,
        "residual_mean_abs": 0.059000761836475006,
        "residual_std": 0.188718989224609,
        "residual_max_abs": 2.201424758372316
      },
      "condition_number": 1.585384414170576,
      "raw_condition_number": 1.585384414170576,
      "raw_singular_values": [
        99.97231066145977,
        83.34526053049895,
        82.47849765762226,
        63.05871924050811
      ],
      "effective_condition_number": 1.585384414170576,
      "singular_values": [
        99.97231066145977,
        83.34526053049895,
        82.47849765762226,
        63.05871924050811
      ],
      "effective_singular_values": [
        99.97231066145977,
        83.34526053049895,
        82.47849765762226,
        63.05871924050811
      ],
      "conditioning_pruned_features": [],
      "conditioning_baseline_drops": [],
      "conditioning_extra_pruned_features": []
    },
    {
      "repeat_index": 2,
      "train": {
        "r2": 0.1840275000452387,
        "mse": 0.07419250752613357,
        "mae": 0.10566016955910335,
        "residual_mean_abs": 0.10566016955910335,
        "residual_std": 0.27238301622188854,
        "residual_max_abs": 2.2840390178521375
      },
      "val": {
        "r2": 0.2707496546308238,
        "mse": 0.020157347246658876,
        "mae": 0.041423079660985754,
        "residual_mean_abs": 0.041423079660985754,
        "residual_std": 0.1418612160569292,
        "residual_max_abs": 2.142359154234621
      },
      "test": {
        "r2": 0.2466651293610913,
        "mse": 0.038681142126991946,
        "mae": 0.06289158074182083,
        "residual_mean_abs": 0.06289158074182083,
        "residual_std": 0.19667320733055943,
        "residual_max_abs": 2.2661826359908925
      },
      "condition_number": 1.516380533580533,
      "raw_condition_number": 1.516380533580533,
      "raw_singular_values": [
        98.32755430252037,
        83.10401271123565,
        82.29656283466517,
        64.84358782313419
      ],
      "effective_condition_number": 1.516380533580533,
      "singular_values": [
        98.32755430252037,
        83.10401271123565,
        82.29656283466517,
        64.84358782313419
      ],
      "effective_singular_values": [
        98.32755430252037,
        83.10401271123565,
        82.29656283466517,
        64.84358782313419
      ],
      "conditioning_pruned_features": [],
      "conditioning_baseline_drops": [],
      "conditioning_extra_pruned_features": []
    }
  ],
  "split_records": [
    {
      "repeat_index": 1,
      "train_count": 6930,
      "val_count": 2277,
      "test_count": 2278
    },
    {
      "repeat_index": 2,
      "train_count": 6888,
      "val_count": 2286,
      "test_count": 2311
    }
  ],
  "median_test_r2": 0.26167790842107624,
  "median_test_mse": 0.03714930899563046,
  "median_test_mae": 0.06094617128914792,
  "coefficient_stability": 0.9166666666666666,
  "nonzero_count": 4,
  "sparsity_ratio": 0.9166666666666666,
  "block_sparsity_summary": {
    "feature_blocks": {
      "commands": 4,
      "state": 0,
      "history": 0,
      "controller_params": 0
    }
  },
  "raw_condition_number": 1.5508824738755544,
  "effective_condition_number": 1.5508824738755544,
  "condition_number": 1.5508824738755544,
  "raw_singular_values": [
    99.97231066145977,
    83.34526053049895,
    82.47849765762226,
    63.05871924050811
  ],
  "singular_values": [
    99.97231066145977,
    83.34526053049895,
    82.47849765762226,
    63.05871924050811
  ],
  "effective_singular_values": [
    99.97231066145977,
    83.34526053049895,
    82.47849765762226,
    63.05871924050811
  ],
  "conditioning_pruned_features": [],
  "conditioning_baseline_drops": [],
  "conditioning_extra_pruned_features": [],
  "selection_frequency": [
    [
      0.0,
      0.0,
      0.6666666666666666,
      0.0,
      0.0,
      0.0,
      0.0,
      0.0,
      0.8333333333333334,
      0.0,
      0.0,
      0.0
    ],
    [
      0.0,
      0.0,
      0.0,
      0.0,
      0.0,
      0.0,
      0.0,
      0.0,
      0.0,
      0.0,
      0.0,
      0.0
    ],
    [
      0.0,
      0.0,
      0.0,
      0.0,
      0.0,
      0.0,
      0.0,
      0.0,
      0.0,
      0.0,
      0.0,
      0.0
    ],
    [
      0.0,
      0.0,
      1.0,
      0.0,
      0.0,
      0.0,
      0.0,
      0.0,
      1.0,
      0.0,
      0.0,
      0.16666666666666666
    ]
  ],
  "backend_consistency": {
    "px4": {
      "r2": 0.2294213877961131,
      "mse": 0.056215223313161505,
      "mae": 0.08340427408034992,
      "residual_mean_abs": 0.08340427408034992,
      "residual_std": 0.23709713254703246,
      "residual_max_abs": 2.268597202962994,
      "sample_count": 11485.0
    }
  },
  "mode_consistency": {
    "OFFBOARD_ATTITUDE": {
      "r2": 0.0449461147125918,
      "mse": 0.11160646765711556,
      "mae": 0.1511317133947637,
      "residual_mean_abs": 0.1511317133947637,
      "residual_std": 0.3340498786154898,
      "residual_max_abs": 2.268597202962994,
      "sample_count": 5716.0
    },
    "POSCTL": {
      "r2": -7.659039602723967,
      "mse": 0.0013328602224973876,
      "mae": 0.01629904906367644,
      "residual_mean_abs": 0.01629904906367644,
      "residual_std": 0.03617383263527435,
      "residual_max_abs": 0.4038212447867324,
      "sample_count": 5769.0
    }
  },
  "scenario_consistency": 0.9341512959631378,
  "scenario_subgroup_metrics": {
    "dynamic": {
      "r2": 0.221776954287901,