feature,future_state_roll,future_state_pitch,future_state_yaw,future_state_roll_rate,future_state_pitch_rate,future_state_yaw_rate,future_state_position_x,future_state_position_y,future_state_position_z,future_state_velocity_x,future_state_velocity_y,future_state_velocity_z,future_state_altitude,future_state_vertical_speed,future_state_heading
command_roll,0.0,0.0,0.0011365560845054616,-0.005484736219286258,0.0007019307127800567,-0.0006429239620403966,1062794.3711367273,-4482956.973780988,2.2573862817305215,-0.5104253649559063,-0.004306216047556074,0.5330900172338187,-2.2573862817305215,-0.5330900172338187,0.0011365560845054616
command_pitch,-5.830392046485484e-05,0.0006929535006533257,0.005081704547532151,0.02520535378487765,-0.004625896329762092,0.006990847350461356,4431381.9583756775,-18691943.98459965,2.811536496292069,-0.053185325303215555,-0.5795625297190582,1.3885105842374597,-2.811536496292069,-1.3885105842374597,0.005081704547532151
command_yaw,0.0,0.00025117495551181285,0.012500351808675274,0.02043911718963482,-0.005203655492753024,0.006557541883851757,9814400.01127181,-41397973.83212817,8.388171755558448,-0.8141935404509695,2.155585536678193,2.9834164922937987,-8.388171755558448,-2.9834164922937987,0.012500351808675274
command_throttle,-0.06556556664077653,0.005577899702596057,-3.1285084771296177,0.4437870151910226,0.0712906668359855,-0.9944795926775354,-3858.7315830703556,16276.239855735836,1.9131990553598395,-0.023197247474839606,0.04290843238844441,0.5422028480068894,-1.9131990553598395,-0.5422028480068894,-3.1285084771296177
