actuator_1,actuator_2,actuator_3,actuator_4
-2.1388344661919705,-2.134733764893418,-2.2603073187709404,-2.2611450629237155
