future_state_roll,future_state_pitch,future_state_yaw,future_state_roll_rate,future_state_pitch_rate,future_state_yaw_rate,future_state_position_x,future_state_position_y,future_state_position_z,future_state_velocity_x,future_state_velocity_y,future_state_velocity_z,future_state_altitude,future_state_vertical_speed,future_state_heading
9.26342336171615e-15,-1.2437967322753707e-15,1.4495071809506044e-12,1.8748613772601175e-12,-2.5826563110342704e-14,-1.3552492461599286e-12,5701329.085377344,-24048683.59020299,0.6655297198018107,3.5076739431352997,0.735107799544953,-31.765218494083534,-0.6655297198018107,31.765218494083534,1.4495071809506044e-12
