future_state_roll,future_state_pitch,future_state_yaw,future_state_roll_rate,future_state_pitch_rate,future_state_yaw_rate,future_state_position_x,future_state_position_y,future_state_position_z,future_state_velocity_x,future_state_velocity_y,future_state_velocity_z,future_state_altitude,future_state_vertical_speed,future_state_heading
-2.3613325726804573,0.00037911351572404023,113.15846852319554,-0.30409998464640337,0.0929019422414217,-9.306303806255642,-5394947.963161875,22756351.78355232,0.5106646143998822,1.3830718892692588,0.07154542036370282,0.2697271562438259,-0.5106646143998822,-0.2697271562438259,113.15846852319554
