feature,delta_state_roll,delta_state_pitch,delta_state_yaw,delta_state_roll_rate,delta_state_pitch_rate,delta_state_yaw_rate,delta_state_position_x,delta_state_position_y,delta_state_position_z,delta_state_velocity_x,delta_state_velocity_y,delta_state_velocity_z,delta_state_altitude,delta_state_vertical_speed,delta_state_heading
command_roll,0.02336845588388546,0.021908846569018772,-0.05274875056607979,0.007603479759689832,-0.003118775018724418,-0.038264658958641125,0.005609245700059779,0.0367621194429584,-0.015947621028847135,-0.1838333394210178,0.23303961967126863,-0.025871549892785218,0.015947621028847135,0.025871549892785218,-0.05352690458251126
command_pitch,2.51523296806064e-06,4.41665197345239e-06,-5.28190752534051e-06,5.946378109249055e-06,0.0,0.0,-4.236531323718956e-07,4.5491460239466806e-05,-1.0747840996142664e-05,0.0,0.0,-5.437429017833193e-06,1.0747840996142664e-05,5.437429017833193e-06,-5.53347132542891e-06
command_yaw,0.0,0.0,0.0,1.581699367777511e-05,0.0,-0.000156060536543813,5.915016833690056e-06,5.292995132582082e-06,-4.2832703425164545e-05,-1.3927419395608761e-05,2.1665474056714023e-05,0.0,4.2832703425164545e-05,0.0,0.0
command_throttle,-4.373117133834461e-05,-8.900256763975924e-05,0.012765443832892142,-0.0009086320994768485,9.362990056156942e-05,0.014620789731234485,0.01082190467343434,-0.01534023273724399,-0.003121680259206945,-0.0003145116896634228,0.0004467813546923941,0.0010069881267116814,0.003121680259206945,-0.0010069881267116814,0.012771850268179823
