actuator_1,actuator_2,actuator_3,actuator_4
0.6612811521125531,0.6600420308851885,0.6652503294064394,0.6656187268586209
