future_state_roll,future_state_pitch,future_state_yaw,future_state_roll_rate,future_state_pitch_rate,future_state_yaw_rate,future_state_position_x,future_state_position_y,future_state_position_z,future_state_velocity_x,future_state_velocity_y,future_state_velocity_z,future_state_altitude,future_state_vertical_speed,future_state_heading
2.3125416637331964,-0.05024184472816516,146.53740524181535,-0.4770610020440936,-2.1415395671580892,16.16662046741279,810224.0963515185,-3415416.585950168,-91.71662288734623,0.09938228069130045,-4.752519494085327,-40.46960530853891,91.71662288734623,40.46960530853891,146.53740524181535
