feature,roll__h1,pitch__h1,yaw__h1,roll_rate__h1,pitch_rate__h1,yaw_rate__h1,roll__h2,pitch__h2,yaw__h2,roll_rate__h2,pitch_rate__h2,yaw_rate__h2
command_roll,8.99241488046194e-05,-2.429362107210918e-05,0.0009758891837587227,-1.9937071360227395e-05,0.002657186969433134,-0.002569036457886237,8.99241488046194e-05,-2.429362107210918e-05,0.0009758891837587227,-1.9937071360227395e-05,0.002657186969433134,-0.002569036457886237
command_pitch,-0.00035961355722538807,0.00027049903419334824,0.0028775103451407166,0.0014865936747924901,-0.0075192192073337515,0.013031133975599298,-0.00035961355722538807,0.00027049903419334824,0.0028775103451407166,0.0014865936747924901,-0.0075192192073337515,0.013031133975599298
command_yaw,-5.282309947609817e-05,8.420012343827249e-05,0.01368653917165894,-0.0010103810516885689,-0.005715681284019893,0.014728062680679348,-5.282309947609817e-05,8.420012343827249e-05,0.01368653917165894,-0.0010103810516885689,-0.005715681284019893,0.014728062680679348
command_throttle,-0.06659998596222802,0.005274074407047196,-3.130394136639339,0.4553624717341713,0.08351766545763997,-0.9987045258732881,-0.06659998596222802,0.005274074407047196,-3.130394136639339,0.4553624717341713,0.08351766545763997,-0.9987045258732881
