feature,future_state_roll,future_state_pitch,future_state_yaw,future_state_roll_rate,future_state_pitch_rate,future_state_yaw_rate
command_roll,0.3959127140090605,0.0011088052819095589,-1.148626335952582,0.007625230119200441,-0.014371330793990954,-0.04993568398854098
command_pitch,-0.0014962139721267453,0.3629853149942603,-1.2061286195889083,-0.0076974396734153135,-0.021721411891627664,0.10285308828935835
command_yaw,0.007496692338251952,0.008752424610317893,-0.46289552377726906,-0.017667165919756797,0.0051460319148230165,-0.08653012754683169
command_throttle,-0.0034702137064263677,-0.0017865467128485516,0.9631639746234331,-0.001573191468000976,-0.00045499246909106925,0.11452391109687535
