actuator_1,actuator_2,actuator_3,actuator_4
-5.309757399517177,-5.2986059667503005,-5.656490221479663,-5.644373955885207
