feature,actuator_1,actuator_2,actuator_3,actuator_4
command_roll,0.21152664677064517,0.20898311475691456,0.4356286913518199,0.43923000610922436
command_pitch,1.0782843471075434e-05,5.82412880353185e-06,6.757121894587183e-05,8.214349475967758e-05
command_yaw,0.00027525108866011745,0.00026671017343527723,0.0012131968514635988,0.0012332203872589755
command_throttle,-8.008611730529996,-7.992029272900546,-8.50846378669525,-8.490620656624227
