actuator_1,actuator_2,actuator_3,actuator_4
0.28503248941492065,0.28505120309176796,0.2851647487639428,0.28508163774147044
