{
  "x_schema": "commands_only",
  "y_schema": "actuator_response",
  "pooling_mode": "pooled",
  "model_name": "lasso_affine",
  "feature_names": [
    "command_roll",
    "command_pitch",
    "command_yaw",
    "command_throttle"
  ],
  "response_names": [
    "actuator_1",
    "actuator_2",
    "actuator_3",
    "actuator_4"
  ],
  "schema_metadata": {
    "x_schema": "commands_only",
    "y_schema": "actuator_response",
    "feature_count": 4,
    "response_count": 4,
    "strict_raw_linear": true,
    "requested_feature_columns": [
      "command_roll",
      "command_pitch",
      "command_yaw",
      "command_throttle"
    ],
    "requested_response_columns": [
      "actuator_1",
      "actuator_2",
      "actuator_3",
      "actuator_4"
    ],
    "dropped_unavailable_features": [],
    "dropped_unavailable_responses": [],
    "partial_feature_columns": {},
    "partial_response_columns": {},
    "dropped_response_leakage_features": [],
    "dropped_zero_variance_features": []
  },
  "repeat_metrics": [
    {
      "repeat_index": 1,
      "train": {
        "r2": 0.9986669535451839,
        "mse": 0.00011364647865154821,
        "mae": 0.006034010429608848,
        "residual_mean_abs": 0.006034010429608848,
        "residual_std": 0.010660510243489671,
        "residual_max_abs": 0.06771948585162213
      },
      "val": {
        "r2": 0.9998490195931439,
        "mse": 1.1593914071899485e-05,
        "mae": 0.003386935944658303,
        "residual_mean_abs": 0.003386935944658303,
        "residual_std": 0.0031456847012774074,
        "residual_max_abs": 0.0039032763469099008
      },
      "test": {
        "r2": 0.997496226261399,
        "mse": 0.00021593636312299287,
        "mae": 0.0077726194260670485,
        "residual_mean_abs": 0.0077726194260670485,
        "residual_std": 0.014685547998588852,
        "residual_max_abs": 0.0927956728714664
      },
      "condition_number": 1.0250622538026584,
      "raw_condition_number": 1.0250622538026584,
      "raw_singular_values": [
        75.1963484584148,
        74.32145759669898,
        74.13810121527486,
        73.35783576017946
      ],
      "effective_condition_number": 1.0250622538026584,
      "singular_values": [
        75.1963484584148,
        74.32145759669898,
        74.13810121527486,
        73.35783576017946
      ],
      "effective_singular_values": [
        75.1963484584148,
        74.32145759669898,
        74.13810121527486,
        73.35783576017946
      ],
      "conditioning_pruned_features": [],
      "conditioning_baseline_drops": [],
      "conditioning_extra_pruned_features": []
    },
    {
      "repeat_index": 2,
      "train": {
        "r2": 0.9985507912557408,
        "mse": 0.00012484503383632938,
        "mae": 0.006231944535902779,
        "residual_mean_abs": 0.006231944535902779,
        "residual_std": 0.011173407440719657,
        "residual_max_abs": 0.09230586885153647
      },
      "val": {
        "r2": 0.9989082350962859,
        "mse": 9.29188783423891e-05,
        "mae": 0.004414125539850056,
        "residual_mean_abs": 0.004414125539850056,
        "residual_std": 0.009637381816992995,
        "residual_max_abs": 0.06813599593816133
      },
      "test": {
        "r2": 0.9987282543138931,
        "mse": 0.00010966000997819544,
        "mae": 0.0062350174765796,
        "residual_mean_abs": 0.0062350174765796,
        "residual_std": 0.0104718204569093,
        "residual_max_abs": 0.06629884982350309
      },
      "condition_number": 1.047667320303588,
      "raw_condition_number": 1.047667320303588,
      "raw_singular_values": [
        75.91474275312223,
        74.38373689419261,
        74.30648412532602,
        72.46073374811769
      ],
      "effective_condition_number": 1.047667320303588,
      "singular_values": [
        75.91474275312223,
        74.38373689419261,
        74.30648412532602,
        72.46073374811769
      ],
      "effective_singular_values": [
        75.91474275312223,
        74.38373689419261,
        74.30648412532602,
        72.46073374811769
      ],
      "conditioning_pruned_features": [],
      "conditioning_baseline_drops": [],
      "conditioning_extra_pruned_features": []
    }
  ],
  "split_records": [
    {
      "repeat_index": 1,
      "train_count": 5514,
      "val_count": 1712,
      "test_count": 1905
    },
    {
      "repeat_index": 2,
      "train_count": 5517,
      "val_count": 1712,
      "test_count": 1902
    }
  ],
  "median_test_r2": 0.9981122402876461,
  "median_test_mse": 0.00016279818655059417,
  "median_test_mae": 0.007003818451323324,
  "coefficient_stability": 1.0,
  "nonzero_count": 16,
  "sparsity_ratio": 0.0,
  "block_sparsity_summary": {
    "feature_blocks": {
      "commands": 4,
      "state": 0,
      "history": 0,
      "controller_params": 0
    }
  },
  "raw_condition_number": 1.0363647870531232,
  "effective_condition_number": 1.0363647870531232,
  "condition_number": 1.0363647870531232,
  "raw_singular_values": [
    75.1963484584148,
    74.32145759669898,
    74.13810121527486,
    73.35783576017946
  ],
  "singular_values": [
    75.1963484584148,
    74.32145759669898,
    74.13810121527486,
    73.35783576017946
  ],
  "effective_singular_values": [
    75.1963484584148,
    74.32145759669898,
    74.13810121527486,
    73.35783576017946
  ],
  "conditioning_pruned_features": [],
  "conditioning_baseline_drops": [],
  "conditioning_extra_pruned_features": [],
  "selection_frequency": [
    [
      1.0,
      1.0,
      1.0,
      1.0
    ],
    [
      1.0,
      1.0,
      1.0,
      1.0
    ],
    [
      0.8333333333333334,
      0.6666666666666666,
      0.6666666666666666,
      0.6666666666666666
    ],
    [
      1.0,
      1.0,
      1.0,
      1.0
    ]
  ],
  "backend_consistency": {
    "ardupilot": {
      "r2": 0.9986580071482781,
      "mse": 0.00011572492993186336,
      "mae": 0.005896091995511404,
      "residual_mean_abs": 0.005896091995511404,
      "residual_std": 0.010756442327867625,
      "residual_max_abs": 0.09255071376495938,
      "sample_count": 9131.0
    }
  },
  "mode_consistency": {
    "GUIDED_NOGPS": {
      "r2": -783.9309605760201,
      "mse": 0.00015734459902430186,
      "mae": 0.00626805873071124,
      "residual_mean_abs": 0.00626805873071124,
      "residual_std": 0.012532339063190932,
      "residual_max_abs": 0.09255071376495938,
      "sample_count": 4576.0
    },
    "STABILIZE": {
      "r2": NaN,
      "mse": 7.391338091605688e-05,
      "mae": 0.005522410375253567,
      "residual_mean_abs": 0.005522410375253567,
      "residual_std": 0.008555548331277803,
      "residual_max_abs": 0.057040062203396635,
      "sample_count": 4555.0
    }
  },
  "scenario_consistency": 0.9930319805351064,
  "scenario_subgroup_metrics": {
    "dynamic": {
      "r2": 0.9998745893036453,
      "mse": 1.0818481466906539e-05,
      "mae": 0.0032695552406403023,
      "residual_mean_abs": 0.0032695552406403023,
      "residual_std": 0.0032888114418191186,
      "residual_max_abs": 0.004097423271831602,
      "sample_count": 3425.0
    },
    "nominal": {
      "r2": 0.9991814247842155,
      "mse": 7.056255475044216e-05,
      "mae": 0.004460293833237608,
      "residual_mean_abs": 0.004460293833237608,
      "residual_std": 0.00839697261940935,
      "residual_max_abs": 0.06792774089489173,
      "sample_count": 4566.0
    },
    "throttle_biased": {
      "r2": 0.992907443702925,
      "mse": 0.0006117915887659391,
      "mae": 0.019537971639700592,
      "residual_mean_abs": 0.019537971639700592,
      "residual_std": 0.02473382894342813,
      "residual_max_abs": 0.09255071376495938,
      "sample_count": 1140.0
    }
  },
  "top_influential": {
    "actuator_1": [
      {
        "feature": "command_throttle",
        "weight": -0.43340698090775487,
        "selection_frequency": 1.0
      },
      {
        "feature": "command_yaw",
        "weight": -0.0011727855664941528,