actuator_1,actuator_2,actuator_3,actuator_4
0.2989191288196155,0.2906716604849714,0.29546285953687207,0.29000137751217825
