feature,actuator_1,actuator_2,actuator_3,actuator_4
command_roll,-0.0002088717886975193,0.00011753423717623081,-7.582729319774797e-05,0.00012357598931163192
command_pitch,0.00013751456986512073,-2.721700085227678e-05,2.8539252424432714e-05,1.1589242191021267e-06
command_yaw,-0.000340037599493395,0.00023500684528468253,-0.00012855975349381518,0.00031268113374403753
command_throttle,0.007297090246998187,-0.004152300623870148,0.0026843244220948054,-0.005185172282880855
