feature,roll__h1,pitch__h1,yaw__h1,roll_rate__h1,pitch_rate__h1,yaw_rate__h1,roll__h2,pitch__h2,yaw__h2,roll_rate__h2,pitch_rate__h2,yaw_rate__h2
command_roll,0.39279067701828063,0.0012101802908246443,-1.155798216174184,0.008407338138838483,-0.016685604588604616,-0.01801462673592684,0.3959127140090605,0.0011088052819095589,-1.148626335952582,0.007625230119200441,-0.014371330793990954,-0.04993568398854098
command_pitch,-0.0009171890229545194,0.3573106273063597,-1.213362531722249,-0.006509787998679338,-0.020789432644320163,0.0997481946206405,-0.0014962139721267453,0.3629853149942603,-1.2061286195889083,-0.0076974396734153135,-0.021721411891627664,0.10285308828935835
command_yaw,0.0072818151647193905,0.008674786391438337,-0.4861062428041688,-0.023104414597932332,0.004612774314255385,-0.06792139617206927,0.007496692338251952,0.008752424610317893,-0.46289552377726906,-0.017667165919756797,0.0051460319148230165,-0.08653012754683169
command_throttle,-0.003447820195314921,-0.001798012612437127,0.9567424145175767,-0.0016274508315460591,-0.00044376923312106846,0.1116629909989323,-0.0034702137064263677,-0.0017865467128485516,0.9631639746234331,-0.001573191468000976,-0.00045499246909106925,0.11452391109687535
