{
  "x_schema": "commands_only",
  "y_schema": "future_state_horizon",
  "pooling_mode": "pooled",
  "model_name": "ols_affine",
  "feature_names": [
    "command_roll",
    "command_pitch",
    "command_yaw",
    "command_throttle"
  ],
  "response_names": [
    "roll__h1",
    "pitch__h1",
    "yaw__h1",
    "roll_rate__h1",
    "pitch_rate__h1",
    "yaw_rate__h1",
    "roll__h2",
    "pitch__h2",
    "yaw__h2",
    "roll_rate__h2",
    "pitch_rate__h2",
    "yaw_rate__h2"
  ],
  "schema_metadata": {
    "x_schema": "commands_only",
    "y_schema": "future_state_horizon",
    "feature_count": 4,
    "response_count": 12,
    "strict_raw_linear": true,
    "requested_feature_columns": [
      "command_roll",
      "command_pitch",
      "command_yaw",
      "command_throttle"
    ],
    "requested_response_columns": [
      "roll__h1",
      "pitch__h1",
      "yaw__h1",
      "roll_rate__h1",
      "pitch_rate__h1",
      "yaw_rate__h1",
      "roll__h2",
      "pitch__h2",
      "yaw__h2",
      "roll_rate__h2",
      "pitch_rate__h2",
      "yaw_rate__h2"
    ],
    "dropped_unavailable_features": [],
    "dropped_unavailable_responses": [],
    "partial_feature_columns": {},
    "partial_response_columns": {
      "roll__h1": 0.9972590223846505,
      "pitch__h1": 0.9972590223846505,
      "yaw__h1": 0.9972590223846505,
      "roll_rate__h1": 0.9972590223846505,
      "pitch_rate__h1": 0.9972590223846505,
      "yaw_rate__h1": 0.9972590223846505,
      "roll__h2": 0.9945180447693011,
      "pitch__h2": 0.9945180447693011,
      "yaw__h2": 0.9945180447693011,
      "roll_rate__h2": 0.9945180447693011,
      "pitch_rate__h2": 0.9945180447693011,
      "yaw_rate__h2": 0.9945180447693011
    },
    "dropped_response_leakage_features": [],
    "dropped_zero_variance_features": []
  },
  "repeat_metrics": [
    {
      "repeat_index": 1,
      "train": {
        "r2": 0.24641325404888892,
        "mse": 0.06116898945809916,
        "mae": 0.08864579191280073,
        "residual_mean_abs": 0.08864579191280073,
        "residual_std": 0.24732365325237124,
        "residual_max_abs": 2.2099716571040973
      },
      "val": {
        "r2": 0.3332887194944294,
        "mse": 0.031631394858627086,
        "mae": 0.05535684627566915,
        "residual_mean_abs": 0.05535684627566915,
        "residual_std": 0.17784297246516823,
        "residual_max_abs": 1.6244790284541182
      },
      "test": {
        "r2": 0.2561392661696744,
        "mse": 0.05292383902426854,
        "mae": 0.08103883245586119,
        "residual_mean_abs": 0.08103883245586119,
        "residual_std": 0.2300042634856639,
        "residual_max_abs": 2.1944137546155664
      },
      "condition_number": 1.0691355792460728,
      "raw_condition_number": 1.0691355792460728,
      "raw_singular_values": [
        65.02679788793525,
        63.18018951243868,
        62.74139342037127,
        60.821844441647414
      ],
      "effective_condition_number": 1.0691355792460728,
      "singular_values": [
        65.02679788793525,
        63.18018951243868,
        62.74139342037127,
        60.821844441647414
      ],
      "effective_singular_values": [
        65.02679788793525,
        63.18018951243868,
        62.74139342037127,
        60.821844441647414
      ],
      "conditioning_pruned_features": [],
      "conditioning_baseline_drops": [],
      "conditioning_extra_pruned_features": []
    },
    {
      "repeat_index": 2,
      "train": {
        "r2": 0.2548150305989877,
        "mse": 0.05866375106423374,
        "mae": 0.085077459977594,
        "residual_mean_abs": 0.085077459977594,
        "residual_std": 0.24220600955433322,
        "residual_max_abs": 2.2245075072629175
      },
      "val": {
        "r2": 0.33643389288512504,
        "mse": 0.0323441848508123,
        "mae": 0.05736997036850594,
        "residual_mean_abs": 0.05736997036850594,
        "residual_std": 0.179832734211394,
        "residual_max_abs": 1.7596048323620952
      },
      "test": {
        "r2": 0.1996571991862749,
        "mse": 0.06131015870571924,
        "mae": 0.08966358205503108,
        "residual_mean_abs": 0.08966358205503108,
        "residual_std": 0.2475294927069018,
        "residual_max_abs": 2.2289259906746164
      },
      "condition_number": 1.0807582445030075,
      "raw_condition_number": 1.0807582445030075,
      "raw_singular_values": [
        65.62531841228788,
        63.36229039511961,
        62.82858274026186,
        60.72155243420423
      ],
      "effective_condition_number": 1.0807582445030075,
      "singular_values": [
        65.62531841228788,
        63.36229039511961,
        62.82858274026186,
        60.72155243420423
      ],
      "effective_singular_values": [
        65.62531841228788,
        63.36229039511961,
        62.82858274026186,
        60.72155243420423
      ],
      "conditioning_pruned_features": [],
      "conditioning_baseline_drops": [],
      "conditioning_extra_pruned_features": []
    }
  ],
  "split_records": [
    {
      "repeat_index": 1,
      "train_count": 3964,
      "val_count": 1106,
      "test_count": 1461
    },
    {
      "repeat_index": 2,
      "train_count": 3989,
      "val_count": 1108,
      "test_count": 1434
    }
  ],
  "median_test_r2": 0.22789823267797465,
  "median_test_mse": 0.057116998864993884,
  "median_test_mae": 0.08535120725544613,
  "coefficient_stability": 0.8333333333333334,
  "nonzero_count": 2,
  "sparsity_ratio": 0.9583333333333334,
  "block_sparsity_summary": {
    "feature_blocks": {
      "commands": 4,
      "state": 0,
      "history": 0,
      "controller_params": 0
    }
  },
  "raw_condition_number": 1.07494691187454,
  "effective_condition_number": 1.07494691187454,
  "condition_number": 1.07494691187454,
  "raw_singular_values": [
    65.02679788793525,
    63.18018951243868,
    62.74139342037127,
    60.821844441647414
  ],
  "singular_values": [
    65.02679788793525,
    63.18018951243868,
    62.74139342037127,
    60.821844441647414
  ],
  "effective_singular_values": [
    65.02679788793525,
    63.18018951243868,
    62.74139342037127,
    60.821844441647414
  ],
  "conditioning_pruned_features": [],
  "conditioning_baseline_drops": [],
  "conditioning_extra_pruned_features": [],
  "selection_frequency": [
    [
      0.0,
      0.0,
      0.5,
      0.0,
      0.0,
      0.0,
      0.0,
      0.0,
      0.3333333333333333,
      0.0,
      0.0,
      0.0
    ],
    [
      0.0,
      0.0,
      0.0,
      0.0,
      0.0,
      0.0,
      0.0,
      0.0,
      0.0,
      0.0,
      0.0,
      0.0
    ],
    [
      0.0,
      0.0,
      0.0,
      0.0,
      0.0,
      0.0,
      0.0,
      0.0,
      0.0,
      0.0,
      0.0,
      0.0
    ],
    [
      0.0,
      0.0,
      1.0,
      0.0,
      0.0,
      0.0,
      0.0,
      0.0,
      1.0,
      0.0,
      0.0,
      0.0
    ]
  ],
  "backend_consistency": {
    "px4": {
      "r2": 0.2645080235680801,
      "mse": 0.054200643330324476,
      "mae": 0.08102959402607834,
      "residual_mean_abs": 0.08102959402607834,
      "residual_std": 0.23281025745019493,
      "residual_max_abs": 2.219448823889357
    }
  },
  "mode_consistency": {
    "OFFBOARD_ATTITUDE": {
      "r2": 0.04993336327439801,
      "mse": 0.10807211445993363,
      "mae": 0.14763193504993957,
      "residual_mean_abs": 0.14763193504993957,
      "residual_std": 0.3287179368762791,
      "residual_max_abs": 2.219448823889357
    },
    "POSCTL": {
      "r2": -2.4985661734842535,
      "mse": 0.001423257852635244,
      "mae": 0.01577989224095575,
      "residual_mean_abs": 0.01577989224095575,
      "residual_std": 0.03754734928719594,
      "residual_max_abs": 0.3682769483903692
    }
  },
  "top_influential": {
    "roll__h1": [
      {
        "feature": "command_roll",
        "weight": 0.39279067701828063,
        "selection_frequency": 0.0
      },
      {
        "feature": "command_yaw",
        "weight": 0.0072818151647193905,