actuator_1,actuator_2,actuator_3,actuator_4
0.562739563419168,0.5555065141843117,0.5584777661711546,0.5520094869719236
