feature,future_state_roll,future_state_pitch,future_state_yaw,future_state_roll_rate,future_state_pitch_rate,future_state_yaw_rate,future_state_position_x,future_state_position_y,future_state_position_z,future_state_velocity_x,future_state_velocity_y,future_state_velocity_z,future_state_altitude,future_state_vertical_speed,future_state_heading
command_roll,0.268606391719032,0.20290466193786577,-0.6704229803270183,0.008213433778369549,0.053102875191792284,-0.0706554982111199,1.8795325735044521,-2.474357429386047,-0.8663013402840328,-0.08374210719972722,0.44369925138656474,-0.10099721702692896,0.8663013402840328,0.10099721702692896,-0.669720129198077
command_pitch,0.0,0.0,-7.044533788889553e-05,4.371727208151909e-06,1.8423648765306135e-05,0.0,0.0,-0.00032014571172430236,-0.00041351952228974135,-0.00043448341322331103,0.0004021336085476402,-0.00021630527217689406,0.00041351952228974135,0.00021630527217689406,-7.035643475141418e-05
command_yaw,2.7666960282337584e-05,0.0,-0.0009310769210777032,-2.3766249313529927e-05,6.485948933858361e-05,-0.00042946658811162064,0.0,0.0,-0.003259492828346839,-0.0001444984135078917,0.00012344863577605438,-0.00026386836318007326,0.003259492828346839,0.00026386836318007326,-0.000934235400108167
command_throttle,-0.004663541542856095,-0.002481116161076938,0.9325504238733144,-0.0025626322526413163,-0.002552821532676476,0.09731865669337644,0.4286369139614277,-0.8477212189839114,1.101564143988144,0.11577592302489606,-0.1826760479988,0.043102057785275975,-1.101564143988144,-0.043102057785275975,0.9323864464053419
