actuator_1,actuator_2,actuator_3,actuator_4
-2.411843958737397,-2.169365179826606,-2.780786169670538,-1.8399711778350962
