future_state_roll,future_state_pitch,future_state_yaw,future_state_roll_rate,future_state_pitch_rate,future_state_yaw_rate,future_state_position_x,future_state_position_y,future_state_position_z,future_state_velocity_x,future_state_velocity_y,future_state_velocity_z,future_state_altitude,future_state_vertical_speed,future_state_heading
0.010899290351040142,0.0008972229201018427,1.5785484387895041,-2.5505541518999554e-05,-3.138179914077197e-05,0.0010902192222722131,0.057213569615868064,-0.04627238459103728,-1.1603085218965263,0.015517364432099934,-0.001402028927427958,-0.01599935188517255,1.1603085218965263,0.01599935188517255,1.5785478608339139
