feature,future_state_roll,future_state_pitch,future_state_yaw,future_state_roll_rate,future_state_pitch_rate,future_state_yaw_rate,future_state_position_x,future_state_position_y,future_state_position_z,future_state_velocity_x,future_state_velocity_y,future_state_velocity_z,future_state_altitude,future_state_vertical_speed,future_state_heading
command_roll,-1912.1653918416623,899.5706160286752,-311.0021806390174,-4947.738242312554,-7543.698371585756,1751.0690782316576,-3628.21433336106,8593.056547579961,90665.53940113973,4057.0401457626763,3931.66438256575,-23496.501862855068,-90665.53940113973,23496.501862855068,-307.6012441412049
command_pitch,2078.61534801976,-645.2060703929803,391.99752087574996,697.2229930209913,3441.5860027192684,-973.8020717890114,6719.7479164468905,-5018.533100068914,-97607.82566198462,-3598.7012658256717,-3074.1592383181064,23877.082707537196,97607.82566198462,-23877.082707537196,389.7537540081226
command_yaw,623.1567696506526,-958.5481878329082,-6.469099530370134,10974.973642117033,11975.964414818636,-2430.0327117643046,-4369.103550296676,-11445.488882384518,-31447.988599002594,-2945.466930887371,-3681.1732531711104,10987.525017371525,31447.988599002594,-10987.525017371525,-10.48380958177075
command_throttle,0.02106408261517823,0.003128626696722158,-0.007951661044503644,0.0007139266788167637,-0.00022548745406580152,0.0016808187770707725,-0.22106808462232022,-0.040363674807175155,-1.2477135772111927,-0.010821398320393721,0.03916318447667609,0.09631379942629141,1.2477135772111927,-0.09631379942629141,-0.007947940105243566
