actuator_1,actuator_2,actuator_3,actuator_4
0.4529062337371461,0.5523442543733488,0.418269801472435,0.8367687716128367
