actuator_1,actuator_2,actuator_3,actuator_4
2.4377136994916513,3.772143069598598,-1.5684298915690893,-1.3483477134143955
