future_state_roll,future_state_pitch,future_state_yaw,future_state_roll_rate,future_state_pitch_rate,future_state_yaw_rate
-2.6506574712925612e-15,6.238065619612598e-15,-5.5138116294983774e-12,-1.4538925618978737e-12,-3.2564229091036623e-13,-9.41569044954349e-12
