future_state_roll,future_state_pitch,future_state_yaw,future_state_roll_rate,future_state_pitch_rate,future_state_yaw_rate,future_state_position_x,future_state_position_y,future_state_position_z,future_state_velocity_x,future_state_velocity_y,future_state_velocity_z,future_state_altitude,future_state_vertical_speed,future_state_heading
0.6319529174573884,5.8189045680475185e-05,379.77813132559623,-9.348898718230721,-1.6943887209709412,26.334918637067553,-1385751.1683006124,5845254.379675373,-232.80216774606825,2.672521528030078,-4.68671151364376,-61.749214925600086,232.80216774606825,61.749214925600086,379.77813132559623
