actuator_1,actuator_2,actuator_3,actuator_4
0.8102801151530472,0.7928959792354218,0.8007718309652713,0.7856365027102382
