actuator_1,actuator_2,actuator_3,actuator_4
0.6034328664494351,0.6020295528745707,0.6073100349724806,0.6063985920096691
