actuator_1,actuator_2,actuator_3,actuator_4
0.3362128587258011,0.3367068691429611,0.33564329052124414,0.3358759859646164
