feature,actuator_1,actuator_2,actuator_3,actuator_4
command_roll,0.8980600754113414,0.8950157362623687,0.9476106682754404,0.9435728525340249
command_pitch,0.9596256741818598,0.9551425450332149,0.9462632136843936,0.9444992339680267
command_yaw,0.8266732157683797,0.8267366014747117,0.8866909360008532,0.8849890552131948
command_throttle,-0.0006279196804891496,-0.0023697182774323976,-0.011222605044133423,-0.012172204673049917
