{
  "x_schema": "commands_only",
  "y_schema": "actuator_response",
  "pooling_mode": "pooled",
  "model_name": "ridge_affine",
  "feature_names": [
    "command_roll",
    "command_pitch",
    "command_yaw",
    "command_throttle"
  ],
  "response_names": [
    "actuator_1",
    "actuator_2",
    "actuator_3",
    "actuator_4"
  ],
  "schema_metadata": {
    "x_schema": "commands_only",
    "y_schema": "actuator_response",
    "feature_count": 4,
    "response_count": 4,
    "strict_raw_linear": true,
    "requested_feature_columns": [
      "command_roll",
      "command_pitch",
      "command_yaw",
      "command_throttle"
    ],
    "requested_response_columns": [
      "actuator_1",
      "actuator_2",
      "actuator_3",
      "actuator_4"
    ],
    "dropped_unavailable_features": [],
    "dropped_unavailable_responses": [],
    "partial_feature_columns": {},
    "partial_response_columns": {},
    "dropped_response_leakage_features": [],
    "dropped_zero_variance_features": []
  },
  "repeat_metrics": [
    {
      "repeat_index": 1,
      "train": {
        "r2": 0.0196742510497947,
        "mse": 0.1218747177132579,
        "mae": 0.3377723920948229,
        "residual_mean_abs": 0.3377723920948229,
        "residual_std": 0.3491055967945199,
        "residual_max_abs": 0.6522475936888463
      },
      "val": {
        "r2": 0.01794202369333142,
        "mse": 0.12141815995710428,
        "mae": 0.3400210420569159,
        "residual_mean_abs": 0.3400210420569159,
        "residual_std": 0.3484299199048012,
        "residual_max_abs": 0.6521615123384177
      },
      "test": {
        "r2": 0.0113325180994992,
        "mse": 0.12182353312053927,
        "mae": 0.3372257606954594,
        "residual_mean_abs": 0.3372257606954594,
        "residual_std": 0.3487653194337151,
        "residual_max_abs": 0.6795682222554406
      },
      "condition_number": 1.0689374821593116,
      "raw_condition_number": 1.0689374821593116,
      "raw_singular_values": [
        65.20126947286633,
        63.354048466903066,
        62.91665945294798,
        60.99633567077865
      ],
      "effective_condition_number": 1.0689374821593116,
      "singular_values": [
        65.20126947286633,
        63.354048466903066,
        62.91665945294798,
        60.99633567077865
      ],
      "effective_singular_values": [
        65.20126947286633,
        63.354048466903066,
        62.91665945294798,
        60.99633567077865
      ],
      "conditioning_pruned_features": [],
      "conditioning_baseline_drops": [],
      "conditioning_extra_pruned_features": []
    },
    {
      "repeat_index": 2,
      "train": {
        "r2": 0.020293889374443652,
        "mse": 0.12136516030397568,
        "mae": 0.3369662533208431,
        "residual_mean_abs": 0.3369662533208431,
        "residual_std": 0.3483750282439539,
        "residual_max_abs": 0.6602735140328383
      },
      "val": {
        "r2": 0.014301251168301499,
        "mse": 0.1220117485938377,
        "mae": 0.3362333515741154,
        "residual_mean_abs": 0.3362333515741154,
        "residual_std": 0.34923450277966755,
        "residual_max_abs": 0.660376194887165
      },
      "test": {
        "r2": 0.006259492524579691,
        "mse": 0.1236324226378053,
        "mae": 0.332543223132008,
        "residual_mean_abs": 0.332543223132008,
        "residual_std": 0.35160672469054427,
        "residual_max_abs": 0.7435810434792343
      },
      "condition_number": 1.0805172882307794,
      "raw_condition_number": 1.0805172882307794,
      "raw_singular_values": [
        65.79886791168181,
        63.53564995574899,
        63.00351272751128,
        60.89571044200483
      ],
      "effective_condition_number": 1.0805172882307794,
      "singular_values": [
        65.79886791168181,
        63.53564995574899,
        63.00351272751128,
        60.89571044200483
      ],
      "effective_singular_values": [
        65.79886791168181,
        63.53564995574899,
        63.00351272751128,
        60.89571044200483
      ],
      "conditioning_pruned_features": [],
      "conditioning_baseline_drops": [],
      "conditioning_extra_pruned_features": []
    }
  ],
  "split_records": [
    {
      "repeat_index": 1,
      "train_count": 3986,
      "val_count": 1112,
      "test_count": 1469
    },
    {
      "repeat_index": 2,
      "train_count": 4011,
      "val_count": 1114,
      "test_count": 1442
    }
  ],
  "median_test_r2": 0.008796005312039445,
  "median_test_mse": 0.12272797787917228,
  "median_test_mae": 0.3348844919137337,
  "coefficient_stability": 0.6875,
  "nonzero_count": 0,
  "sparsity_ratio": 1.0,
  "block_sparsity_summary": {
    "feature_blocks": {
      "commands": 4,
      "state": 0,
      "history": 0,
      "controller_params": 0
    }
  },
  "raw_condition_number": 1.0747273851950454,
  "effective_condition_number": 1.0747273851950454,
  "condition_number": 1.0747273851950454,
  "raw_singular_values": [
    65.20126947286633,
    63.354048466903066,
    62.91665945294798,
    60.99633567077865
  ],
  "singular_values": [
    65.20126947286633,
    63.354048466903066,
    62.91665945294798,
    60.99633567077865
  ],
  "effective_singular_values": [
    65.20126947286633,
    63.354048466903066,
    62.91665945294798,
    60.99633567077865
  ],
  "conditioning_pruned_features": [],
  "conditioning_baseline_drops": [],
  "conditioning_extra_pruned_features": [],
  "selection_frequency": [
    [
      0.0,
      0.0,
      0.0,
      0.0
    ],
    [
      0.0,
      0.0,
      0.0,
      0.0
    ],
    [
      0.0,
      0.0,
      0.0,
      0.0
    ],
    [
      0.0,
      0.0,
      0.0,
      0.0
    ]
  ],
  "backend_consistency": {
    "px4": {
      "r2": 0.018569234667334733,
      "mse": 0.12169183897407919,
      "mae": 0.3369491837115684,
      "residual_mean_abs": 0.3369491837115684,
      "residual_std": 0.34884337643054447,
      "residual_max_abs": 0.6562605538608424
    }
  },
  "mode_consistency": {
    "OFFBOARD_ATTITUDE": {
      "r2": 0.018923926466657748,
      "mse": 0.1221033821372037,
      "mae": 0.33841219652747323,
      "residual_mean_abs": 0.33841219652747323,
      "residual_std": 0.34924501937154845,
      "residual_max_abs": 0.6562605538608424
    },
    "POSCTL": {
      "r2": 0.01637209726644351,
      "mse": 0.12128860856100873,
      "mae": 0.3355157222549237,
      "residual_mean_abs": 0.3355157222549237,
      "residual_std": 0.3481070479991258,
      "residual_max_abs": 0.6515331471150856
    }
  },
  "top_influential": {
    "actuator_1": [
      {
        "feature": "command_pitch",
        "weight": 0.9596256741818598,
        "selection_frequency": 0.0
      },
      {
        "feature": "command_roll",
        "weight": 0.8980600754113414,
        "selection_frequency": 0.0
      },
      {
        "feature": "command_yaw",
        "weight": 0.8266732157683797,
        "selection_frequency": 0.0
      },
      {
        "feature": "command_throttle",
        "weight": -0.0006279196804891496,
        "selection_frequency": 0.0
      }
    ],
    "actuator_2": [
      {
        "feature": "command_pitch",
        "weight": 0.9551425450332149,
        "selection_frequency": 0.0
      },
      {
        "feature": "command_roll",
        "weight": 0.8950157362623687,
        "selection_frequency": 0.0
      },
      {
        "feature": "command_yaw",
        "weight": 0.8267366014747117,
        "selection_frequency": 0.0
      },
      {
        "feature": "command_throttle",
        "weight": -0.0023697182774323976,
        "selection_frequency": 0.0
      }
    ],
    "actuator_3": [
      {
        "feature": "command_roll",
        "weight": 0.9476106682754404,
        "selection_frequency": 0.0
      },
      {
        "feature": "command_pitch",
        "weight": 0.9462632136843936,
        "selection_frequency": 0.0
      },
      {
        "feature": "command_yaw",
        "weight": 0.8866909360008532,