feature,delta_state_roll,delta_state_pitch,delta_state_yaw,delta_state_roll_rate,delta_state_pitch_rate,delta_state_yaw_rate,delta_state_position_x,delta_state_position_y,delta_state_position_z,delta_state_velocity_x,delta_state_velocity_y,delta_state_velocity_z,delta_state_altitude,delta_state_vertical_speed,delta_state_heading
command_roll,0.13377791582457738,-0.053134747526825045,-0.034493494651204534,-0.010981848187121933,0.008407819606763484,-0.2162456751314451,-0.07862011508259206,-0.07029991495893011,0.04173022177082998,-0.09276291866281405,0.29781612524393314,0.010137323001722608,-0.04173022177082998,-0.010137323001722608,-0.03522132499878021
command_pitch,0.04310361161561137,0.1096356608334968,-0.16418764850355774,0.020870765109941333,-0.004531751443929519,0.05127612534129276,0.053607045633130575,-0.10272941409965422,0.019986231190249254,-0.292747145531711,-0.04802278864013522,0.05584959862682066,-0.019986231190249254,-0.05584959862682066,-0.16601651958171068
command_yaw,-0.2285684518758362,0.00537704660815567,-0.19597984243164737,-0.004336852156018128,-0.03535867788881656,0.7498289171280438,-0.14057928514690773,0.2908313265167901,0.04918646354756538,0.04598557179720231,0.3591983600048586,-0.02028200574655175,-0.04918646354756538,0.02028200574655175,-0.19874113755103784
command_throttle,0.019538877201000324,-0.015017242059033275,0.235320700752098,-0.023610128287468363,-0.0035126406663447,0.01203751315284651,0.05989737232825926,-0.4048836186839151,-0.10067263994262227,-0.04005747968106236,0.02362044310343612,0.08146821485354303,0.10067263994262227,-0.08146821485354303,0.23556561714686186
