actuator_1,actuator_2,actuator_3,actuator_4
0.2846443256915028,0.28452369271848815,0.2845287892152385,0.2846372720506842
