feature,actuator_1,actuator_2,actuator_3,actuator_4
command_roll,2.4853999747949036e-05,2.7009375032865493e-05,4.6041989735473206e-05,5.88808970925828e-05
command_pitch,0.0007841650714451922,0.0007514785173422104,0.0006727311107743195,0.0006406984312760319
command_yaw,0.002197692047711872,0.002172322526483834,0.0021022219337242017,0.0020917589043660777
command_throttle,-0.4302345922247969,-0.43006069084359927,-0.430068135542643,-0.4302394987288109
