{
  "x_schema": "commands_only",
  "y_schema": "actuator_response",
  "pooling_mode": "pooled",
  "model_name": "ridge_affine",
  "feature_names": [
    "command_roll",
    "command_pitch",
    "command_yaw",
    "command_throttle"
  ],
  "response_names": [
    "actuator_1",
    "actuator_2",
    "actuator_3",
    "actuator_4"
  ],
  "schema_metadata": {
    "x_schema": "commands_only",
    "y_schema": "actuator_response",
    "feature_count": 4,
    "response_count": 4,
    "strict_raw_linear": true,
    "requested_feature_columns": [
      "command_roll",
      "command_pitch",
      "command_yaw",
      "command_throttle"
    ],
    "requested_response_columns": [
      "actuator_1",
      "actuator_2",
      "actuator_3",
      "actuator_4"
    ],
    "dropped_unavailable_features": [],
    "dropped_unavailable_responses": [],
    "partial_feature_columns": {},
    "partial_response_columns": {},
    "dropped_response_leakage_features": [],
    "dropped_zero_variance_features": []
  },
  "repeat_metrics": [
    {
      "repeat_index": 1,
      "train": {
        "r2": 0.9992622894586469,
        "mse": 6.047179283870322e-05,
        "mae": 0.006778454684091684,
        "residual_mean_abs": 0.006778454684091684,
        "residual_std": 0.007776361156653104,
        "residual_max_abs": 0.018271020190002207
      },
      "val": {
        "r2": 0.9992276864368744,
        "mse": 5.926334371517156e-05,
        "mae": 0.006245030560652006,
        "residual_mean_abs": 0.006245030560652006,
        "residual_std": 0.00696618227543071,
        "residual_max_abs": 0.01824705267714638
      },
      "test": {
        "r2": 0.998074637980686,
        "mse": 0.00014742362905376574,
        "mae": 0.011084017063984349,
        "residual_mean_abs": 0.011084017063984349,
        "residual_std": 0.010298169054595867,
        "residual_max_abs": 0.018297346236018253
      },
      "condition_number": 1.4910540446928997,
      "raw_condition_number": 1.4910540446928997,
      "raw_singular_values": [
        69.04506539160784,
        58.83131005972858,
        58.06367701749714,
        46.30621246584559
      ],
      "effective_condition_number": 1.4910540446928997,
      "singular_values": [
        69.04506539160784,
        58.83131005972858,
        58.06367701749714,
        46.30621246584559
      ],
      "effective_singular_values": [
        69.04506539160784,
        58.83131005972858,
        58.06367701749714,
        46.30621246584559
      ],
      "conditioning_pruned_features": [],
      "conditioning_baseline_drops": [],
      "conditioning_extra_pruned_features": []
    },
    {
      "repeat_index": 2,
      "train": {
        "r2": 0.9991593001282487,
        "mse": 7.159896041137348e-05,
        "mae": 0.007929961148361678,
        "residual_mean_abs": 0.007929961148361678,
        "residual_std": 0.008461616891077819,
        "residual_max_abs": 0.01682867574415725
      },
      "val": {
        "r2": 0.999178920353187,
        "mse": 6.303282877076121e-05,
        "mae": 0.00760333453846589,
        "residual_mean_abs": 0.00760333453846589,
        "residual_std": 0.005459792813029347,
        "residual_max_abs": 0.016822325066194965
      },
      "test": {
        "r2": 0.9990306963957368,
        "mse": 8.359264754688978e-05,
        "mae": 0.00863559366255424,
        "residual_mean_abs": 0.00863559366255424,
        "residual_std": 0.008854748185726976,
        "residual_max_abs": 0.016819895222017767
      },
      "condition_number": 1.5284003368855121,
      "raw_condition_number": 1.5284003368855121,
      "raw_singular_values": [
        69.57598972563808,
        58.6929854859483,
        58.25850765027854,
        45.522097873529724
      ],
      "effective_condition_number": 1.5284003368855121,
      "singular_values": [
        69.57598972563808,
        58.6929854859483,
        58.25850765027854,
        45.522097873529724
      ],
      "effective_singular_values": [
        69.57598972563808,
        58.6929854859483,
        58.25850765027854,
        45.522097873529724
      ],
      "conditioning_pruned_features": [],
      "conditioning_baseline_drops": [],
      "conditioning_extra_pruned_features": []
    }
  ],
  "split_records": [
    {
      "repeat_index": 1,
      "train_count": 3436,
      "val_count": 1148,
      "test_count": 1145
    },
    {
      "repeat_index": 2,
      "train_count": 3438,
      "val_count": 1147,
      "test_count": 1144
    }
  ],
  "median_test_r2": 0.9985526671882115,
  "median_test_mse": 0.00011550813830032777,
  "median_test_mae": 0.009859805363269294,
  "coefficient_stability": 1.0,
  "nonzero_count": 4,
  "sparsity_ratio": 0.75,
  "block_sparsity_summary": {
    "feature_blocks": {
      "commands": 4,
      "state": 0,
      "history": 0,
      "controller_params": 0
    }
  },
  "raw_condition_number": 1.509727190789206,
  "effective_condition_number": 1.509727190789206,
  "condition_number": 1.509727190789206,
  "raw_singular_values": [
    69.04506539160784,
    58.83131005972858,
    58.06367701749714,
    46.30621246584559
  ],
  "singular_values": [
    69.04506539160784,
    58.83131005972858,
    58.06367701749714,
    46.30621246584559
  ],
  "effective_singular_values": [
    69.04506539160784,
    58.83131005972858,
    58.06367701749714,
    46.30621246584559
  ],
  "conditioning_pruned_features": [],
  "conditioning_baseline_drops": [],
  "conditioning_extra_pruned_features": [],
  "selection_frequency": [
    [
      0.0,
      0.0,
      0.0,
      0.0
    ],
    [
      0.0,
      0.0,
      0.0,
      0.0
    ],
    [
      0.0,
      0.0,
      0.0,
      0.0
    ],
    [
      1.0,
      1.0,
      1.0,
      1.0
    ]
  ],
  "backend_consistency": {
    "ardupilot": {
      "r2": 0.9991584972722904,
      "mse": 7.257140645057946e-05,
      "mae": 0.007762914628756632,
      "residual_mean_abs": 0.007762914628756632,
      "residual_std": 0.008496190776335988,
      "residual_max_abs": 0.016246327850123032,
      "sample_count": 5729.0
    }
  },
  "mode_consistency": {
    "GUIDED_NOGPS": {
      "r2": -330.13488838360075,
      "mse": 6.991642566392904e-05,
      "mae": 0.007812938378994739,
      "residual_mean_abs": 0.007812938378994739,
      "residual_std": 0.008358664917279365,
      "residual_max_abs": 0.016246327850123032,
      "sample_count": 2864.0
    },
    "STABILIZE": {
      "r2": NaN,
      "mse": 7.52254605423654e-05,
      "mae": 0.007712908338815293,
      "residual_mean_abs": 0.007712908338815293,
      "residual_std": 0.008612957936949883,
      "residual_max_abs": 0.016121934635165536,
      "sample_count": 2865.0
    }
  },
  "scenario_consistency": 0.9986010115906008,
  "scenario_subgroup_metrics": {
    "dynamic": {
      "r2": 0.9996103043541017,
      "mse": 3.360358921541825e-05,
      "mae": 0.005545523713544666,
      "residual_mean_abs": 0.005545523713544666,
      "residual_std": 0.005777462133656872,
      "residual_max_abs": 0.012276234492362925,
      "sample_count": 1910.0
    },
    "nominal": {
      "r2": 0.9996317553227405,
      "mse": 3.177013472624703e-05,
      "mae": 0.0055001643391067055,
      "residual_mean_abs": 0.0055001643391067055,
      "residual_std": 0.005611397402317839,
      "residual_max_abs": 0.010331850384499797,
      "sample_count": 1909.0
    },
    "throttle_biased": {
      "r2": 0.9982332820833766,
      "mse": 0.0001523191334877043,
      "mae": 0.012241871147603002,
      "residual_mean_abs": 0.012241871147603002,
      "residual_std": 0.012311835717299727,
      "residual_max_abs": 0.016246327850123032,
      "sample_count": 1910.0
    }
  },
  "top_influential": {
    "actuator_1": [
      {
        "feature": "command_throttle",
        "weight": -0.4302345922247969,
        "selection_frequency": 1.0
      },
      {
        "feature": "command_yaw",
        "weight": 0.002197692047711872,
        "selection_frequency": 0.0
      },
      {
        "feature": "command_pitch",