actuator_1,actuator_2,actuator_3,actuator_4
-33.480224713232204,-33.322565346853736,-33.43697353096077,-33.15596155841981
