actuator_1,actuator_2,actuator_3,actuator_4
0.2966376444656348,0.816659467747173,-2.986961456894529,0.28678776210200524
