actuator_1,actuator_2,actuator_3,actuator_4
-18.985688856180694,-19.00640288933871,-18.95455184419194,-19.34324793990273
