feature,future_state_roll,future_state_pitch,future_state_yaw,future_state_roll_rate,future_state_pitch_rate,future_state_yaw_rate
command_roll,0.4355590675680503,-0.0036448782596855377,-0.6051362796064841,-0.0018833637600662095,-0.011381386163026983,0.17179583662532977
command_pitch,0.0006591262463881696,0.30662221888537183,-0.48530473171446153,0.028993765828605796,0.016313976151656497,0.11432753685591183
command_yaw,0.005308780172160737,0.0006088421635246841,-0.7430711201552824,0.03974695277379915,0.010391194824114368,-0.0717377683544212
command_throttle,-0.011465090326829342,-0.0045484892611666935,8.353044253275957,-0.02576768208620092,-0.005304830372204909,1.2924834074267901
