actuator_1,actuator_2,actuator_3,actuator_4
0.28503865375751736,0.28510317238760313,0.2851685226391402,0.2851838579537106
