{
  "x_schema": "commands_only",
  "y_schema": "actuator_response",
  "pooling_mode": "pooled",
  "model_name": "ols_affine",
  "feature_names": [
    "command_roll",
    "command_pitch",
    "command_yaw",
    "command_throttle"
  ],
  "response_names": [
    "actuator_1",
    "actuator_2",
    "actuator_3",
    "actuator_4"
  ],
  "schema_metadata": {
    "x_schema": "commands_only",
    "y_schema": "actuator_response",
    "feature_count": 4,
    "response_count": 4,
    "strict_raw_linear": true,
    "requested_feature_columns": [
      "command_roll",
      "command_pitch",
      "command_yaw",
      "command_throttle"
    ],
    "requested_response_columns": [
      "actuator_1",
      "actuator_2",
      "actuator_3",
      "actuator_4"
    ],
    "dropped_unavailable_features": [],
    "dropped_unavailable_responses": [],
    "partial_feature_columns": {},
    "partial_response_columns": {},
    "dropped_response_leakage_features": [],
    "dropped_zero_variance_features": []
  },
  "repeat_metrics": [
    {
      "repeat_index": 1,
      "train": {
        "r2": 0.998716711603101,
        "mse": 0.00010948355003188998,
        "mae": 0.005965266512597117,
        "residual_mean_abs": 0.005965266512597117,
        "residual_std": 0.010463438728825719,
        "residual_max_abs": 0.06856240229502386
      },
      "val": {
        "r2": 0.9998539056071948,
        "mse": 1.117970578203796e-05,
        "mae": 0.003317087359457954,
        "residual_mean_abs": 0.003317087359457954,
        "residual_std": 0.003028706061242829,
        "residual_max_abs": 0.003967444040109458
      },
      "test": {
        "r2": 0.9976236524754047,
        "mse": 0.00020494786462126657,
        "mae": 0.007662607070045837,
        "residual_mean_abs": 0.007662607070045837,
        "residual_std": 0.014307255988622203,
        "residual_max_abs": 0.09291891060536417
      },
      "condition_number": 1.0194700234003695,
      "raw_condition_number": 1.0194700234003695,
      "raw_singular_values": [
        75.16514080133217,
        74.51490333975241,
        74.30796347042354,
        73.72962331018249
      ],
      "effective_condition_number": 1.0194700234003695,
      "singular_values": [
        75.16514080133217,
        74.51490333975241,
        74.30796347042354,
        73.72962331018249
      ],
      "effective_singular_values": [
        75.16514080133217,
        74.51490333975241,
        74.30796347042354,
        73.72962331018249
      ],
      "conditioning_pruned_features": [],
      "conditioning_baseline_drops": [],
      "conditioning_extra_pruned_features": []
    },
    {
      "repeat_index": 2,
      "train": {
        "r2": 0.9986078814593669,
        "mse": 0.00011990182062736999,
        "mae": 0.00617446747167655,
        "residual_mean_abs": 0.00617446747167655,
        "residual_std": 0.01094996897837478,
        "residual_max_abs": 0.092525201989625
      },
      "val": {
        "r2": 0.9989659203883974,
        "mse": 8.814145001484751e-05,
        "mae": 0.004416613485374185,
        "residual_mean_abs": 0.004416613485374185,
        "residual_std": 0.009385264197121441,
        "residual_max_abs": 0.06908137837156991
      },
      "test": {
        "r2": 0.9987890395861126,
        "mse": 0.00010442167098724208,
        "mae": 0.006168731173815888,
        "residual_mean_abs": 0.006168731173815888,
        "residual_std": 0.010218583394792785,
        "residual_max_abs": 0.06651225603948296
      },
      "condition_number": 1.0506349264887982,
      "raw_condition_number": 1.0506349264887982,
      "raw_singular_values": [
        76.20392476102798,
        74.53761260775083,
        74.43329639691738,
        72.53130734545447
      ],
      "effective_condition_number": 1.0506349264887982,
      "singular_values": [
        76.20392476102798,
        74.53761260775083,
        74.43329639691738,
        72.53130734545447
      ],
      "effective_singular_values": [
        76.20392476102798,
        74.53761260775083,
        74.43329639691738,
        72.53130734545447
      ],
      "conditioning_pruned_features": [],
      "conditioning_baseline_drops": [],
      "conditioning_extra_pruned_features": []
    }
  ],
  "split_records": [
    {
      "repeat_index": 1,
      "train_count": 5540,
      "val_count": 1722,
      "test_count": 1907
    },
    {
      "repeat_index": 2,
      "train_count": 5541,
      "val_count": 1717,
      "test_count": 1911
    }
  ],
  "median_test_r2": 0.9982063460307586,
  "median_test_mse": 0.00015468476780425432,
  "median_test_mae": 0.006915669121930862,
  "coefficient_stability": 1.0,
  "nonzero_count": 4,
  "sparsity_ratio": 0.75,
  "block_sparsity_summary": {
    "feature_blocks": {
      "commands": 4,
      "state": 0,
      "history": 0,
      "controller_params": 0
    }
  },
  "raw_condition_number": 1.035052474944584,
  "effective_condition_number": 1.035052474944584,
  "condition_number": 1.035052474944584,
  "raw_singular_values": [
    75.16514080133217,
    74.51490333975241,
    74.30796347042354,
    73.72962331018249
  ],
  "singular_values": [
    75.16514080133217,
    74.51490333975241,
    74.30796347042354,
    73.72962331018249
  ],
  "effective_singular_values": [
    75.16514080133217,
    74.51490333975241,
    74.30796347042354,
    73.72962331018249
  ],
  "conditioning_pruned_features": [],
  "conditioning_baseline_drops": [],
  "conditioning_extra_pruned_features": [],
  "selection_frequency": [
    [
      0.0,
      0.0,
      0.0,
      0.0
    ],
    [
      0.0,
      0.0,
      0.0,
      0.0
    ],
    [
      0.0,
      0.0,
      0.0,
      0.0
    ],
    [
      1.0,
      1.0,
      1.0,
      1.0
    ]
  ],
  "backend_consistency": {
    "ardupilot": {
      "r2": 0.9987158350652907,
      "mse": 0.00011074272943640923,
      "mae": 0.005832516494899194,
      "residual_mean_abs": 0.005832516494899194,
      "residual_std": 0.010522258012961083,
      "residual_max_abs": 0.09272205629749464,
      "sample_count": 9169.0
    }
  },
  "mode_consistency": {
    "GUIDED_NOGPS": {
      "r2": -716.0405515922306,
      "mse": 0.00014908017207302586,
      "mae": 0.006148649859294745,
      "residual_mean_abs": 0.006148649859294745,
      "residual_std": 0.01219842849437725,
      "residual_max_abs": 0.09272205629749464,
      "sample_count": 4583.0
    },
    "STABILIZE": {
      "r2": NaN,
      "mse": 7.24303658071868e-05,
      "mae": 0.005516589933838396,
      "residual_mean_abs": 0.005516589933838396,
      "residual_std": 0.00846881344727412,
      "residual_max_abs": 0.0570095579543759,
      "sample_count": 4586.0
    }
  },
  "scenario_consistency": 0.9933996088907576,
  "scenario_subgroup_metrics": {
    "dynamic": {
      "r2": 0.9998798734010234,
      "mse": 1.0358756170376694e-05,
      "mae": 0.0031994440304160734,
      "residual_mean_abs": 0.0031994440304160734,
      "residual_std": 0.0032156177151609435,
      "residual_max_abs": 0.003980794988548975,
      "sample_count": 3436.0
    },
    "nominal": {
      "r2": 0.9992032599669144,
      "mse": 6.871102025370775e-05,
      "mae": 0.004462155583448981,
      "residual_mean_abs": 0.004462155583448981,
      "residual_std": 0.008286893273823112,
      "residual_max_abs": 0.06882189033329689,
      "sample_count": 4586.0
    },
    "throttle_biased": {
      "r2": 0.9932802751743168,
      "mse": 0.0005795106025436078,
      "mae": 0.019199309980404575,
      "residual_mean_abs": 0.019199309980404575,
      "residual_std": 0.024072931872615062,
      "residual_max_abs": 0.09272205629749464,
      "sample_count": 1147.0
    }
  },
  "top_influential": {
    "actuator_1": [
      {
        "feature": "command_throttle",
        "weight": -0.4333748030621827,
        "selection_frequency": 1.0
      },
      {
        "feature": "command_yaw",
        "weight": -0.001207542032707455,
        "selection_frequency": 0.0
      },
      {
        "feature": "command_roll",