feature,delta_state_roll,delta_state_pitch,delta_state_yaw,delta_state_roll_rate,delta_state_pitch_rate,delta_state_yaw_rate,delta_state_position_x,delta_state_position_y,delta_state_position_z,delta_state_velocity_x,delta_state_velocity_y,delta_state_velocity_z,delta_state_altitude,delta_state_vertical_speed,delta_state_heading
command_roll,0.0,0.0,0.0,0.0,0.0,0.0,-93478.02448854718,394297.90338402265,0.059468471418321664,-0.008600512542126593,0.29446647589287994,0.09474033537364678,-0.059468471418321664,-0.09474033537364678,0.0
command_pitch,0.0,0.0,0.0,0.0,0.0,0.0,-337277.43662139226,1422664.9189374228,0.23530679652681097,-0.2494622562198524,-0.011736318229574903,-0.11068159115794217,-0.23530679652681097,0.11068159115794217,0.0
command_yaw,0.0,0.0,0.0,0.0,0.0,0.0,-851389.6167208997,3591233.3551821834,0.49108017467635084,0.06869439260052967,0.07051283727691707,-0.18374358587900694,-0.49108017467635084,0.18374358587900694,0.0
command_throttle,0.0,0.0,0.0,0.0,0.0,0.0,47516.84761589783,-200430.17817196448,0.07467764468177107,-0.0008749571925702026,0.005339151078691515,0.05500992965715554,-0.07467764468177107,-0.05500992965715554,0.0
