feature,window_mean_roll,window_mean_pitch,window_mean_yaw,window_mean_roll_rate,window_mean_pitch_rate,window_mean_yaw_rate,window_peak_roll,window_peak_pitch,window_peak_yaw,window_peak_roll_rate,window_peak_pitch_rate,window_peak_yaw_rate
command_roll,0.003771045779807936,0.004363244847342141,-0.012672358184754835,-0.01155082804183328,-0.07204095393620923,-0.0017786730528699586,0.003771045779807936,0.004363244847342141,-0.012672358184754835,0.00761045765340468,0.06455088080315037,-0.0017786730528699586
command_pitch,0.0007969746371644123,-0.006786772399453014,0.002837952553473701,0.006266644478712038,-0.03752631720820319,-0.03716247304130088,0.0007969746371644123,-0.006786772399453014,0.002837952553473701,-0.006859256300190293,0.03624559709966133,-0.03716247304130088
command_yaw,0.0016564858731267069,0.000598678251758644,0.0028637280835158915,0.030834808381786358,-0.0026907675853299782,-0.009642004382633287,0.0016564858731267069,0.000598678251758644,0.0028637280835158915,-0.03192202428792261,0.00032716821707584544,-0.009642004382633287
command_throttle,-0.004238378530741279,-0.008997046419578363,-0.002728297576382329,0.003474448774919547,-0.1476131454156965,-0.15990029097097594,-0.004238378530741279,-0.008997046419578363,-0.002728297576382329,-0.0110335104970536,0.13316802492585397,-0.15990029097097594
