feature,future_state_roll,future_state_pitch,future_state_yaw,future_state_roll_rate,future_state_pitch_rate,future_state_yaw_rate,future_state_position_x,future_state_position_y,future_state_position_z,future_state_velocity_x,future_state_velocity_y,future_state_velocity_z,future_state_altitude,future_state_vertical_speed,future_state_heading
command_roll,0.000334246485152977,-0.00042149179953608943,0.0003538327092148832,-0.02516254523550082,0.015465065378161912,-0.0035804386165176573,1242079.4311760578,-5239196.705435326,3.726279461255163,-0.7919995091083489,-0.02315959040165953,0.7380624827905194,-3.726279461255163,-0.7380624827905194,0.0003538327092148832
command_pitch,-0.0004298879153913054,0.0003852578999757993,3.560283555284629e-05,0.009728822338531083,-0.002135576195990434,-0.013511735888637777,4943546.203369383,-20852295.728405982,4.701594142111596,-0.07639127413053415,-0.9898024629264568,2.171987841178046,-4.701594142111596,-2.171987841178046,3.560283555284629e-05
command_yaw,0.0,-0.0009263346035590938,0.0015248848286403285,-0.04789239668780656,0.03227785178976658,-0.030103231191682504,11092732.053901777,-46790088.57651447,13.963785068702162,-1.3735133755050115,3.6045403818254025,4.725463277145636,-13.963785068702162,-4.725463277145636,0.0015248848286403285
command_throttle,-0.017751110206453695,0.026658649570745187,-0.03797036365589782,0.8926680534691678,-0.6235056140566219,0.23935177519152193,-240619.93256448884,1014954.8676866386,4.039627561421488,-0.8977057028889986,0.49916302891873154,0.7865700207844575,-4.039627561421488,-0.7865700207844575,-0.03797036365589782
