feature,future_state_roll,future_state_pitch,future_state_yaw,future_state_roll_rate,future_state_pitch_rate,future_state_yaw_rate,future_state_position_x,future_state_position_y,future_state_position_z,future_state_velocity_x,future_state_velocity_y,future_state_velocity_z,future_state_altitude,future_state_vertical_speed,future_state_heading
command_roll,0.0006686599340930251,-0.0007199905044480519,0.0005385742740517086,-0.025474160601806697,0.01568047342662386,-0.0038728551160262985,1242325.3017601897,-5240233.807291208,3.725937818134013,-0.7919856584478846,-0.02347448183705271,0.7384428276736474,-3.725937818134013,-0.7384428276736474,0.0005385742740517086
command_pitch,-0.0008653221824102757,0.00040254687522922334,5.05332123313906e-05,0.010059661395207514,-0.0022642555122814444,-0.014030748885311504,4941828.529274948,-20845050.431843117,4.700454462303389,-0.07677829225046563,-0.989868127944638,2.1718651121276866,-4.700454462303389,-2.1718651121276866,5.05332123313906e-05
command_yaw,0.000302221616105917,-0.001383245686819346,0.002255090701983993,-0.048698189987435254,0.03274850446272542,-0.03090089217195398,11088600.188423946,-46772660.01276029,13.960110843108165,-1.3738130503675878,3.6043327948859014,4.724718685349689,-13.960110843108165,-4.724718685349689,0.002255090701983993
command_throttle,-0.018432404884771297,0.02737082153732863,-0.038723868115124446,0.8927918487107568,-0.6241973209502246,0.23974976767978842,-240484.91851094458,1014385.3668853473,4.03919318001816,-0.8979989231768908,0.49969503354582223,0.7876964105628692,-4.03919318001816,-0.7876964105628692,-0.038723868115124446
