actuator_1,actuator_2,actuator_3,actuator_4
0.28469117494069224,0.28446080010047253,0.28448777132793057,0.28462092673112327
