{
  "x_schema": "commands_only",
  "y_schema": "actuator_response",
  "pooling_mode": "pooled",
  "model_name": "lasso_affine",
  "feature_names": [
    "command_roll",
    "command_pitch",
    "command_yaw",
    "command_throttle"
  ],
  "response_names": [
    "actuator_1",
    "actuator_2",
    "actuator_3",
    "actuator_4"
  ],
  "schema_metadata": {
    "x_schema": "commands_only",
    "y_schema": "actuator_response",
    "feature_count": 4,
    "response_count": 4,
    "strict_raw_linear": true,
    "requested_feature_columns": [
      "command_roll",
      "command_pitch",
      "command_yaw",
      "command_throttle"
    ],
    "requested_response_columns": [
      "actuator_1",
      "actuator_2",
      "actuator_3",
      "actuator_4"
    ],
    "dropped_unavailable_features": [],
    "dropped_unavailable_responses": [],
    "partial_feature_columns": {},
    "partial_response_columns": {},
    "dropped_response_leakage_features": [],
    "dropped_zero_variance_features": []
  },
  "repeat_metrics": [
    {
      "repeat_index": 1,
      "train": {
        "r2": 0.9992687830510467,
        "mse": 5.9882013115705875e-05,
        "mae": 0.006713727820501533,
        "residual_mean_abs": 0.006713727820501533,
        "residual_std": 0.007738346923969348,
        "residual_max_abs": 0.018349124587825727
      },
      "val": {
        "r2": 0.999243237075206,
        "mse": 5.809645653366003e-05,
        "mae": 0.00611615359225159,
        "residual_mean_abs": 0.00611615359225159,
        "residual_std": 0.006902010794624684,
        "residual_max_abs": 0.018348045967946924
      },
      "test": {
        "r2": 0.9980592051233609,
        "mse": 0.00014827296051476792,
        "mae": 0.01108344340821748,
        "residual_mean_abs": 0.01108344340821748,
        "residual_std": 0.010302442073744754,
        "residual_max_abs": 0.018415381867378677
      },
      "condition_number": 1.4908547169707205,
      "raw_condition_number": 1.4908547169707205,
      "raw_singular_values": [
        69.01692070636842,
        58.83036074207566,
        58.03932130285945,
        46.29352539904388
      ],
      "effective_condition_number": 1.4908547169707205,
      "singular_values": [
        69.01692070636842,
        58.83036074207566,
        58.03932130285945,
        46.29352539904388
      ],
      "effective_singular_values": [
        69.01692070636842,
        58.83036074207566,
        58.03932130285945,
        46.29352539904388
      ],
      "conditioning_pruned_features": [],
      "conditioning_baseline_drops": [],
      "conditioning_extra_pruned_features": []
    },
    {
      "repeat_index": 2,
      "train": {
        "r2": 0.9991644489594081,
        "mse": 7.118805810829751e-05,
        "mae": 0.007892713376730004,
        "residual_mean_abs": 0.007892713376730004,
        "residual_std": 0.008437301589269967,
        "residual_max_abs": 0.016847146586715933
      },
      "val": {
        "r2": 0.9991885403268199,
        "mse": 6.224176316254449e-05,
        "mae": 0.007498515397956484,
        "residual_mean_abs": 0.007498515397956484,
        "residual_std": 0.005333116776169543,
        "residual_max_abs": 0.01679938383716373
      },
      "test": {
        "r2": 0.9990415868750198,
        "mse": 8.267090564941833e-05,
        "mae": 0.008580552453796231,
        "residual_mean_abs": 0.008580552453796231,
        "residual_std": 0.00880397318564344,
        "residual_max_abs": 0.016576294163153316
      },
      "condition_number": 1.5295228719104597,
      "raw_condition_number": 1.5295228719104597,
      "raw_singular_values": [
        69.47403992154592,
        58.580264615481276,
        58.1596870700793,
        45.42203401951679
      ],
      "effective_condition_number": 1.5295228719104597,
      "singular_values": [
        69.47403992154592,
        58.580264615481276,
        58.1596870700793,
        45.42203401951679
      ],
      "effective_singular_values": [
        69.47403992154592,
        58.580264615481276,
        58.1596870700793,
        45.42203401951679
      ],
      "conditioning_pruned_features": [],
      "conditioning_baseline_drops": [],
      "conditioning_extra_pruned_features": []
    }
  ],
  "split_records": [
    {
      "repeat_index": 1,
      "train_count": 3434,
      "val_count": 1137,
      "test_count": 1142
    },
    {
      "repeat_index": 2,
      "train_count": 3426,
      "val_count": 1143,
      "test_count": 1144
    }
  ],
  "median_test_r2": 0.9985503959991904,
  "median_test_mse": 0.00011547193308209312,
  "median_test_mae": 0.009831997931006857,
  "coefficient_stability": 1.0,
  "nonzero_count": 12,
  "sparsity_ratio": 0.25,
  "block_sparsity_summary": {
    "feature_blocks": {
      "commands": 4,
      "state": 0,
      "history": 0,
      "controller_params": 0
    }
  },
  "raw_condition_number": 1.51018879444059,
  "effective_condition_number": 1.51018879444059,
  "condition_number": 1.51018879444059,
  "raw_singular_values": [
    69.01692070636842,
    58.83036074207566,
    58.03932130285945,
    46.29352539904388
  ],
  "singular_values": [
    69.01692070636842,
    58.83036074207566,
    58.03932130285945,
    46.29352539904388
  ],
  "effective_singular_values": [
    69.01692070636842,
    58.83036074207566,
    58.03932130285945,
    46.29352539904388
  ],
  "conditioning_pruned_features": [],
  "conditioning_baseline_drops": [],
  "conditioning_extra_pruned_features": [],
  "selection_frequency": [
    [
      0.8333333333333334,
      0.8333333333333334,
      1.0,
      0.8333333333333334
    ],
    [
      1.0,
      0.8333333333333334,
      0.8333333333333334,
      1.0
    ],
    [
      0.5,
      0.6666666666666666,
      0.6666666666666666,
      0.6666666666666666
    ],
    [
      1.0,
      1.0,
      1.0,
      1.0
    ]
  ],
  "backend_consistency": {
    "ardupilot": {
      "r2": 0.9991644198053914,
      "mse": 7.205633747029096e-05,
      "mae": 0.007703708907156846,
      "residual_mean_abs": 0.007703708907156846,
      "residual_std": 0.008466187426054228,
      "residual_max_abs": 0.01643048661390989,
      "sample_count": 5713.0
    }
  },
  "mode_consistency": {
    "GUIDED_NOGPS": {
      "r2": -360.7906579838872,
      "mse": 6.899350191987773e-05,
      "mae": 0.007739081203273681,
      "residual_mean_abs": 0.007739081203273681,
      "residual_std": 0.008304645607965816,
      "residual_max_abs": 0.01643048661390989,
      "sample_count": 2860.0
    },
    "STABILIZE": {
      "r2": NaN,
      "mse": 7.512668786432594e-05,
      "mae": 0.007668249823071973,
      "residual_mean_abs": 0.007668249823071973,
      "residual_std": 0.008601062198365726,
      "residual_max_abs": 0.016227032157322352,
      "sample_count": 2853.0
    }
  },
  "scenario_consistency": 0.9985696918144351,
  "scenario_subgroup_metrics": {
    "dynamic": {
      "r2": 0.9996159904787145,
      "mse": 3.3118795410856657e-05,
      "mae": 0.005502321659386682,
      "residual_mean_abs": 0.005502321659386682,
      "residual_std": 0.005732397014542437,
      "residual_max_abs": 0.012262505588822248,
      "sample_count": 1904.0
    },
    "nominal": {
      "r2": 0.9996507359231884,
      "mse": 3.0117092521780527e-05,
      "mae": 0.005351836932204603,
      "residual_mean_abs": 0.005351836932204603,
      "residual_std": 0.00546671805397853,
      "residual_max_abs": 0.01038948127665662,
      "sample_count": 1912.0
    },
    "throttle_biased": {
      "r2": 0.9982209272928916,
      "mse": 0.0001534084283626024,
      "mae": 0.012283688103710923,
      "residual_mean_abs": 0.012283688103710923,
      "residual_std": 0.012355873784339551,
      "residual_max_abs": 0.01643048661390989,
      "sample_count": 1897.0
    }
  },
  "top_influential": {
    "actuator_1": [
      {
        "feature": "command_throttle",
        "weight": -0.43043648864425627,
        "selection_frequency": 1.0
      },
      {
        "feature": "command_yaw",