feature,future_state_roll,future_state_pitch,future_state_yaw,future_state_roll_rate,future_state_pitch_rate,future_state_yaw_rate,future_state_position_x,future_state_position_y,future_state_position_z,future_state_velocity_x,future_state_velocity_y,future_state_velocity_z,future_state_altitude,future_state_vertical_speed,future_state_heading
command_roll,0.19780075440535036,-0.005295497260206838,-0.3797161099438081,0.01263106535900366,-0.0006111219239789637,0.055975914767594954,0.18137660999768979,-0.7409639940099588,0.5643371411639996,-0.05820070577661568,0.06735463505002463,0.08069173873862853,-0.5643371411639996,-0.08069173873862853,-0.379932831439602
command_pitch,0.0022098666386088832,0.3827994188007573,-1.158288548084393,0.023633095505747242,0.023493883356130868,-0.009971731587512519,2.57732979638039,-0.2155936252287714,-0.6851076461086941,-0.12347435973002949,0.18116773200089858,0.3174354823273504,0.6851076461086941,-0.3174354823273504,-1.1588098975281724
command_yaw,0.0038522910459379382,-0.000904147580891629,-0.9524129091945663,0.0347532427324714,0.009552553371235136,-0.09677393390248032,0.3346955958289335,-0.12563804003465648,-1.5313798193951182,0.11845298314844138,0.09772263622740396,0.22908016925926494,1.5313798193951182,-0.22908016925926494,-0.9535814330768331
command_throttle,-5.932013620361183e-06,-0.0024953697387042157,0.8724335204771719,-0.0010381591123918318,-0.001019151969549057,0.11424486659540672,0.11793078099240321,-0.2563164190537145,-0.15632425836244462,0.06299128514140229,-0.10386269590056463,-0.05518624465349939,0.15632425836244462,0.05518624465349939,0.8720391902158244
