window_mean_roll,window_mean_pitch,window_mean_yaw,window_mean_roll_rate,window_mean_pitch_rate,window_mean_yaw_rate,window_peak_roll,window_peak_pitch,window_peak_yaw,window_peak_roll_rate,window_peak_pitch_rate,window_peak_yaw_rate
-0.04273476253620224,0.0005559101415658629,6.671131451646829,0.1631710843769405,-0.0008458695919576001,-1.1921599243133518,-0.04273476253620224,0.0005559101415658629,6.671131451646829,2.281169161433888,1.9642744599684776,-1.1921599243133518
