actuator_1,actuator_2,actuator_3,actuator_4
0.310433328151627,0.3106066111768117,0.3089695008242902,0.31140373457784976
