feature,actuator_1,actuator_2,actuator_3,actuator_4
command_roll,-77837.51851907623,-76310.30251893461,-80267.99571632525,-76929.22647396724
command_pitch,82828.22740459006,81942.82550243284,84262.45976731919,82301.15797053228
command_yaw,28937.452028749827,26890.28391304693,32145.140977549938,27720.94323087426
command_throttle,0.447104819081173,0.45005451299646354,0.4448833340520926,0.45130976024596653
