{
  "x_schema": "commands_only",
  "y_schema": "actuator_response",
  "pooling_mode": "pooled",
  "model_name": "ols_affine",
  "feature_names": [
    "command_roll",
    "command_pitch",
    "command_yaw",
    "command_throttle"
  ],
  "response_names": [
    "actuator_1",
    "actuator_2",
    "actuator_3",
    "actuator_4"
  ],
  "schema_metadata": {
    "x_schema": "commands_only",
    "y_schema": "actuator_response",
    "feature_count": 4,
    "response_count": 4,
    "strict_raw_linear": true,
    "requested_feature_columns": [
      "command_roll",
      "command_pitch",
      "command_yaw",
      "command_throttle"
    ],
    "requested_response_columns": [
      "actuator_1",
      "actuator_2",
      "actuator_3",
      "actuator_4"
    ],
    "dropped_unavailable_features": [],
    "dropped_unavailable_responses": [],
    "partial_feature_columns": {},
    "partial_response_columns": {},
    "dropped_response_leakage_features": [],
    "dropped_zero_variance_features": []
  },
  "repeat_metrics": [
    {
      "repeat_index": 1,
      "train": {
        "r2": 0.023906881804083513,
        "mse": 0.1167001182184915,
        "mae": 0.32716947523231926,
        "residual_mean_abs": 0.32716947523231926,
        "residual_std": 0.34161399008016563,
        "residual_max_abs": 0.4945766610348116
      },
      "val": {
        "r2": -6.622702816948289,
        "mse": 3.010356130976977e-06,
        "mae": 0.0016094022402909833,
        "residual_mean_abs": 0.0016094022402909833,
        "residual_std": 0.0017350377894953689,
        "residual_max_abs": 0.0020000005525233067
      },
      "test": {
        "r2": -0.7505858205246843,
        "mse": 0.1732498425005307,
        "mae": 0.27270660622851584,
        "residual_mean_abs": 0.27270660622851584,
        "residual_std": 0.31460378406999134,
        "residual_max_abs": 0.7930341958918306
      },
      "condition_number": 446496.47878049844,
      "raw_condition_number": 446496.47878049844,
      "raw_singular_values": [
        33.19395575136449,
        18.605410544948327,
        0.00015765364827675363,
        7.434315236264815e-05
      ],
      "effective_condition_number": 446496.47878049844,
      "singular_values": [
        33.19395575136449,
        18.605410544948327,
        0.00015765364827675363,
        7.434315236264815e-05
      ],
      "effective_singular_values": [
        33.19395575136449,
        18.605410544948327,
        0.00015765364827675363,
        7.434315236264815e-05
      ],
      "conditioning_pruned_features": [],
      "conditioning_baseline_drops": [],
      "conditioning_extra_pruned_features": []
    },
    {
      "repeat_index": 2,
      "train": {
        "r2": 0.023906881804083513,
        "mse": 0.1167001182184915,
        "mae": 0.32716947523231926,
        "residual_mean_abs": 0.32716947523231926,
        "residual_std": 0.34161399008016563,
        "residual_max_abs": 0.4945766610348116
      },
      "val": {
        "r2": -6.622702816948289,
        "mse": 3.010356130976977e-06,
        "mae": 0.0016094022402909833,
        "residual_mean_abs": 0.0016094022402909833,
        "residual_std": 0.0017350377894953689,
        "residual_max_abs": 0.0020000005525233067
      },
      "test": {
        "r2": -0.7505858205246843,
        "mse": 0.1732498425005307,
        "mae": 0.27270660622851584,
        "residual_mean_abs": 0.27270660622851584,
        "residual_std": 0.31460378406999134,
        "residual_max_abs": 0.7930341958918306
      },
      "condition_number": 446496.47878049844,
      "raw_condition_number": 446496.47878049844,
      "raw_singular_values": [
        33.19395575136449,
        18.605410544948327,
        0.00015765364827675363,
        7.434315236264815e-05
      ],
      "effective_condition_number": 446496.47878049844,
      "singular_values": [
        33.19395575136449,
        18.605410544948327,
        0.00015765364827675363,
        7.434315236264815e-05
      ],
      "effective_singular_values": [
        33.19395575136449,
        18.605410544948327,
        0.00015765364827675363,
        7.434315236264815e-05
      ],
      "conditioning_pruned_features": [],
      "conditioning_baseline_drops": [],
      "conditioning_extra_pruned_features": []
    }
  ],
  "split_records": [
    {
      "repeat_index": 1,
      "train_count": 362,
      "val_count": 121,
      "test_count": 121
    },
    {
      "repeat_index": 2,
      "train_count": 362,
      "val_count": 121,
      "test_count": 121
    }
  ],
  "median_test_r2": -0.7505858205246843,
  "median_test_mse": 0.1732498425005307,
  "median_test_mae": 0.27270660622851584,
  "coefficient_stability": 1.0,
  "nonzero_count": 12,
  "sparsity_ratio": 0.25,
  "block_sparsity_summary": {
    "feature_blocks": {
      "commands": 4,
      "state": 0,
      "history": 0,
      "controller_params": 0
    }
  },
  "raw_condition_number": 446496.47878049844,
  "effective_condition_number": 446496.47878049844,
  "condition_number": 446496.47878049844,
  "raw_singular_values": [
    33.19395575136449,
    18.605410544948327,
    0.00015765364827675363,
    7.434315236264815e-05
  ],
  "singular_values": [
    33.19395575136449,
    18.605410544948327,
    0.00015765364827675363,
    7.434315236264815e-05
  ],
  "effective_singular_values": [
    33.19395575136449,
    18.605410544948327,
    0.00015765364827675363,
    7.434315236264815e-05
  ],
  "conditioning_pruned_features": [],
  "conditioning_baseline_drops": [],
  "conditioning_extra_pruned_features": [],
  "selection_frequency": [
    [
      1.0,
      1.0,
      1.0,
      1.0
    ],
    [
      1.0,
      1.0,
      1.0,
      1.0
    ],
    [
      1.0,
      1.0,
      1.0,
      1.0
    ],
    [
      0.3333333333333333,
      0.3333333333333333,
      0.3333333333333333,
      0.3333333333333333
    ]
  ],
  "backend_consistency": {
    "px4": {
      "r2": 0.008879756907270608,
      "mse": 0.10465072515024831,
      "mae": 0.25103905142189603,
      "residual_mean_abs": 0.25103905142189603,
      "residual_std": 0.31885718948787495,
      "residual_max_abs": 0.7930341958918306
    }
  },
  "mode_consistency": {
    "OFFBOARD_ATTITUDE": {
      "r2": -0.2605423399734317,
      "mse": 0.08352029976659175,
      "mae": 0.13224163748164872,
      "residual_mean_abs": 0.13224163748164872,
      "residual_std": 0.2574091332027802,
      "residual_max_abs": 0.7930341958918306
    },
    "POSCTL": {
      "r2": 0.004434112420240388,
      "mse": 0.119675475210582,
      "mae": 0.3355097338553296,
      "residual_mean_abs": 0.3355097338553296,
      "residual_std": 0.34594143320883375,
      "residual_max_abs": 0.4945766610348116
    }
  },
  "top_influential": {
    "actuator_1": [
      {
        "feature": "command_pitch",
        "weight": 82828.22740459006,
        "selection_frequency": 1.0
      },
      {
        "feature": "command_roll",
        "weight": -77837.51851907623,
        "selection_frequency": 1.0
      },
      {
        "feature": "command_yaw",
        "weight": 28937.452028749827,
        "selection_frequency": 1.0
      },
      {
        "feature": "command_throttle",
        "weight": 0.447104819081173,
        "selection_frequency": 0.3333333333333333
      }
    ],
    "actuator_2": [
      {
        "feature": "command_pitch",
        "weight": 81942.82550243284,
        "selection_frequency": 1.0
      },
      {
        "feature": "command_roll",
        "weight": -76310.30251893461,
        "selection_frequency": 1.0
      },
      {
        "feature": "command_yaw",
        "weight": 26890.28391304693,
        "selection_frequency": 1.0
      },
      {
        "feature": "command_throttle",
        "weight": 0.45005451299646354,
        "selection_frequency": 0.3333333333333333
      }
    ],
    "actuator_3": [
      {
        "feature": "command_pitch",
        "weight": 84262.45976731919,