future_state_roll,future_state_pitch,future_state_yaw,future_state_roll_rate,future_state_pitch_rate,future_state_yaw_rate,future_state_position_x,future_state_position_y,future_state_position_z,future_state_velocity_x,future_state_velocity_y,future_state_velocity_z,future_state_altitude,future_state_vertical_speed,future_state_heading
-0.013069202481621313,0.012110706950160418,13.75047129445192,-0.05748815096462894,-0.022633960214024265,1.9356039821963824,2.1661061796946366,-10.062259741902484,4.5912184718257105,0.46187354695637917,-3.168587145844716,-1.671376591078821,-4.5912184718257105,1.671376591078821,13.745747982942499
