feature,future_state_roll,future_state_pitch,future_state_yaw,future_state_roll_rate,future_state_pitch_rate,future_state_yaw_rate,future_state_position_x,future_state_position_y,future_state_position_z,future_state_velocity_x,future_state_velocity_y,future_state_velocity_z,future_state_altitude,future_state_vertical_speed,future_state_heading
command_roll,0.44199772295248035,0.04905730251499481,-0.8098689958148955,-0.06184859749077791,0.008883569609414246,-0.19022858103705126,0.3720148960449129,-1.3060075888883644,-1.3404136562555555,-0.797772558952305,-0.5415550161157763,0.47213270313236727,1.3404136562555555,-0.47213270313236727,-0.8091150015091508
command_pitch,-0.039735571745274714,0.39460766247385126,-2.2582008000446336,0.01998978071838914,-0.018021609142476358,0.015198832867689603,1.0597656854179738,-1.3760792432092506,-1.7238161429360508,0.2800106453731546,-1.1240873058035508,0.21489647848283044,1.7238161429360508,-0.21489647848283044,-2.253862760809597
command_yaw,0.22268866999926779,-0.02356329256409823,-0.46937901811025795,0.1000497902572507,-0.05663030266902277,2.2550566296849013,0.9518433565331659,-8.7615798341418,-0.5642184239051431,-1.6901139289691849,2.4319792755303387,0.47607665389779985,0.5642184239051431,-0.47607665389779985,-0.46460365731689496
command_throttle,-0.0022006830725868343,0.040376172609749086,17.803990746405017,-0.0713115611950782,-0.017523430960912967,2.8181269480021363,2.8121218893175826,-12.793657736997249,3.244238715284144,0.5401177672740762,-4.608357534920111,-1.2765481805080179,-3.244238715284144,1.2765481805080179,17.797054551432897
