actuator_1,actuator_2,actuator_3,actuator_4
-46.34642951842034,-46.37401352935402,-46.49871153813456,-46.047168002111746
