actuator_1,actuator_2,actuator_3,actuator_4
14.881752807588256,14.918597760053782,19.113584800878677,19.20546027924825
