actuator_1,actuator_2,actuator_3,actuator_4
-19.528760326656588,-19.10061558341754,-22.744991264273846,-25.496382811493064
