actuator_1,actuator_2,actuator_3,actuator_4
-43.58139453988262,-43.26609369640454,-43.21601758352001,-43.53644863267979
