feature,window_mean_roll,window_mean_pitch,window_mean_yaw,window_mean_roll_rate,window_mean_pitch_rate,window_mean_yaw_rate,window_peak_roll,window_peak_pitch,window_peak_yaw,window_peak_roll_rate,window_peak_pitch_rate,window_peak_yaw_rate
command_roll,0.41192211556473085,0.06284259150261888,-0.8028282696370489,-0.060816226618984004,0.006416440711422243,-0.13294402394906232,0.06953864678838678,0.023467942996619705,-0.6898960985718317,0.016267731619484364,0.03485287111994208,0.14007730164982982
command_pitch,-0.05325746495411861,0.36990218869502467,-2.219279362817086,0.01616372365490566,-0.015991983800369317,-0.0005749055647022265,0.04026822138138082,-0.004016066343346378,-1.9043936659586254,0.06280031828482713,0.0785114599611615,0.03565062539430697
command_yaw,0.2793117523556569,-0.026545821565067657,-0.42427310338022967,0.10581377367947717,-0.047502989901311354,2.061476898156085,0.22153462379016817,0.021123719301437208,-0.15774274599424784,-0.1497588960582726,-0.038528033184985336,-2.1655463048968784
command_throttle,-0.006285856071078545,0.04520614364146386,17.746232612484768,-0.06588952123626542,-0.016253587899798624,2.819521505140274,-0.363846273056628,-0.23299845512314388,17.38369661428602,-0.4314044528801175,-0.1957583139104254,-3.088255995047583
