actuator_1,actuator_2,actuator_3,actuator_4
5.216497092604014,5.053329002774386,0.6323980381156017,-3.6541995881301315
