feature,roll__h1,pitch__h1,yaw__h1,roll_rate__h1,pitch_rate__h1,yaw_rate__h1,roll__h2,pitch__h2,yaw__h2,roll_rate__h2,pitch_rate__h2,yaw_rate__h2
command_roll,0.23306724245368188,0.17614841607618642,-0.630583466203255,0.0421738117617278,0.021591097821489054,-0.14369100629907125,0.2414793667847171,0.1841624493089904,-0.6505993249856215,0.05239212700015984,0.021519122496557276,-0.16092795107269786
command_pitch,3.852115060242619e-06,0.0,-0.00020115520031979955,2.3093438686793577e-05,1.2632408291546338e-05,-2.0544681868844762e-05,1.0989148963057288e-05,6.764457239506338e-06,-0.0002058181768727741,2.5213582775000746e-05,8.568226046541328e-06,-4.4708987536933385e-05
command_yaw,8.954867416947733e-05,3.522560384955281e-05,-0.0003911850296965051,4.592628993994308e-05,8.872742411368854e-05,-0.0008740106984392145,5.1945710928234825e-05,8.209295054952537e-07,-0.00036345526063006836,6.344704345881045e-05,0.00010051395884122211,-0.0009161976626798329
command_throttle,-0.002505154228657403,-0.0012836196501842321,0.934484615302168,-0.003475328201474682,-0.002720877716191142,0.10786113820876658,-0.0025742092863948575,-0.001338649092918816,0.9408538006629404,-0.0035879028934044863,-0.0024558674217969867,0.11266173523717427
