actuator_1,actuator_2,actuator_3,actuator_4
-5.306210238090657,-5.2950683229033855,-5.652642176647655,-5.640536122230975
