feature,actuator_1,actuator_2,actuator_3,actuator_4
command_roll,0.05793815340974811,0.05704848630813445,0.13189310824508074,0.13296518053826484
command_pitch,0.0711931573911258,0.07004581797457775,0.16397959013816266,0.16540093676178713
command_yaw,0.1431131706571821,0.14068960243234283,0.33755315011827364,0.3405704326329516
command_throttle,-7.903342702412681,-7.88620698899493,-8.403799117096971,-8.385460773191696
