actuator_1,actuator_2,actuator_3,actuator_4
-15.693987722115462,-15.136128141776831,-14.934603120531246,-15.522132365888861
