roll__h1,pitch__h1,yaw__h1,roll_rate__h1,pitch_rate__h1,yaw_rate__h1,roll__h2,pitch__h2,yaw__h2,roll_rate__h2,pitch_rate__h2,yaw_rate__h2
0.017987125263867886,-6.0554610497509306e-05,1.2607870303327218e-09,-1.4647608126416856e-10,-1.3999671560904758e-10,-9.173706239096191e-11,0.017987125263867886,-6.0554610497509306e-05,1.2607870303327218e-09,-1.4647608126416856e-10,-1.3999671560904758e-10,-9.173706239096191e-11
