feature,future_state_roll,future_state_pitch,future_state_yaw,future_state_roll_rate,future_state_pitch_rate,future_state_yaw_rate,future_state_position_x,future_state_position_y,future_state_position_z,future_state_velocity_x,future_state_velocity_y,future_state_velocity_z,future_state_altitude,future_state_vertical_speed,future_state_heading
command_roll,0.08990610566930284,0.06804773061825733,-0.2252192014368004,0.0026935251967929222,0.017896229103545696,-0.02375119550524207,0.6313817660192063,-0.8294612924628204,-0.2844652307057814,-0.027005787431056673,0.1478115983199217,-0.03284836259158966,0.2844652307057814,0.03284836259158966,-0.22497371122140572
command_pitch,0.11213954539043086,0.08491248174062874,-0.2760021768460616,0.0035970444584266697,0.02253706794922792,-0.028526278228461918,0.7847105002213705,-1.0349058795964567,-0.35608269701361445,-0.03769075299498244,0.18796429310804008,-0.04302093200637746,0.35608269701361445,0.04302093200637746,-0.27570195941537834
command_yaw,0.22501495406326277,0.1698643198443673,-0.5639282398856866,0.00646157444536005,0.04565972109222544,-0.06272152227717029,1.5527484534147047,-2.044784262364356,-0.7481675937527887,-0.07001291970191556,0.3670593363414555,-0.08759876343984889,0.7481675937527887,0.08759876343984889,-0.5633886572169018
command_throttle,-0.00477603099704299,-0.0025948596963056283,0.9321504715693645,-0.0026727844295819413,-0.002666630214238762,0.0973790551956353,0.42850800982670656,-0.847361307938264,1.1010707795872468,0.11582721746204763,-0.18269014147112156,0.043193458848887575,-1.1010707795872468,-0.043193458848887575,0.9319865850714232
