feature,delta_state_roll,delta_state_pitch,delta_state_yaw,delta_state_roll_rate,delta_state_pitch_rate,delta_state_yaw_rate,delta_state_position_x,delta_state_position_y,delta_state_position_z,delta_state_velocity_x,delta_state_velocity_y,delta_state_velocity_z,delta_state_altitude,delta_state_vertical_speed,delta_state_heading
command_roll,0.02034034334059407,0.017777642641424413,-0.04595375486466674,0.018259051656456304,-0.0007592574786636279,-0.036129888985516695,0.0013967426270355683,0.026874722283054722,-0.01678760767519151,-0.16838136094952094,0.21610703794584343,-0.019828368772505794,0.01678760767519151,0.019828368772505794,-0.04631580662128483
command_pitch,1.389443642360069e-05,1.224235282449882e-05,-9.532625617496066e-06,5.4787626362909714e-06,-3.9040285051872903e-07,-4.3539109602673675e-05,0.0,3.111077644775807e-05,-2.3275133516870246e-07,0.0,1.2099419963221312e-06,-1.2929476946382919e-05,2.3275133516870246e-07,1.2929476946382919e-05,-9.795242952848681e-06
command_yaw,0.0,0.0,0.0,2.4414365721310787e-05,-1.9401658946090404e-05,-0.00010980461527379878,8.225392978917154e-06,1.7002156476414464e-06,-2.410750994899652e-05,-5.294775581552035e-05,5.8637257712424515e-05,0.0,2.410750994899652e-05,0.0,0.0
command_throttle,-7.372862192344941e-05,-4.212250454795351e-05,0.012699844753401413,-0.0002565490074105007,0.0004333368691186661,0.009819345784356354,0.011126932360374417,-0.016089179670112246,-0.0027548906122743487,-0.00025446722339203857,0.00021522784951881854,0.0009381827557244566,0.0027548906122743487,-0.0009381827557244566,0.012704768188598718
