actuator_1,actuator_2,actuator_3,actuator_4
0.7521782209980147,0.7338477115541665,0.7755012115409182,0.7578352170412594
