actuator_1,actuator_2,actuator_3,actuator_4
1.6524366472904035,0.7514162452097564,0.832667541897746,-0.9069957387413778
