feature,delta_state_roll,delta_state_pitch,delta_state_yaw,delta_state_roll_rate,delta_state_pitch_rate,delta_state_yaw_rate,delta_state_position_x,delta_state_position_y,delta_state_position_z,delta_state_velocity_x,delta_state_velocity_y,delta_state_velocity_z,delta_state_altitude,delta_state_vertical_speed,delta_state_heading
command_roll,0.0,0.0,0.0,0.0,0.0,0.0,-469101.8025782593,1978711.1816763585,-0.007691341763867815,-0.007508065210980876,0.22745667766775557,-0.10828778789971842,0.007691341763867815,0.10828778789971842,0.0
command_pitch,0.0,0.0,0.0,0.0,0.0,0.0,242661.95995500646,-1023568.2896499648,-0.0022107690446582628,-0.29076610578587564,-0.012019524136574715,-0.07634092102399415,0.0022107690446582628,0.07634092102399415,0.0
command_yaw,0.0,0.0,0.0,0.0,0.0,0.0,-462310.05014505365,1950063.0138921563,0.06129161006621475,0.001347559047353014,-0.00281482492104332,0.011572790361072866,-0.06129161006621475,-0.011572790361072866,0.0
command_throttle,0.0,0.0,0.0,0.0,0.0,0.0,5741.48635212551,-24218.158498421166,-0.011347565437422965,0.004567804753995985,-0.001459057038091813,0.2588781521229223,0.011347565437422965,-0.2588781521229223,0.0
