feature,delta_state_roll,delta_state_pitch,delta_state_yaw,delta_state_roll_rate,delta_state_pitch_rate,delta_state_yaw_rate,delta_state_position_x,delta_state_position_y,delta_state_position_z,delta_state_velocity_x,delta_state_velocity_y,delta_state_velocity_z,delta_state_altitude,delta_state_vertical_speed,delta_state_heading
command_roll,0.08783716397652937,-0.0011095779804391776,-0.0073048797149864435,-0.005847310039266662,-0.0029237545026631786,0.01852716371056855,0.005040586800616781,0.04392708363160581,0.015784827598633384,-0.021530516866067523,0.31503644819030263,0.004895420731078147,-0.015784827598633384,-0.004895420731078147,-0.0075366707334579616
command_pitch,0.006989309300993483,0.10396503533022998,0.0245899274808084,0.008258032179122533,0.0008137668283023486,0.03077955840987599,0.027669846602281875,0.012261380091895237,0.004122887576924934,-0.23760391748811455,0.028455055742523907,0.01868995714688624,-0.004122887576924934,-0.01868995714688624,0.02445596013574339
command_yaw,0.002403317464048708,0.0001750359174491074,0.05537791665585422,0.005937874293655889,-0.0019257690553886235,0.023427798814318605,0.008629577858718509,0.0008463943016865133,0.025504621543559654,-0.0011802255219845602,0.005730977894802762,0.017387109635832152,-0.025504621543559654,-0.017387109635832152,0.055168995821238465
command_throttle,-0.002246947234690035,0.0033832517976092337,0.09478744273409662,-0.004792911521293738,0.0030067296831659536,0.07251962327679233,0.0464173081530638,-0.110663876385014,-0.11896215503084233,-0.0038555480732740486,0.007046525506716919,0.4116034009971219,0.11896215503084233,-0.4116034009971219,0.09479791682421751
