actuator_1,actuator_2,actuator_3,actuator_4
-0.372302660862613,-0.32240715066927583,-0.36247855345211233,-0.3929928494713058
