actuator_1,actuator_2,actuator_3,actuator_4
0.6811026364491757,0.6787918220464728,0.6945854614470173,0.6956604781980018
