feature,future_state_roll,future_state_pitch,future_state_yaw,future_state_roll_rate,future_state_pitch_rate,future_state_yaw_rate
command_roll,-0.002926119828685708,-0.004485329332353533,0.0028592202843610052,0.007473112308491548,-0.016319551630454225,0.005036043759870635
command_pitch,-0.003616301127262634,-0.005620292250929863,0.0035816858526913093,0.009366580831568673,-0.020319440257092557,0.006273427550312832
command_yaw,-0.00727037070593464,-0.011271719156243759,0.007149337168650206,0.019323033165935366,-0.04008904319575849,0.01244492437099608
command_throttle,0.021053062715644656,0.0031128437116901882,-0.007933186232272663,0.0007497326893474045,-0.0001569311651043567,0.001661153641041229
