feature,future_state_roll,future_state_pitch,future_state_yaw,future_state_roll_rate,future_state_pitch_rate,future_state_yaw_rate,future_state_position_x,future_state_position_y,future_state_position_z,future_state_velocity_x,future_state_velocity_y,future_state_velocity_z,future_state_altitude,future_state_vertical_speed,future_state_heading
command_roll,1722.0618488658006,1539.31208864692,-28978.120133497716,-1317.8699818392408,-2360.215904165726,-4727.422456576388,66866.24298322116,-60898.63306819739,32273.026860044185,27983.39026192015,-17208.84576682788,20163.060930824755,-32273.026860044185,-20163.060930824755,-28859.44151918719
command_pitch,-2804.7842004155827,-1594.1749889253533,46588.40441280788,2277.839448386087,1550.6467303812708,11728.097163788752,-42322.445542162124,23771.07944886144,22976.292010989877,-33522.87148424063,27258.87736520822,-17962.604357591168,-22976.292010989877,17962.604357591168,46562.91904109781
command_yaw,1305.0857742895976,-659.421244368448,-20733.06718140888,-1260.979651025647,2799.3826496538068,-11637.794723121795,-82516.0339305391,104698.17429294965,-126637.3797813599,-2913.0218545524754,-11494.455898322842,-14482.72248163568,126637.3797813599,14482.72248163568,-20978.791339608997
command_throttle,-0.004816382233578244,-0.0026349627405282267,0.9326537205872372,-0.002658574207747431,-0.002609674939722877,0.09746154153131725,0.4270093724992398,-0.8457006436692525,1.1012814820523564,0.11556241252355787,-0.18270990692526506,0.0428114374217299,-1.1012814820523564,-0.0428114374217299,0.9324873866059913
