actuator_1,actuator_2,actuator_3,actuator_4
6.9913551661958815,6.87289975592363,6.9026783970071515,6.886975686846258
