feature,future_state_roll,future_state_pitch,future_state_yaw,future_state_roll_rate,future_state_pitch_rate,future_state_yaw_rate,future_state_position_x,future_state_position_y,future_state_position_z,future_state_velocity_x,future_state_velocity_y,future_state_velocity_z,future_state_altitude,future_state_vertical_speed,future_state_heading
command_roll,0.506201957491813,0.38558576951358564,-0.6098535441842708,0.026730141573680654,0.051946942064068,-0.3811175414938821,4.094580003260897,-6.213534271226071,-0.8300471935934473,-0.06646501804471741,0.5617700405082415,-0.09201778659377531,0.8300471935934473,0.09201778659377531,-0.6085635967770165
command_pitch,1.1796507014653943e-05,1.5869982228019853e-05,8.259629884879741e-07,5.4521593273178165e-06,1.0654650030251195e-05,-5.2926748437529205e-05,4.3510423640366794e-05,4.970408875004251e-05,-0.002533255885929335,-0.0006830776974658206,0.0015389988215321168,7.495231156982002e-06,0.002533255885929335,-7.495231156982002e-06,8.257022769688594e-07
command_yaw,7.477112019536734e-05,7.399245049854872e-05,-0.0007907731079140316,0.0001905973180008784,9.07743326747357e-05,-0.003712973532069964,0.00011248974575173696,0.00011120262613898458,-0.0033779293304810774,0.0,1.603786901270361e-05,-0.0002971152826455742,0.0033779293304810774,0.0002971152826455742,-0.0007955845092412426
command_throttle,0.004827424962164919,-0.016574449516304015,19.780351822551513,-0.05901191560447826,-0.06852125988604972,2.4856726536943774,11.411224272743327,-20.293195856596693,6.93731844052592,2.2965314616555883,-3.8309974330551873,-2.1567883964075323,-6.93731844052592,2.1567883964075323,19.776808474665913
