actuator_1,actuator_2,actuator_3,actuator_4
-2.353833936704865,-2.195355099208598,-2.3023352170945888,-2.2981395006963905
