feature,delta_state_roll,delta_state_pitch,delta_state_yaw,delta_state_roll_rate,delta_state_pitch_rate,delta_state_yaw_rate,delta_state_position_x,delta_state_position_y,delta_state_position_z,delta_state_velocity_x,delta_state_velocity_y,delta_state_velocity_z,delta_state_altitude,delta_state_vertical_speed,delta_state_heading
command_roll,0.08806710936076474,-0.001191901840937676,-0.007216702483694779,-0.0059171356873045314,-0.0031626507338865448,0.018770049442788015,0.005111956970768498,0.043998535396934,0.01602286288336817,-0.02145778099089553,0.3152453493297072,0.005059355412639419,-0.01602286288336817,-0.005059355412639419,-0.007448467313040736
command_pitch,0.007243701393584436,0.1040438055764577,0.02467721324304214,0.008448203497529738,0.0008406401928742039,0.0308667172172456,0.027823182340654937,0.012515867741225864,0.0040612637497505245,-0.23781450188138212,0.028374054688477805,0.018776774055087982,-0.0040612637497505245,-0.018776774055087982,0.024543260773426098
command_yaw,0.0026474784735064927,0.0003255269959018489,0.05563195946650365,0.0060950897640436996,-0.0020212660978176245,0.023597694753689516,0.00869921252442702,0.000993971611088338,0.02574663890270855,-0.0013474304102520142,0.005804199122992782,0.017457444537677582,-0.02574663890270855,-0.017457444537677582,0.055423060243991976
command_throttle,-0.0024091104943152527,0.003431509141057056,0.09504743186162155,-0.004888032698568896,0.003110202017262693,0.07258930586424672,0.04646673372038696,-0.11089519586878023,-0.11919440558591743,-0.003998452509719884,0.0070675082786310316,0.4115885907783357,0.11919440558591743,-0.4115885907783357,0.09505790657202866
