future_state_roll,future_state_pitch,future_state_yaw,future_state_roll_rate,future_state_pitch_rate,future_state_yaw_rate,future_state_position_x,future_state_position_y,future_state_position_z,future_state_velocity_x,future_state_velocity_y,future_state_velocity_z,future_state_altitude,future_state_vertical_speed,future_state_heading
7.561132581490511,-2.0512670658810332,111.44617894807982,2.1134716271117706,46.93466365102086,11.522312495708606,410888159177.3348,-1731832662425.5999,12862.457860983439,21631.006126643926,-3643.389467691441,-36784.144025464586,-12862.457860983439,36784.144025464586,111.44617894807982
