feature,window_mean_roll,window_mean_pitch,window_mean_yaw,window_mean_roll_rate,window_mean_pitch_rate,window_mean_yaw_rate,window_peak_roll,window_peak_pitch,window_peak_yaw,window_peak_roll_rate,window_peak_pitch_rate,window_peak_yaw_rate
command_roll,0.00020766962037119957,-0.003140151870323103,-0.009523251842864813,-0.018179609251112262,-0.031207230437147584,-0.01134250263642324,0.00020766962037119957,-0.003140151870323103,-0.009523251842864813,0.017424186281170474,0.02979630640793802,-0.01134250263642324
command_pitch,0.0001828540162278468,-0.00398059232046589,0.00045200815374654355,0.011062170938551007,-0.014886301536746773,-0.03713670852921769,0.0001828540162278468,-0.00398059232046589,0.00045200815374654355,-0.01217495934174023,0.012838070090636589,-0.03713670852921769
command_yaw,0.002588631489966516,-0.0016530339397240273,0.025180664106170016,0.07513330466489088,0.0077246389961988975,-0.00308173685646749,0.002588631489966516,-0.0016530339397240273,0.025180664106170016,-0.07750141818649164,-0.012156677912947257,-0.00308173685646749
command_throttle,-0.06498781888330332,0.006155849389802335,-3.1588918014552108,0.48235963919681624,0.10657236158672986,-1.0153698433261018,-0.06498781888330332,0.006155849389802335,-3.1588918014552108,-0.4637354713010843,-0.09766691670397926,-1.0153698433261018
