feature,roll__h1,pitch__h1,yaw__h1,roll_rate__h1,pitch_rate__h1,yaw_rate__h1,roll__h2,pitch__h2,yaw__h2,roll_rate__h2,pitch_rate__h2,yaw_rate__h2
command_roll,0.39059229579954263,-0.003127876365284571,-0.6028055274461833,0.0008432134702386349,-0.01014149770280227,0.1649163756134249,0.4357980842296282,-0.003733477421335256,-0.6053760340271968,-0.0017986490223457071,-0.011472264207209818,0.171949113336616
command_pitch,-0.002997636029382059,0.25461115566450043,-0.49666813045691344,0.0263733873488253,0.01723929416795758,0.09750024213025674,0.0005960744098313772,0.306701376699694,-0.48555994565516736,0.029178667351606152,0.016502917127300974,0.11448736328821908
command_yaw,0.004072198605907374,0.0005910322987653535,-0.7731618752590117,0.038081841727356985,0.011665479920243924,-0.08828287445031115,0.005296268650469688,0.00076301456631204,-0.7433155194828882,0.039990733174302656,0.010542148074070357,-0.0718915556700917
command_throttle,-0.01028671202465102,-0.006262508834725415,8.30699997406224,-0.023258037873980696,-0.00687204432673344,1.258276330188621,-0.01148139752564528,-0.00455932871128613,8.353287429029715,-0.02586775956440522,-0.005335661263137543,1.2926475441094947
