feature,roll__h1,pitch__h1,yaw__h1,roll_rate__h1,pitch_rate__h1,yaw_rate__h1,roll__h2,pitch__h2,yaw__h2,roll_rate__h2,pitch_rate__h2,yaw_rate__h2
command_roll,0.00013051398070527606,-0.0014182956905586486,0.006542575372109962,-0.016245852073426627,0.02070701884896788,-0.016640304045735875,0.00013051398070527606,-0.0014182956905586486,0.006542575372109962,-0.016245852073426627,0.02070701884896788,-0.016640304045735875
command_pitch,-0.0017219192851739356,-0.0009330807978379727,0.003950058137079244,0.001878285948203881,0.0010048998886968573,-0.005632598318398634,-0.0017219192851739356,-0.0009330807978379727,0.003950058137079244,0.001878285948203881,0.0010048998886968573,-0.005632598318398634
command_yaw,-0.001887211073118131,-0.0050367698883117505,0.020272082463799402,-0.03952772518815906,0.050001258789854515,-0.04723069196841557,-0.001887211073118131,-0.0050367698883117505,0.020272082463799402,-0.03952772518815906,0.050001258789854515,-0.04723069196841557
command_throttle,0.07549294464588553,0.0658873258261782,-0.2776563154724755,0.6607896443221756,-0.7753847488911846,0.6919298510366981,0.07549294464588553,0.0658873258261782,-0.2776563154724755,0.6607896443221756,-0.7753847488911846,0.6919298510366981
