actuator_1,actuator_2,actuator_3,actuator_4
-1.0240428197259437,-0.8735487135152811,-1.8813696682202403,-1.2065451132689242
