actuator_1,actuator_2,actuator_3,actuator_4
-19.65513557138074,-19.500083918457005,-19.83769211514931,-19.43637243514368
