feature,future_state_roll,future_state_pitch,future_state_yaw,future_state_roll_rate,future_state_pitch_rate,future_state_yaw_rate
command_throttle,-1.124163341048647e-28,5.371313584604614e-29,9.840118123876958e-25,0.0037449072928055914,0.006811082919279804,0.005201687057521018
