feature,window_mean_roll,window_mean_pitch,window_mean_yaw,window_mean_roll_rate,window_mean_pitch_rate,window_mean_yaw_rate,window_peak_roll,window_peak_pitch,window_peak_yaw,window_peak_roll_rate,window_peak_pitch_rate,window_peak_yaw_rate
command_roll,0.41295617216816294,-0.003341772987122904,-0.6038510263011392,-0.0005624340479367328,-0.010736341831002118,0.16827950532138425,0.061634507130470126,0.006702522484673311,-0.38324376718263137,0.03037769267263422,0.017075578853770874,-0.17411101075187418
command_pitch,-0.0011377301995529267,0.2805775860281108,-0.49085882409948106,0.027591130481858565,0.016682184992433704,0.10583397663887928,-0.002853395947467641,0.0740564213595151,-0.3679679529152381,-0.005914625505849707,0.006275215941417953,-0.12305241577533692
command_yaw,0.004696743681456504,0.0006018631387229457,-0.7579942980315619,0.03879250966192574,0.010952851566201956,-0.07993342718669581,-0.006927577977453542,-0.01649168335628633,-0.7804315342301561,0.0008014832529540158,0.017453950067138797,0.060921048515374145
command_throttle,-0.01086774775159028,-0.0053951440598231735,8.329900525793386,-0.02446282092140712,-0.006073058275466992,1.2752978005937974,-0.0889211453540392,-0.06265661688120137,8.226077808647497,-0.20800023341058693,-0.11260649395708486,-1.4240051407784993
