actuator_1,actuator_2,actuator_3,actuator_4
1.7235695766254229,1.0357747954118615,2.0679584901928187,0.05433677746269164
