actuator_1,actuator_2,actuator_3,actuator_4
-2.3437104986656023,-2.114847588523564,-2.701486060973407,-1.8230014396928214
