feature,roll__h1,pitch__h1,yaw__h1,roll_rate__h1,pitch_rate__h1,yaw_rate__h1,roll__h2,pitch__h2,yaw__h2,roll_rate__h2,pitch_rate__h2,yaw_rate__h2
command_throttle,0.0,0.0,0.0,0.0027640452116989333,0.005821462202783995,0.004276272001978474,0.0,0.0,0.0,0.0027640452116989333,0.005821462202783995,0.004276272001978474
