{
  "x_schema": "commands_only",
  "y_schema": "future_state_horizon",
  "pooling_mode": "pooled",
  "model_name": "lasso_affine",
  "feature_names": [
    "command_throttle"
  ],
  "response_names": [
    "roll__h1",
    "pitch__h1",
    "yaw__h1",
    "roll_rate__h1",
    "pitch_rate__h1",
    "yaw_rate__h1",
    "roll__h2",
    "pitch__h2",
    "yaw__h2",
    "roll_rate__h2",
    "pitch_rate__h2",
    "yaw_rate__h2"
  ],
  "schema_metadata": {
    "x_schema": "commands_only",
    "y_schema": "future_state_horizon",
    "feature_count": 4,
    "response_count": 12,
    "strict_raw_linear": true,
    "requested_feature_columns": [
      "command_roll",
      "command_pitch",
      "command_yaw",
      "command_throttle"
    ],
    "requested_response_columns": [
      "roll__h1",
      "pitch__h1",
      "yaw__h1",
      "roll_rate__h1",
      "pitch_rate__h1",
      "yaw_rate__h1",
      "roll__h2",
      "pitch__h2",
      "yaw__h2",
      "roll_rate__h2",
      "pitch_rate__h2",
      "yaw_rate__h2"
    ],
    "dropped_unavailable_features": [],
    "dropped_unavailable_responses": [],
    "partial_feature_columns": {},
    "partial_response_columns": {
      "roll__h1": 0.9947027663331371,
      "pitch__h1": 0.9947027663331371,
      "yaw__h1": 0.9947027663331371,
      "roll_rate__h1": 0.9947027663331371,
      "pitch_rate__h1": 0.9947027663331371,
      "yaw_rate__h1": 0.9947027663331371,
      "roll__h2": 0.9894055326662743,
      "pitch__h2": 0.9894055326662743,
      "yaw__h2": 0.9894055326662743,
      "roll_rate__h2": 0.9894055326662743,
      "pitch_rate__h2": 0.9894055326662743,
      "yaw_rate__h2": 0.9894055326662743
    },
    "dropped_response_leakage_features": [],
    "dropped_zero_variance_features": [
      "command_roll",
      "command_pitch",
      "command_yaw"
    ]
  },
  "repeat_metrics": [
    {
      "repeat_index": 1,
      "train": {
        "r2": 0.0,
        "mse": 1.577546379164333e-10,
        "mae": 6.3005835443633076e-06,
        "residual_mean_abs": 6.3005835443633076e-06,
        "residual_std": 1.2560041318261353e-05,
        "residual_max_abs": 4.709361228748873e-05
      },
      "val": {
        "r2": -0.9931925301273461,
        "mse": 1.0331536218875912e-05,
        "mae": 0.001560699637445018,
        "residual_mean_abs": 0.001560699637445018,
        "residual_std": 0.002810154575981232,
        "residual_max_abs": 0.008094571641500743
      },
      "test": {
        "r2": -19963057504752.71,
        "mse": 3.8702471168832356e-11,
        "mae": 3.923163704017794e-06,
        "residual_mean_abs": 3.923163704017794e-06,
        "residual_std": 5.365768602273219e-06,
        "residual_max_abs": 1.1553632881197186e-05
      },
      "condition_number": 1.0,
      "raw_condition_number": 1.0,
      "raw_singular_values": [
        30.561413579872283
      ],
      "effective_condition_number": 1.0,
      "singular_values": [
        30.561413579872283
      ],
      "effective_singular_values": [
        30.561413579872283
      ],
      "conditioning_pruned_features": [],
      "conditioning_baseline_drops": [],
      "conditioning_extra_pruned_features": []
    },
    {
      "repeat_index": 2,
      "train": {
        "r2": 0.008910660640800927,
        "mse": 3.282801188174649e-06,
        "mae": 0.0009916740449544667,
        "residual_mean_abs": 0.0009916740449544667,
        "residual_std": 0.0018118502112963561,
        "residual_max_abs": 0.006598593897790497
      },
      "val": {
        "r2": -4.28087199063327e+17,
        "mse": 8.299346167564433e-07,
        "mae": 0.0006198673382703758,
        "residual_mean_abs": 0.0006198673382703758,
        "residual_std": 0.0006676069949471136,
        "residual_max_abs": 0.002113142028729722
      },
      "test": {
        "r2": -4.300380178037414e+17,
        "mse": 8.337166783812941e-07,
        "mae": 0.000619449467266782,
        "residual_mean_abs": 0.000619449467266782,
        "residual_std": 0.0006708196746402613,
        "residual_max_abs": 0.0024275009876800566
      },
      "condition_number": 1.0,
      "raw_condition_number": 1.0,
      "raw_singular_values": [
        30.495901363953806
      ],
      "effective_condition_number": 1.0,
      "singular_values": [
        30.495901363953806
      ],
      "effective_singular_values": [
        30.495901363953806
      ],
      "conditioning_pruned_features": [],
      "conditioning_baseline_drops": [],
      "conditioning_extra_pruned_features": []
    }
  ],
  "split_records": [
    {
      "repeat_index": 1,
      "train_count": 934,
      "val_count": 372,
      "test_count": 375
    },
    {
      "repeat_index": 2,
      "train_count": 930,
      "val_count": 375,
      "test_count": 376
    }
  ],
  "median_test_r2": -2.1502899043062307e+17,
  "median_test_mse": 4.168776904262315e-07,
  "median_test_mae": 0.0003116863154853999,
  "coefficient_stability": 1.0,
  "nonzero_count": 0,
  "sparsity_ratio": 1.0,
  "block_sparsity_summary": {
    "feature_blocks": {
      "commands": 1,
      "state": 0,
      "history": 0,
      "controller_params": 0
    }
  },
  "raw_condition_number": 1.0,
  "effective_condition_number": 1.0,
  "condition_number": 1.0,
  "raw_singular_values": [
    30.561413579872283
  ],
  "singular_values": [
    30.561413579872283
  ],
  "effective_singular_values": [
    30.561413579872283
  ],
  "conditioning_pruned_features": [],
  "conditioning_baseline_drops": [],
  "conditioning_extra_pruned_features": [],
  "selection_frequency": [
    [
      0.0,
      0.0,
      0.0,
      0.0,
      0.0,
      0.0,
      0.0,
      0.0,
      0.0,
      0.0,
      0.0,
      0.0
    ]
  ],
  "backend_consistency": {
    "ardupilot": {
      "r2": 0.0031397177507755947,
      "mse": 2.026934462066365e-06,
      "mae": 0.0005846809857353276,
      "residual_mean_abs": 0.0005846809857353276,
      "residual_std": 0.0014232845094437185,
      "residual_max_abs": 0.007346582769645621
    }
  },
  "mode_consistency": {
    "STABILIZE": {
      "r2": 0.0031397177507755947,
      "mse": 2.026934462066365e-06,
      "mae": 0.0005846809857353276,
      "residual_mean_abs": 0.0005846809857353276,
      "residual_std": 0.0014232845094437185,
      "residual_max_abs": 0.007346582769645621
    }
  },
  "top_influential": {
    "roll__h1": [],
    "pitch__h1": [],
    "yaw__h1": [],
    "roll_rate__h1": [
      {
        "feature": "command_throttle",
        "weight": 0.0027640452116989333,
        "selection_frequency": 0.0
      }
    ],
    "pitch_rate__h1": [
      {
        "feature": "command_throttle",
        "weight": 0.005821462202783995,
        "selection_frequency": 0.0
      }
    ],
    "yaw_rate__h1": [
      {
        "feature": "command_throttle",
        "weight": 0.004276272001978474,
        "selection_frequency": 0.0
      }
    ],
    "roll__h2": [],
    "pitch__h2": [],
    "yaw__h2": [],
    "roll_rate__h2": [
      {
        "feature": "command_throttle",
        "weight": 0.0027640452116989333,
        "selection_frequency": 0.0
      }
    ],
    "pitch_rate__h2": [
      {
        "feature": "command_throttle",
        "weight": 0.005821462202783995,
        "selection_frequency": 0.0
      }
    ],
    "yaw_rate__h2": [
      {
        "feature": "command_throttle",
        "weight": 0.004276272001978474,
        "selection_frequency": 0.0
      }
    ]
  }
}