future_state_roll,future_state_pitch,future_state_yaw,future_state_roll_rate,future_state_pitch_rate,future_state_yaw_rate,future_state_position_x,future_state_position_y,future_state_position_z,future_state_velocity_x,future_state_velocity_y,future_state_velocity_z,future_state_altitude,future_state_vertical_speed,future_state_heading
0.03730531338098874,-0.0029353081695470537,3.6467171645313585,0.20950719072355,-0.006629158179028535,0.6767739143782521,0.7206941172287077,-3.8780932964622035,1.0761752649662961,0.008359278326466199,-1.2390237829027189,-0.46178179296901783,-1.0761752649662961,0.46178179296901783,3.684398520242971
