future_state_roll,future_state_pitch,future_state_yaw,future_state_roll_rate,future_state_pitch_rate,future_state_yaw_rate,future_state_position_x,future_state_position_y,future_state_position_z,future_state_velocity_x,future_state_velocity_y,future_state_velocity_z,future_state_altitude,future_state_vertical_speed,future_state_heading
-1.4342174930251361e-05,4.3761490298010325e-06,-1.9603386931521527e-06,0.00022346050563165631,3.949144317309805e-05,-0.00010134239940273737,400095970888.6565,-1688623596889.22,-14077.917012327054,32058.13426258877,-14961.32645890694,-19445.988171590747,14077.917012327054,19445.988171590747,-1.9603386931521527e-06
