actuator_1,actuator_2,actuator_3,actuator_4
32.755791985278215,11.037600532801543,31.348569963569613,-49.18325536659208
