feature,future_state_roll,future_state_pitch,future_state_yaw,future_state_roll_rate,future_state_pitch_rate,future_state_yaw_rate,future_state_position_x,future_state_position_y,future_state_position_z,future_state_velocity_x,future_state_velocity_y,future_state_velocity_z,future_state_altitude,future_state_vertical_speed,future_state_heading
command_roll,9.896481061334642e-05,-2.501738184884913e-05,0.0013994294095122175,-8.152959032562116e-05,0.002646592171974523,-0.002434946658023143,1056641.9559147216,-4457005.561453598,2.299842267459555,-0.5030083457503766,-0.0070656785263215685,0.5420813942276502,-2.299842267459555,-0.5420813942276502,0.0013994294095122175
command_pitch,-0.00035846911944621793,0.0002704483762243403,0.0029348971607537403,0.0014784759568756598,-0.007521851831020811,0.01305161433703727,4419596.984206141,-18642233.963284496,2.822229978249638,-0.058388735201934355,-0.5803087315960653,1.406913134660994,-2.822229978249638,-1.406913134660994,0.0029348971607537403
command_yaw,-6.085429574802584e-05,8.485252018144015e-05,0.01331302122754564,-0.0009559944798778938,-0.005707037293427946,0.014611544160427342,9754106.745525105,-41143651.72955011,8.356834324145352,-0.830213777845734,2.1615656974729736,2.9805419297852525,-8.356834324145352,-2.9805419297852525,0.01331302122754564
command_throttle,-0.06661176748344577,0.005275007437161906,-3.1309478991854838,0.45544302455091246,0.08353243760313792,-0.9988811929446081,-5430.795353208798,22907.33998751145,1.9106669841292048,-0.023455678219185906,0.043059035530627544,0.5420010939494273,-1.9106669841292048,-0.5420010939494273,-3.1309478991854838
