feature,roll__h1,pitch__h1,yaw__h1,roll_rate__h1,pitch_rate__h1,yaw_rate__h1,roll__h2,pitch__h2,yaw__h2,roll_rate__h2,pitch_rate__h2,yaw_rate__h2
command_roll,0.2711563654617126,0.050058695427230654,-1.805130618735845,-0.015938121893123103,0.011445361518962322,-0.08493995733180196,0.31523238711394763,0.029288040496832826,-1.8232024073370976,-0.01573399367236438,0.01755360099194995,-0.14987592225095078
command_pitch,-0.0584183403445836,0.2430052904990403,-0.2718935776800426,0.0004731263634602458,-0.01317935450690216,0.1940919613983874,-0.040790167535840596,0.27937853241139676,-0.30803807749982115,0.00462658515493169,-0.019785140813612018,0.21831236497674059
command_yaw,0.20921228074639564,-0.010181990353282218,2.0646420558502583,0.07285417799504769,0.0014905200000539494,0.904699239073337,0.12839957314136397,-0.004120826509074775,2.02500147825119,0.06550202523569001,-0.017170045033857304,1.1057245351765026
command_throttle,-0.0038169720035619104,0.0010291772321153725,0.8947252593863705,-0.0033157381674603645,-0.0010992788736706772,0.126001913963256,-0.003945296519177235,0.0010916971372504072,0.9009922598414453,-0.0035139156010628413,-0.0012177440925682363,0.128762959565421
