{
  "x_schema": "commands_only",
  "y_schema": "future_state_horizon",
  "pooling_mode": "pooled",
  "model_name": "ols_affine",
  "feature_names": [
    "command_roll",
    "command_pitch",
    "command_yaw",
    "command_throttle"
  ],
  "response_names": [
    "roll__h1",
    "pitch__h1",
    "yaw__h1",
    "roll_rate__h1",
    "pitch_rate__h1",
    "yaw_rate__h1",
    "roll__h2",
    "pitch__h2",
    "yaw__h2",
    "roll_rate__h2",
    "pitch_rate__h2",
    "yaw_rate__h2"
  ],
  "schema_metadata": {
    "x_schema": "commands_only",
    "y_schema": "future_state_horizon",
    "feature_count": 4,
    "response_count": 12,
    "strict_raw_linear": true,
    "requested_feature_columns": [
      "command_roll",
      "command_pitch",
      "command_yaw",
      "command_throttle"
    ],
    "requested_response_columns": [
      "roll__h1",
      "pitch__h1",
      "yaw__h1",
      "roll_rate__h1",
      "pitch_rate__h1",
      "yaw_rate__h1",
      "roll__h2",
      "pitch__h2",
      "yaw__h2",
      "roll_rate__h2",
      "pitch_rate__h2",
      "yaw_rate__h2"
    ],
    "dropped_unavailable_features": [],
    "dropped_unavailable_responses": [],
    "partial_feature_columns": {},
    "partial_response_columns": {
      "roll__h1": 0.9974014724989173,
      "pitch__h1": 0.9974014724989173,
      "yaw__h1": 0.9974014724989173,
      "roll_rate__h1": 0.9974014724989173,
      "pitch_rate__h1": 0.9974014724989173,
      "yaw_rate__h1": 0.9974014724989173,
      "roll__h2": 0.9948029449978346,
      "pitch__h2": 0.9948029449978346,
      "yaw__h2": 0.9948029449978346,
      "roll_rate__h2": 0.9948029449978346,
      "pitch_rate__h2": 0.9948029449978346,
      "yaw_rate__h2": 0.9948029449978346
    },
    "dropped_response_leakage_features": [],
    "dropped_zero_variance_features": []
  },
  "repeat_metrics": [
    {
      "repeat_index": 1,
      "train": {
        "r2": 0.21357501013975133,
        "mse": 0.06265126599569301,
        "mae": 0.08993323170752453,
        "residual_mean_abs": 0.08993323170752453,
        "residual_std": 0.2503023491613553,
        "residual_max_abs": 2.2598775320261795
      },
      "val": {
        "r2": 0.2284785081652354,
        "mse": 0.05704721047930466,
        "mae": 0.0837945656382166,
        "residual_mean_abs": 0.0837945656382166,
        "residual_std": 0.2388441299619511,
        "residual_max_abs": 2.2200595577674545
      },
      "test": {
        "r2": 0.2766863540093645,
        "mse": 0.03561768925475199,
        "mae": 0.05900443813341602,
        "residual_mean_abs": 0.05900443813341602,
        "residual_std": 0.18871957321264088,
        "residual_max_abs": 2.201420943705555
      },
      "condition_number": 1.585384414170576,
      "raw_condition_number": 1.585384414170576,
      "raw_singular_values": [
        99.97231066145977,
        83.34526053049895,
        82.47849765762226,
        63.05871924050811
      ],
      "effective_condition_number": 1.585384414170576,
      "singular_values": [
        99.97231066145977,
        83.34526053049895,
        82.47849765762226,
        63.05871924050811
      ],
      "effective_singular_values": [
        99.97231066145977,
        83.34526053049895,
        82.47849765762226,
        63.05871924050811
      ],
      "conditioning_pruned_features": [],
      "conditioning_baseline_drops": [],
      "conditioning_extra_pruned_features": []
    },
    {
      "repeat_index": 2,
      "train": {
        "r2": 0.1840275015425692,
        "mse": 0.07419250738998841,
        "mae": 0.10566279142856651,
        "residual_mean_abs": 0.10566279142856651,
        "residual_std": 0.2723830159719736,
        "residual_max_abs": 2.284042226605529
      },
      "val": {
        "r2": 0.2707273571225983,
        "mse": 0.020157963576316985,
        "mae": 0.0414284732005064,
        "residual_mean_abs": 0.0414284732005064,
        "residual_std": 0.1418631797384246,
        "residual_max_abs": 2.142353926206401
      },
      "test": {
        "r2": 0.24665721059678825,
        "mse": 0.03868154872817213,
        "mae": 0.06289596250125216,
        "residual_mean_abs": 0.06289596250125216,
        "residual_std": 0.19667422582247152,
        "residual_max_abs": 2.266186698241929
      },
      "condition_number": 1.516380533580533,
      "raw_condition_number": 1.516380533580533,
      "raw_singular_values": [
        98.32755430252037,
        83.10401271123565,
        82.29656283466517,
        64.84358782313419
      ],
      "effective_condition_number": 1.516380533580533,
      "singular_values": [
        98.32755430252037,
        83.10401271123565,
        82.29656283466517,
        64.84358782313419
      ],
      "effective_singular_values": [
        98.32755430252037,
        83.10401271123565,
        82.29656283466517,
        64.84358782313419
      ],
      "conditioning_pruned_features": [],
      "conditioning_baseline_drops": [],
      "conditioning_extra_pruned_features": []
    }
  ],
  "split_records": [
    {
      "repeat_index": 1,
      "train_count": 6930,
      "val_count": 2277,
      "test_count": 2278
    },
    {
      "repeat_index": 2,
      "train_count": 6888,
      "val_count": 2286,
      "test_count": 2311
    }
  ],
  "median_test_r2": 0.26167178230307636,
  "median_test_mse": 0.03714961899146206,
  "median_test_mae": 0.06095020031733409,
  "coefficient_stability": 0.9166666666666666,
  "nonzero_count": 4,
  "sparsity_ratio": 0.9166666666666666,
  "block_sparsity_summary": {
    "feature_blocks": {
      "commands": 4,
      "state": 0,
      "history": 0,
      "controller_params": 0
    }
  },
  "raw_condition_number": 1.5508824738755544,
  "effective_condition_number": 1.5508824738755544,
  "condition_number": 1.5508824738755544,
  "raw_singular_values": [
    99.97231066145977,
    83.34526053049895,
    82.47849765762226,
    63.05871924050811
  ],
  "singular_values": [
    99.97231066145977,
    83.34526053049895,
    82.47849765762226,
    63.05871924050811
  ],
  "effective_singular_values": [
    99.97231066145977,
    83.34526053049895,
    82.47849765762226,
    63.05871924050811
  ],
  "conditioning_pruned_features": [],
  "conditioning_baseline_drops": [],
  "conditioning_extra_pruned_features": [],
  "selection_frequency": [
    [
      0.0,
      0.0,
      0.6666666666666666,
      0.0,
      0.0,
      0.0,
      0.0,
      0.0,
      0.8333333333333334,
      0.0,
      0.0,
      0.0
    ],
    [
      0.0,
      0.0,
      0.0,
      0.0,
      0.0,
      0.0,
      0.0,
      0.0,
      0.0,
      0.0,
      0.0,
      0.0
    ],
    [
      0.0,
      0.0,
      0.0,
      0.0,
      0.0,
      0.0,
      0.0,
      0.0,
      0.0,
      0.0,
      0.0,
      0.0
    ],
    [
      0.0,
      0.0,
      1.0,
      0.0,
      0.0,
      0.0,
      0.0,
      0.0,
      1.0,
      0.0,
      0.0,
      0.16666666666666666
    ]
  ],
  "backend_consistency": {
    "px4": {
      "r2": 0.22941977593012808,
      "mse": 0.0562153409019511,
      "mae": 0.08340757939533452,
      "residual_mean_abs": 0.08340757939533452,
      "residual_std": 0.23709737858705562,
      "residual_max_abs": 2.268598284845055,
      "sample_count": 11485.0
    }
  },
  "mode_consistency": {
    "OFFBOARD_ATTITUDE": {
      "r2": 0.04494896032744633,
      "mse": 0.11160613512192867,
      "mae": 0.15113263165624574,
      "residual_mean_abs": 0.15113263165624574,
      "residual_std": 0.33404932938513626,
      "residual_max_abs": 2.268598284845055,
      "sample_count": 5716.0
    },
    "POSCTL": {
      "r2": -7.662700931554735,
      "mse": 0.0013334237999590819,
      "mae": 0.016304719502221607,
      "residual_mean_abs": 0.016304719502221607,
      "residual_std": 0.03618076144201278,
      "residual_max_abs": 0.40391748702615327,
      "sample_count": 5769.0
    }
  },
  "scenario_consistency": 0.9341416593816919,
  "scenario_subgroup_metrics": {
    "dynamic": {
      "r2": 0.22177369303681327,