actuator_1,actuator_2,actuator_3,actuator_4
0.2687663591901355,0.2711590664198763,0.21976080511475352,0.21674885622609585
