actuator_1,actuator_2,actuator_3,actuator_4
-1.38987378387795,-1.3882591910932385,-1.4055272996828774,-1.4127411882626424
