actuator_1,actuator_2,actuator_3,actuator_4
1.549025803242928,-39.000026478612675,-21.938819502593148,80.84003903126077
