actuator_1,actuator_2,actuator_3,actuator_4
-1.7467715685381673,-1.7456513120686405,-1.7594665549778508,-1.7650514416297767
