feature,window_mean_roll,window_mean_pitch,window_mean_yaw,window_mean_roll_rate,window_mean_pitch_rate,window_mean_yaw_rate,window_peak_roll,window_peak_pitch,window_peak_yaw,window_peak_roll_rate,window_peak_pitch_rate,window_peak_yaw_rate
command_roll,-689.5707257439251,-59.699437602750606,-11779.64602594763,-1685.28623811028,-1917.960939517346,7549.623218652306,1612.9125887012551,1046.4392253344001,-60.479716995985655,-1197.267234418282,140.55755977544254,-8747.597517010712
command_pitch,-565.7807379259921,-321.3418499779291,20031.4705331743,1702.4491054788575,575.0451346438723,6365.155755374721,-2025.874702580906,-1880.949986328289,2652.559400304188,-1182.1769208054816,-124.67593237748058,-5559.113604061808
command_yaw,2856.082799721919,792.3840679107329,-10615.381486711613,808.441297137534,3644.8697807724084,-31604.748891385632,19.490407747490735,1145.8196098332796,-5155.085901210803,5357.56638684984,-102.02227412730082,32987.68738960847
command_throttle,-0.0026056296290408324,-0.001382767281453734,0.937036179178091,-0.003633005080824074,-0.0026760178771174188,0.11023210678983883,-0.017879768801589285,-0.013853365070205848,0.910727370053499,-0.008734915373347283,-0.0020277345774296646,-0.11625799375030514
