feature,future_state_roll,future_state_pitch,future_state_yaw,future_state_roll_rate,future_state_pitch_rate,future_state_yaw_rate,future_state_position_x,future_state_position_y,future_state_position_z,future_state_velocity_x,future_state_velocity_y,future_state_velocity_z,future_state_altitude,future_state_vertical_speed,future_state_heading
command_roll,0.0006690689468460344,-0.0007204212181627359,0.0005388670290622885,-0.0254886267492426,0.01568955648990806,-0.003874249139170979,1242079.4315564642,-5239196.705814211,3.7264982619707347,-0.7922179228757442,-0.023704650644282267,0.7384138664720089,-3.7264982619707347,-0.7384138664720089,0.0005388670290622885
command_pitch,-0.000865496053877418,0.0004024893932079688,5.0771756053709946e-05,0.01005657525325672,-0.0022607168272003836,-0.014037695399173274,4943546.20401577,-20852295.729052212,4.701982215195845,-0.07677934107032947,-0.9902308837342741,2.1726047599873084,-4.701982215195845,-2.1726047599873084,5.0771756053709946e-05
command_yaw,0.00030263683786320894,-0.0013843396470507386,0.002256688862208542,-0.0487352746016421,0.0327733089444595,-0.030919785804638503,11092732.054901388,-46790088.57751572,13.964328306489264,-1.3740569754157956,3.6058279308155,4.726356648838951,-13.964328306489264,-4.726356648838951,0.002256688862208542
command_throttle,-0.018438985435021774,0.0273806357865067,-0.03873773590673616,0.8931117975488577,-0.6244209196592005,0.2398362012863599,-240619.93261307455,1014954.8677351307,4.040192767820798,-0.8982709269130709,0.499827657999123,0.787835806543991,-4.040192767820798,-0.787835806543991,-0.03873773590673616
