actuator_1,actuator_2,actuator_3,actuator_4
-1.0240428197259401,-0.873548713515282,-1.8813696682202412,-1.206545113268922
