feature,delta_state_roll,delta_state_pitch,delta_state_yaw,delta_state_roll_rate,delta_state_pitch_rate,delta_state_yaw_rate,delta_state_position_x,delta_state_position_y,delta_state_position_z,delta_state_velocity_x,delta_state_velocity_y,delta_state_velocity_z,delta_state_altitude,delta_state_vertical_speed,delta_state_heading
command_roll,0.008208416841773284,0.007699868468992981,-0.01808824263846162,0.0028475572204143974,-0.0010497955589548412,-0.013134042538535092,0.0019729050612275266,0.012586161777318392,-0.005544975964960482,-0.0616201521696336,0.07804149069812252,-0.009037023819715172,0.005544975964960482,0.009037023819715172,-0.01833904170344342
command_pitch,0.010139814642349572,0.009584221205731156,-0.022379400247474313,0.003601985467938108,-0.00140190499101864,-0.01574915431897453,0.0021218613100110213,0.016143062185838577,-0.007029084861327807,-0.07686086195540197,0.09737715959102969,-0.011192285057003227,0.007029084861327807,0.011192285057003227,-0.02269430733946396
command_yaw,0.020252220818854312,0.01899412179899055,-0.04451354001301667,0.007350970965616053,-0.0026781827220482865,-0.03409974970743321,0.004979215641572866,0.030866474846401593,-0.01444367983424929,-0.15417763179799554,0.19509253844267438,-0.0223415978014827,0.01444367983424929,0.0223415978014827,-0.045202264771145195
command_throttle,-0.0001551732913020627,-0.00020420215689434485,0.01287362561654902,-0.001023389183157457,9.60938715040508e-05,0.01472796181054054,0.010927515314131222,-0.015447000332653046,-0.0032261653719978904,-0.0004206709580968738,0.0005529035469160597,0.0011216794960191502,0.0032261653719978904,-0.0011216794960191502,0.012880027900742792
