actuator_1,actuator_2,actuator_3,actuator_4
-4.606383257730708,-4.544043038710773,-4.6022254195189225,-4.561685362542926
