feature,future_state_roll,future_state_pitch,future_state_yaw,future_state_roll_rate,future_state_pitch_rate,future_state_yaw_rate,future_state_position_x,future_state_position_y,future_state_position_z,future_state_velocity_x,future_state_velocity_y,future_state_velocity_z,future_state_altitude,future_state_vertical_speed,future_state_heading
command_roll,0.004063784162408963,0.004461299397872329,-0.012906722968998748,-0.012013440318678572,-0.07248932708909617,-0.0018516530669357048,-896895.1481226941,3783179.129071019,1.4387996223605644,0.02849601611190737,0.134438962888079,-0.1557032197548327,-1.4387996223605644,0.1557032197548327,-0.012906722968998748
command_pitch,0.0009930039219091173,-0.006978398287460601,0.002960367980474678,0.0063341069453544,-0.037844105466524794,-0.03748049883090567,-405008.12993399566,1708365.1495134286,1.3030359330849473,-0.013633765284503158,0.10017897622358461,-0.06802932366911955,-1.3030359330849473,0.06802932366911955,0.002960367980474678
command_yaw,0.001997003246057292,0.0009383290259960511,0.003069596324017266,0.03094545807275452,-0.002889396823035631,-0.01019482003280141,-451432.27832580265,1904180.3533526303,1.74433402848013,-0.005395173411611264,0.046347579255399465,0.5989080719631302,-1.74433402848013,-0.5989080719631302,0.003069596324017266
command_throttle,-0.004482570248928005,-0.009236665862476002,-0.0029196632042747233,0.003327784874197364,-0.14820519329690504,-0.16048773675222552,481302.7086938161,-2030177.9373571668,-0.06661006717647708,0.011464584779856134,-0.05650473421679312,0.22373657875112132,0.06661006717647708,-0.22373657875112132,-0.0029196632042747233
