feature,window_mean_roll,window_mean_pitch,window_mean_yaw,window_mean_roll_rate,window_mean_pitch_rate,window_mean_yaw_rate,window_peak_roll,window_peak_pitch,window_peak_yaw,window_peak_roll_rate,window_peak_pitch_rate,window_peak_yaw_rate
command_roll,0.2636874736867359,0.19793912665592683,-0.658815156042156,0.005260983832042704,0.0538420288965511,-0.060327264308988396,0.0047107244536586015,0.0015243508075184061,-0.4780754934525875,0.03151169676946075,0.013921271063159636,0.083134680459113
command_pitch,0.0,0.0,-6.915035664463016e-05,5.073439399362121e-06,2.2604393488053226e-05,0.0,0.0,0.0,-0.0001153389373707145,0.0,0.0,0.0
command_yaw,3.936662548461417e-05,0.0,-0.0009348014324622266,-3.678313535730701e-05,5.472680451039308e-05,-0.0003884721936288457,0.0,1.342368735793692e-06,-0.0007970099510988987,8.028934752586075e-05,1.5100697148697221e-05,0.00041468853514610877
command_throttle,-0.00462902235202139,-0.0024332181831184132,0.9293416546585496,-0.00233219852816311,-0.0025850369603520698,0.09370095985006593,-0.017889646073334854,-0.015039529818468334,0.9021221421594446,-0.006567024575060812,-0.005312341272891123,-0.09929593567389612
