future_state_roll,future_state_pitch,future_state_yaw,future_state_roll_rate,future_state_pitch_rate,future_state_yaw_rate
-0.008262663687455507,-0.001035098675060602,0.7078496100031542,-0.009633213890335942,-0.019033615321992176,-0.18025442578629658
