future_state_roll,future_state_pitch,future_state_yaw,future_state_roll_rate,future_state_pitch_rate,future_state_yaw_rate
1.0303362532855953,1.5758826198910538,10.045923717073862,41.33980585857731,87.91405611125614,15.59700778411367
