actuator_1,actuator_2,actuator_3,actuator_4
-1.3835752503548282,-1.3749485032064146,-1.3762507745775898,-1.376252222714959
