actuator_1,actuator_2,actuator_3,actuator_4
1.2298025597128177,0.6178826188755613,0.431324575347276,-0.6955901471451871
