actuator_1,actuator_2,actuator_3,actuator_4
0.2989209414884795,0.29067062808968336,0.29546352694551686,0.29000008803083893
