actuator_1,actuator_2,actuator_3,actuator_4
0.29411279648066724,0.5068615961231213,-1.1875524030974607,0.29053036119273645
