feature,roll__h1,pitch__h1,yaw__h1,roll_rate__h1,pitch_rate__h1,yaw_rate__h1,roll__h2,pitch__h2,yaw__h2,roll_rate__h2,pitch_rate__h2,yaw_rate__h2
command_roll,8.625951843503835e-05,-0.0002024948562398183,0.0013183709461829225,-0.005913014537155229,0.0011006175358551599,-0.0010403488425159099,8.625951843503835e-05,-0.0002024948562398183,0.0013183709461829225,-0.005913014537155229,0.0011006175358551599,-0.0010403488425159099
command_pitch,-0.00012219644543847252,0.001001679771613401,0.005372341344966319,0.02552513568144506,-0.004949886922464092,0.007314899499632838,-0.00012219644543847252,0.001001679771613401,0.005372341344966319,0.02552513568144506,-0.004949886922464092,0.007314899499632838
command_yaw,3.110502286783834e-05,0.0008769132027082067,0.012908944472022791,0.021411073357233832,-0.006149573972497579,0.007502292317594056,3.110502286783834e-05,0.0008769132027082067,0.012908944472022791,0.021411073357233832,-0.006149573972497579,0.007502292317594056
command_throttle,-0.06558356572822296,0.005595941161667343,-3.12852683485485,0.4438058400060311,0.07130705644266506,-0.9944959866163119,-0.06558356572822296,0.005595941161667343,-3.12852683485485,0.4438058400060311,0.07130705644266506,-0.9944959866163119
