{
  "x_schema": "commands_only",
  "y_schema": "future_state_horizon",
  "pooling_mode": "pooled",
  "model_name": "ols_affine",
  "feature_names": [
    "command_roll",
    "command_pitch",
    "command_yaw",
    "command_throttle"
  ],
  "response_names": [
    "roll__h1",
    "pitch__h1",
    "yaw__h1",
    "roll_rate__h1",
    "pitch_rate__h1",
    "yaw_rate__h1",
    "roll__h2",
    "pitch__h2",
    "yaw__h2",
    "roll_rate__h2",
    "pitch_rate__h2",
    "yaw_rate__h2"
  ],
  "schema_metadata": {
    "x_schema": "commands_only",
    "y_schema": "future_state_horizon",
    "feature_count": 4,
    "response_count": 12,
    "strict_raw_linear": true,
    "requested_feature_columns": [
      "command_roll",
      "command_pitch",
      "command_yaw",
      "command_throttle"
    ],
    "requested_response_columns": [
      "roll__h1",
      "pitch__h1",
      "yaw__h1",
      "roll_rate__h1",
      "pitch_rate__h1",
      "yaw_rate__h1",
      "roll__h2",
      "pitch__h2",
      "yaw__h2",
      "roll_rate__h2",
      "pitch_rate__h2",
      "yaw_rate__h2"
    ],
    "dropped_unavailable_features": [],
    "dropped_unavailable_responses": [],
    "partial_feature_columns": {},
    "partial_response_columns": {
      "roll__h1": 0.994748818484159,
      "pitch__h1": 0.994748818484159,
      "yaw__h1": 0.994748818484159,
      "roll_rate__h1": 0.994748818484159,
      "pitch_rate__h1": 0.994748818484159,
      "yaw_rate__h1": 0.994748818484159,
      "roll__h2": 0.9894976369683178,
      "pitch__h2": 0.9894976369683178,
      "yaw__h2": 0.9894976369683178,
      "roll_rate__h2": 0.9894976369683178,
      "pitch_rate__h2": 0.9894976369683178,
      "yaw_rate__h2": 0.9894976369683178
    },
    "dropped_response_leakage_features": [],
    "dropped_zero_variance_features": []
  },
  "repeat_metrics": [
    {
      "repeat_index": 1,
      "train": {
        "r2": 0.99818091448453,
        "mse": 0.001474241110763186,
        "mae": 0.023898068094972923,
        "residual_mean_abs": 0.023898068094972923,
        "residual_std": 0.03839584757188186,
        "residual_max_abs": 0.13062966668729814
      },
      "val": {
        "r2": 0.9968592774019919,
        "mse": 0.0024110757090904647,
        "mae": 0.02616981446557789,
        "residual_mean_abs": 0.02616981446557789,
        "residual_std": 0.04824420898085193,
        "residual_max_abs": 0.15260583909484282
      },
      "test": {
        "r2": 0.9964336908744101,
        "mse": 0.002693641568296094,
        "mae": 0.03136323396003462,
        "residual_mean_abs": 0.03136323396003462,
        "residual_std": 0.051861478733144915,
        "residual_max_abs": 0.1729381804938917
      },
      "condition_number": 1.4909619300781434,
      "raw_condition_number": 1.4909619300781434,
      "raw_singular_values": [
        68.65584527714151,
        58.52288917366429,
        57.732366789698915,
        46.0480203364704
      ],
      "effective_condition_number": 1.4909619300781434,
      "singular_values": [
        68.65584527714151,
        58.52288917366429,
        57.732366789698915,
        46.0480203364704
      ],
      "effective_singular_values": [
        68.65584527714151,
        58.52288917366429,
        57.732366789698915,
        46.0480203364704
      ],
      "conditioning_pruned_features": [],
      "conditioning_baseline_drops": [],
      "conditioning_extra_pruned_features": []
    },
    {
      "repeat_index": 2,
      "train": {
        "r2": 0.9976892320675121,
        "mse": 0.0019499692057322502,
        "mae": 0.028409928875393935,
        "residual_mean_abs": 0.028409928875393935,
        "residual_std": 0.0441584556538411,
        "residual_max_abs": 0.14606839720459147
      },
      "val": {
        "r2": 0.9982838716665183,
        "mse": 0.0013163425688627586,
        "mae": 0.02231235546017527,
        "residual_mean_abs": 0.02231235546017527,
        "residual_std": 0.03415438197841025,
        "residual_max_abs": 0.12264381267846147
      },
      "test": {
        "r2": 0.9979366659940967,
        "mse": 0.0017571039365567847,
        "mae": 0.02806596422610282,
        "residual_mean_abs": 0.02806596422610282,
        "residual_std": 0.03949148353237379,
        "residual_max_abs": 0.11241029258320623
      },
      "condition_number": 1.5296512968655969,
      "raw_condition_number": 1.5296512968655969,
      "raw_singular_values": [
        69.10945687243753,
        58.2721816653598,
        57.853388516658555,
        45.17987662550902
      ],
      "effective_condition_number": 1.5296512968655969,
      "singular_values": [
        69.10945687243753,
        58.2721816653598,
        57.853388516658555,
        45.17987662550902
      ],
      "effective_singular_values": [
        69.10945687243753,
        58.2721816653598,
        57.853388516658555,
        45.17987662550902
      ],
      "conditioning_pruned_features": [],
      "conditioning_baseline_drops": [],
      "conditioning_extra_pruned_features": []
    }
  ],
  "split_records": [
    {
      "repeat_index": 1,
      "train_count": 3398,
      "val_count": 1125,
      "test_count": 1130
    },
    {
      "repeat_index": 2,
      "train_count": 3390,
      "val_count": 1131,
      "test_count": 1132
    }
  ],
  "median_test_r2": 0.9971851784342534,
  "median_test_mse": 0.0022253727524264395,
  "median_test_mae": 0.02971459909306872,
  "coefficient_stability": 1.0,
  "nonzero_count": 6,
  "sparsity_ratio": 0.875,
  "block_sparsity_summary": {
    "feature_blocks": {
      "commands": 4,
      "state": 0,
      "history": 0,
      "controller_params": 0
    }
  },
  "raw_condition_number": 1.5103066134718701,
  "effective_condition_number": 1.5103066134718701,
  "condition_number": 1.5103066134718701,
  "raw_singular_values": [
    68.65584527714151,
    58.52288917366429,
    57.732366789698915,
    46.0480203364704
  ],
  "singular_values": [
    68.65584527714151,
    58.52288917366429,
    57.732366789698915,
    46.0480203364704
  ],
  "effective_singular_values": [
    68.65584527714151,
    58.52288917366429,
    57.732366789698915,
    46.0480203364704
  ],
  "conditioning_pruned_features": [],
  "conditioning_baseline_drops": [],
  "conditioning_extra_pruned_features": [],
  "selection_frequency": [
    [
      0.0,
      0.0,
      0.0,
      0.0,
      0.0,
      0.0,
      0.0,
      0.0,
      0.0,
      0.0,
      0.0,
      0.0
    ],
    [
      0.0,
      0.0,
      0.0,
      0.0,
      0.0,
      0.0,
      0.0,
      0.0,
      0.0,
      0.0,
      0.0,
      0.0
    ],
    [
      0.0,
      0.0,
      0.0,
      0.0,
      0.0,
      0.0,
      0.0,
      0.0,
      0.0,
      0.0,
      0.0,
      0.0
    ],
    [
      0.0,
      0.0,
      1.0,
      1.0,
      0.0,
      1.0,
      0.0,
      0.0,
      1.0,
      1.0,
      0.0,
      1.0
    ]
  ],
  "backend_consistency": {
    "ardupilot": {
      "r2": 0.9979099975294178,
      "mse": 0.0017863020609299955,
      "mae": 0.026265252598411202,
      "residual_mean_abs": 0.026265252598411202,
      "residual_std": 0.04226138974118583,
      "residual_max_abs": 0.15949696353379844,
      "sample_count": 5653.0
    }
  },
  "mode_consistency": {
    "GUIDED_NOGPS": {
      "r2": -0.3241199986365093,
      "mse": 0.0028219449592669713,
      "mae": 0.03815173841309883,
      "residual_mean_abs": 0.03815173841309883,
      "residual_std": 0.05307546802099646,
      "residual_max_abs": 0.15949696353379844,
      "sample_count": 2830.0
    },
    "STABILIZE": {
      "r2": -109.56388545174299,
      "mse": 0.0007480911497384828,
      "mae": 0.014349292677913154,
      "residual_mean_abs": 0.014349292677913154,
      "residual_std": 0.027326042073921895,
      "residual_max_abs": 0.1249987593251376,
      "sample_count": 2823.0
    }
  },
  "scenario_consistency": 0.9989519726039467,
  "scenario_subgroup_metrics": {
    "dynamic": {
      "r2": 0.9984078277055,
      "mse": 0.0013542148365140838,