actuator_1,actuator_2,actuator_3,actuator_4
0.28503868914213104,0.285103239019188,0.2851686000495579,0.28518389333835104
