feature,actuator_1,actuator_2,actuator_3,actuator_4
command_roll,-0.0003918377262205802,-0.00037012382735667924,-0.00033638439665087134,-0.000664392962427111
command_pitch,-0.00021203430763781236,-0.00022576396752135971,5.7369239472509896e-05,-0.00014950761022186789
command_yaw,-0.0012804853980652375,-0.0018690229916151545,-0.0015846060454117366,-0.0012127439744576266
command_throttle,-0.43336458600575767,-0.43346188588234397,-0.4335650904412803,-0.4335850894667347
