{
  "x_schema": "commands_only",
  "y_schema": "actuator_response",
  "pooling_mode": "pooled",
  "model_name": "lasso_affine",
  "feature_names": [
    "command_roll",
    "command_pitch",
    "command_yaw",
    "command_throttle"
  ],
  "response_names": [
    "actuator_1",
    "actuator_2",
    "actuator_3",
    "actuator_4"
  ],
  "schema_metadata": {
    "x_schema": "commands_only",
    "y_schema": "actuator_response",
    "feature_count": 4,
    "response_count": 4,
    "strict_raw_linear": true,
    "requested_feature_columns": [
      "command_roll",
      "command_pitch",
      "command_yaw",
      "command_throttle"
    ],
    "requested_response_columns": [
      "actuator_1",
      "actuator_2",
      "actuator_3",
      "actuator_4"
    ],
    "dropped_unavailable_features": [],
    "dropped_unavailable_responses": [],
    "partial_feature_columns": {},
    "partial_response_columns": {},
    "dropped_response_leakage_features": [],
    "dropped_zero_variance_features": []
  },
  "repeat_metrics": [
    {
      "repeat_index": 1,
      "train": {
        "r2": 0.9987167091996564,
        "mse": 0.00010948375508139664,
        "mae": 0.005970270677094386,
        "residual_mean_abs": 0.005970270677094386,
        "residual_std": 0.010463448527201567,
        "residual_max_abs": 0.06856662356664889
      },
      "val": {
        "r2": 0.999853604026567,
        "mse": 1.120278389355178e-05,
        "mae": 0.0033212906004866797,
        "residual_mean_abs": 0.0033212906004866797,
        "residual_std": 0.003032740855165242,
        "residual_max_abs": 0.0038804671217272935
      },
      "test": {
        "r2": 0.9976240280574169,
        "mse": 0.0002049154725866133,
        "mae": 0.007665349150099506,
        "residual_mean_abs": 0.007665349150099506,
        "residual_std": 0.014306147685983211,
        "residual_max_abs": 0.0929108494031542
      },
      "condition_number": 1.0194700234003695,
      "raw_condition_number": 1.0194700234003695,
      "raw_singular_values": [
        75.16514080133217,
        74.51490333975241,
        74.30796347042354,
        73.72962331018249
      ],
      "effective_condition_number": 1.0194700234003695,
      "singular_values": [
        75.16514080133217,
        74.51490333975241,
        74.30796347042354,
        73.72962331018249
      ],
      "effective_singular_values": [
        75.16514080133217,
        74.51490333975241,
        74.30796347042354,
        73.72962331018249
      ],
      "conditioning_pruned_features": [],
      "conditioning_baseline_drops": [],
      "conditioning_extra_pruned_features": []
    },
    {
      "repeat_index": 2,
      "train": {
        "r2": 0.9986078793048921,
        "mse": 0.00011990200619019273,
        "mae": 0.006179565289693204,
        "residual_mean_abs": 0.006179565289693204,
        "residual_std": 0.010949977451583758,
        "residual_max_abs": 0.09251481529909178
      },
      "val": {
        "r2": 0.9989654740866876,
        "mse": 8.817949126370543e-05,
        "mae": 0.004423655534027999,
        "residual_mean_abs": 0.004423655534027999,
        "residual_std": 0.00938724006649905,
        "residual_max_abs": 0.06908806164204362
      },
      "test": {
        "r2": 0.9987892079557495,
        "mse": 0.00010440715239636051,
        "mae": 0.0061733113166591086,
        "residual_mean_abs": 0.0061733113166591086,
        "residual_std": 0.010217874731739868,
        "residual_max_abs": 0.06650239632359078
      },
      "condition_number": 1.0506349264887982,
      "raw_condition_number": 1.0506349264887982,
      "raw_singular_values": [
        76.20392476102798,
        74.53761260775083,
        74.43329639691738,
        72.53130734545447
      ],
      "effective_condition_number": 1.0506349264887982,
      "singular_values": [
        76.20392476102798,
        74.53761260775083,
        74.43329639691738,
        72.53130734545447
      ],
      "effective_singular_values": [
        76.20392476102798,
        74.53761260775083,
        74.43329639691738,
        72.53130734545447
      ],
      "conditioning_pruned_features": [],
      "conditioning_baseline_drops": [],
      "conditioning_extra_pruned_features": []
    }
  ],
  "split_records": [
    {
      "repeat_index": 1,
      "train_count": 5540,
      "val_count": 1722,
      "test_count": 1907
    },
    {
      "repeat_index": 2,
      "train_count": 5541,
      "val_count": 1717,
      "test_count": 1911
    }
  ],
  "median_test_r2": 0.9982066180065832,
  "median_test_mse": 0.0001546613124914869,
  "median_test_mae": 0.006919330233379307,
  "coefficient_stability": 1.0,
  "nonzero_count": 14,
  "sparsity_ratio": 0.125,
  "block_sparsity_summary": {
    "feature_blocks": {
      "commands": 4,
      "state": 0,
      "history": 0,
      "controller_params": 0
    }
  },
  "raw_condition_number": 1.035052474944584,
  "effective_condition_number": 1.035052474944584,
  "condition_number": 1.035052474944584,
  "raw_singular_values": [
    75.16514080133217,
    74.51490333975241,
    74.30796347042354,
    73.72962331018249
  ],
  "singular_values": [
    75.16514080133217,
    74.51490333975241,
    74.30796347042354,
    73.72962331018249
  ],
  "effective_singular_values": [
    75.16514080133217,
    74.51490333975241,
    74.30796347042354,
    73.72962331018249
  ],
  "conditioning_pruned_features": [],
  "conditioning_baseline_drops": [],
  "conditioning_extra_pruned_features": [],
  "selection_frequency": [
    [
      1.0,
      1.0,
      1.0,
      1.0
    ],
    [
      1.0,
      0.8333333333333334,
      0.6666666666666666,
      1.0
    ],
    [
      1.0,
      0.6666666666666666,
      1.0,
      1.0
    ],
    [
      1.0,
      1.0,
      1.0,
      1.0
    ]
  ],
  "backend_consistency": {
    "ardupilot": {
      "r2": 0.9987157919086617,
      "mse": 0.00011074645114128007,
      "mae": 0.005837385131564642,
      "residual_mean_abs": 0.005837385131564642,
      "residual_std": 0.010522438746617289,
      "residual_max_abs": 0.09271283235112293,
      "sample_count": 9169.0
    }
  },
  "mode_consistency": {
    "GUIDED_NOGPS": {
      "r2": -716.0438059518456,
      "mse": 0.00014908084868816334,
      "mae": 0.006153746789818754,
      "residual_mean_abs": 0.006153746789818754,
      "residual_std": 0.012198148645639029,
      "residual_max_abs": 0.09271283235112293,
      "sample_count": 4583.0
    },
    "STABILIZE": {
      "r2": NaN,
      "mse": 7.243713060980033e-05,
      "mae": 0.005521230425987102,
      "residual_mean_abs": 0.005521230425987102,
      "residual_std": 0.008468559988107955,
      "residual_max_abs": 0.05700145926879596,
      "sample_count": 4586.0
    }
  },
  "scenario_consistency": 0.9934029503026569,
  "scenario_subgroup_metrics": {
    "dynamic": {
      "r2": 0.9998793935852811,
      "mse": 1.0400131638612768e-05,
      "mae": 0.0032059044491800828,
      "residual_mean_abs": 0.0032059044491800828,
      "residual_std": 0.003222080277177982,
      "residual_max_abs": 0.0039823949825849025,
      "sample_count": 3436.0
    },
    "nominal": {
      "r2": 0.9992028167437849,
      "mse": 6.87492439052964e-05,
      "mae": 0.004468702869736301,
      "residual_mean_abs": 0.004468702869736301,
      "residual_std": 0.008289195678764648,
      "residual_max_abs": 0.06882734260434631,
      "sample_count": 4586.0
    },
    "throttle_biased": {
      "r2": 0.9932831395344497,
      "mse": 0.0005792635794720437,
      "mae": 0.01919269853820641,
      "residual_mean_abs": 0.01919269853820641,
      "residual_std": 0.024067801038084563,
      "residual_max_abs": 0.09271283235112293,
      "sample_count": 1147.0
    }
  },
  "top_influential": {
    "actuator_1": [
      {
        "feature": "command_throttle",
        "weight": -0.43336458600575767,
        "selection_frequency": 1.0
      },
      {
        "feature": "command_yaw",
        "weight": -0.0012804853980652375,