feature,window_mean_roll,window_mean_pitch,window_mean_yaw,window_mean_roll_rate,window_mean_pitch_rate,window_mean_yaw_rate,window_peak_roll,window_peak_pitch,window_peak_yaw,window_peak_roll_rate,window_peak_pitch_rate,window_peak_yaw_rate
command_roll,0.0,0.0,0.0011365560845054616,-0.005484736219286258,0.0007019307127800567,-0.0006429239620403966,0.0,0.0,0.0011365560845054616,0.005507741078149746,-0.000718120367887823,-0.0006429239620403966
command_pitch,-5.830392046485484e-05,0.0006929535006533257,0.005081704547532151,0.02520535378487765,-0.004625896329762092,0.006990847350461356,-5.830392046485484e-05,0.0006929535006533257,0.005081704547532151,-0.024854308404328652,0.005327101059119476,0.006990847350461356
command_yaw,0.0,0.00025117495551181285,0.012500351808675274,0.02043911718963482,-0.005203655492753024,0.006557541883851757,0.0,0.00025117495551181285,0.012500351808675274,-0.02015229142922558,0.005901742110919317,0.006557541883851757
command_throttle,-0.06556556664077653,0.005577899702596057,-3.1285084771296177,0.4437870151910226,0.0712906668359855,-0.9944795926775354,-0.06556556664077653,0.005577899702596057,-3.1285084771296177,-0.42430087111825027,-0.06061916935966781,-0.9944795926775354
