feature,roll__h1,pitch__h1,yaw__h1,roll_rate__h1,pitch_rate__h1,yaw_rate__h1,roll__h2,pitch__h2,yaw__h2,roll_rate__h2,pitch_rate__h2,yaw_rate__h2
command_roll,-0.004460603296995284,0.0021843265915516114,-0.006400816186432927,0.04750767184884486,1.3608459957762005e-05,-0.05856790659056649,-0.004460603296995284,0.0021843265915516114,-0.006400816186432927,0.04750767184884486,1.3608459957762005e-05,-0.05856790659056649
command_pitch,0.001217233620027918,-0.006368477525152165,-0.0025995773144879605,-0.002006061544137027,0.00369010741367113,-0.01180676112172503,0.001217233620027918,-0.006368477525152165,-0.0025995773144879605,-0.002006061544137027,0.00369010741367113,-0.01180676112172503
command_yaw,0.0067436101284439505,-0.0003914843714177375,0.026987565268191138,0.01230849255500942,-0.060809327595889855,0.028696573257827873,0.0067436101284439505,-0.0003914843714177375,0.026987565268191138,0.01230849255500942,-0.060809327595889855,0.028696573257827873
command_throttle,-0.06616493563971262,0.007417188799686535,-3.161249172960525,0.4492556033367795,0.11347417048487235,-1.0030379066997943,-0.06616493563971262,0.007417188799686535,-3.161249172960525,0.4492556033367795,0.11347417048487235,-1.0030379066997943
