{
  "x_schema": "commands_only",
  "y_schema": "future_state_horizon",
  "pooling_mode": "pooled",
  "model_name": "ridge_affine",
  "feature_names": [
    "command_roll",
    "command_pitch",
    "command_yaw",
    "command_throttle"
  ],
  "response_names": [
    "roll__h1",
    "pitch__h1",
    "yaw__h1",
    "roll_rate__h1",
    "pitch_rate__h1",
    "yaw_rate__h1",
    "roll__h2",
    "pitch__h2",
    "yaw__h2",
    "roll_rate__h2",
    "pitch_rate__h2",
    "yaw_rate__h2"
  ],
  "schema_metadata": {
    "x_schema": "commands_only",
    "y_schema": "future_state_horizon",
    "feature_count": 4,
    "response_count": 12,
    "strict_raw_linear": true,
    "requested_feature_columns": [
      "command_roll",
      "command_pitch",
      "command_yaw",
      "command_throttle"
    ],
    "requested_response_columns": [
      "roll__h1",
      "pitch__h1",
      "yaw__h1",
      "roll_rate__h1",
      "pitch_rate__h1",
      "yaw_rate__h1",
      "roll__h2",
      "pitch__h2",
      "yaw__h2",
      "roll_rate__h2",
      "pitch_rate__h2",
      "yaw_rate__h2"
    ],
    "dropped_unavailable_features": [],
    "dropped_unavailable_responses": [],
    "partial_feature_columns": {},
    "partial_response_columns": {
      "roll__h1": 0.9947431825648888,
      "pitch__h1": 0.9947431825648888,
      "yaw__h1": 0.9947431825648888,
      "roll_rate__h1": 0.9947431825648888,
      "pitch_rate__h1": 0.9947431825648888,
      "yaw_rate__h1": 0.9947431825648888,
      "roll__h2": 0.9894863651297777,
      "pitch__h2": 0.9894863651297777,
      "yaw__h2": 0.9894863651297777,
      "roll_rate__h2": 0.9894863651297777,
      "pitch_rate__h2": 0.9894863651297777,
      "yaw_rate__h2": 0.9894863651297777
    },
    "dropped_response_leakage_features": [],
    "dropped_zero_variance_features": []
  },
  "repeat_metrics": [
    {
      "repeat_index": 1,
      "train": {
        "r2": 0.9970612145813004,
        "mse": 0.0024986076081820337,
        "mae": 0.026153214863418293,
        "residual_mean_abs": 0.026153214863418293,
        "residual_std": 0.049986074142525275,
        "residual_max_abs": 0.5301875077441878
      },
      "val": {
        "r2": 0.9983964391769461,
        "mse": 0.001233505604941464,
        "mae": 0.018831219743937158,
        "residual_mean_abs": 0.018831219743937158,
        "residual_std": 0.03407107209191824,
        "residual_max_abs": 0.1238248813402063
      },
      "test": {
        "r2": 0.9961706444730463,
        "mse": 0.0033096371433245252,
        "mae": 0.026904612808850117,
        "residual_mean_abs": 0.026904612808850117,
        "residual_std": 0.05751659614259639,
        "residual_max_abs": 0.679885245657033
      },
      "condition_number": 1.0251964522428887,
      "raw_condition_number": 1.0251964522428887,
      "raw_singular_values": [
        74.80487825886094,
        73.93023357023539,
        73.74589834991966,
        72.96638424294726
      ],
      "effective_condition_number": 1.0251964522428887,
      "singular_values": [
        74.80487825886094,
        73.93023357023539,
        73.74589834991966,
        72.96638424294726
      ],
      "effective_singular_values": [
        74.80487825886094,
        73.93023357023539,
        73.74589834991966,
        72.96638424294726
      ],
      "conditioning_pruned_features": [],
      "conditioning_baseline_drops": [],
      "conditioning_extra_pruned_features": []
    },
    {
      "repeat_index": 2,
      "train": {
        "r2": 0.9969171467720419,
        "mse": 0.0026464542180042847,
        "mae": 0.025504143873210237,
        "residual_mean_abs": 0.025504143873210237,
        "residual_std": 0.051443699497647766,
        "residual_max_abs": 0.6741464219527984
      },
      "val": {
        "r2": 0.9972732352617703,
        "mse": 0.002332150949306039,
        "mae": 0.02474119673621012,
        "residual_mean_abs": 0.02474119673621012,
        "residual_std": 0.04804660508187939,
        "residual_max_abs": 0.5351052126366653
      },
      "test": {
        "r2": 0.9979038596138128,
        "mse": 0.0018048012056741374,
        "mae": 0.021522166034384844,
        "residual_mean_abs": 0.021522166034384844,
        "residual_std": 0.04243334003035995,
        "residual_max_abs": 0.504538048776169
      },
      "condition_number": 1.0479341512322031,
      "raw_condition_number": 1.0479341512322031,
      "raw_singular_values": [
        75.52307018563259,
        73.9928359378831,
        73.9151782964166,
        72.0685265355934
      ],
      "effective_condition_number": 1.0479341512322031,
      "singular_values": [
        75.52307018563259,
        73.9928359378831,
        73.9151782964166,
        72.0685265355934
      ],
      "effective_singular_values": [
        75.52307018563259,
        73.9928359378831,
        73.9151782964166,
        72.0685265355934
      ],
      "conditioning_pruned_features": [],
      "conditioning_baseline_drops": [],
      "conditioning_extra_pruned_features": []
    }
  ],
  "split_records": [
    {
      "repeat_index": 1,
      "train_count": 5456,
      "val_count": 1694,
      "test_count": 1885
    },
    {
      "repeat_index": 2,
      "train_count": 5459,
      "val_count": 1694,
      "test_count": 1882
    }
  ],
  "median_test_r2": 0.9970372520434295,
  "median_test_mse": 0.002557219174499331,
  "median_test_mae": 0.02421338942161748,
  "coefficient_stability": 1.0,
  "nonzero_count": 8,
  "sparsity_ratio": 0.8333333333333334,
  "block_sparsity_summary": {
    "feature_blocks": {
      "commands": 4,
      "state": 0,
      "history": 0,
      "controller_params": 0
    }
  },
  "raw_condition_number": 1.036565301737546,
  "effective_condition_number": 1.036565301737546,
  "condition_number": 1.036565301737546,
  "raw_singular_values": [
    74.80487825886094,
    73.93023357023539,
    73.74589834991966,
    72.96638424294726
  ],
  "singular_values": [
    74.80487825886094,
    73.93023357023539,
    73.74589834991966,
    72.96638424294726
  ],
  "effective_singular_values": [
    74.80487825886094,
    73.93023357023539,
    73.74589834991966,
    72.96638424294726
  ],
  "conditioning_pruned_features": [],
  "conditioning_baseline_drops": [],
  "conditioning_extra_pruned_features": [],
  "selection_frequency": [
    [
      0.0,
      0.0,
      0.0,
      0.0,
      0.0,
      0.0,
      0.0,
      0.0,
      0.0,
      0.0,
      0.0,
      0.0
    ],
    [
      0.0,
      0.0,
      0.0,
      0.0,
      0.0,
      0.0,
      0.0,
      0.0,
      0.0,
      0.0,
      0.0,
      0.0
    ],
    [
      0.0,
      0.0,
      0.0,
      0.0,
      0.0,
      0.0,
      0.0,
      0.0,
      0.0,
      0.0,
      0.0,
      0.0
    ],
    [
      0.0,
      0.0,
      1.0,
      1.0,
      1.0,
      1.0,
      0.0,
      0.0,
      1.0,
      1.0,
      1.0,
      1.0
    ]
  ],
  "backend_consistency": {
    "ardupilot": {
      "r2": 0.9971957856928576,
      "mse": 0.002415023249862778,
      "mae": 0.024630341255617447,
      "residual_mean_abs": 0.024630341255617447,
      "residual_std": 0.04913813106519484,
      "residual_max_abs": 0.6770158338049441,
      "sample_count": 9035.0
    }
  },
  "mode_consistency": {
    "GUIDED_NOGPS": {
      "r2": -0.642054603498514,
      "mse": 0.004063615264243109,
      "mae": 0.03859438835212789,
      "residual_mean_abs": 0.03859438835212789,
      "residual_std": 0.06374341335070112,
      "residual_max_abs": 0.6770158338049441,
      "sample_count": 4528.0
    },
    "STABILIZE": {
      "r2": -113.54506825579578,
      "mse": 0.0007587497550515652,
      "mae": 0.010601229817188492,
      "residual_mean_abs": 0.010601229817188492,
      "residual_std": 0.027535444582823528,
      "residual_max_abs": 0.414578760889583,
      "sample_count": 4507.0
    }
  },
  "scenario_consistency": 0.9926758344735391,
  "scenario_subgroup_metrics": {
    "dynamic": {
      "r2": 0.9986826033834387,
      "mse": 0.0011366737996132271,