actuator_1,actuator_2,actuator_3,actuator_4
-48.20198416409511,-48.08615608939181,-48.34593500493692,-48.17563958365649
