feature,window_mean_roll,window_mean_pitch,window_mean_yaw,window_mean_roll_rate,window_mean_pitch_rate,window_mean_yaw_rate,window_peak_roll,window_peak_pitch,window_peak_yaw,window_peak_roll_rate,window_peak_pitch_rate,window_peak_yaw_rate
command_roll,0.16541129540563754,0.12543201912822985,-0.19561184296555692,0.005264360523627242,0.015963376894200323,-0.11527667596471575,0.007359717376158292,0.004810408154687589,-0.08919720918652395,0.014250399986800404,0.009541643062177184,0.1276122845518563
command_pitch,0.20686270530031575,0.1569250832433765,-0.2435203475714569,0.0067004375573357314,0.01995523868016146,-0.14418802267334346,0.008627941804176444,0.005565885032939149,-0.11303952243903427,0.01788294995586911,0.01195133609511517,0.15961900994998005
command_yaw,0.4143404410257491,0.31434699406102345,-0.493775354981582,0.014123311830005543,0.040514381781811035,-0.310469861721438,0.01774588352319522,0.011767085112060918,-0.2276151695546423,0.03836202071919023,0.024458670049447923,0.34264879328353265
command_throttle,0.01470496055652333,-0.010591169280545088,19.72353119720248,-0.042685928847626634,-0.05523383670166342,2.4336974195342447,-0.4229635721776199,-0.2988608025025475,19.353429205016187,-0.4296442423434868,-0.22037472496496488,-2.6341190235096783
