feature,window_mean_roll,window_mean_pitch,window_mean_yaw,window_mean_roll_rate,window_mean_pitch_rate,window_mean_yaw_rate,window_peak_roll,window_peak_pitch,window_peak_yaw,window_peak_roll_rate,window_peak_pitch_rate,window_peak_yaw_rate
command_roll,0.2930488728564097,0.03939320983404324,-1.8138753862969113,-0.015527930535134831,0.014268967435308963,-0.11708561012583801,0.07793527981897028,0.03542277393584199,-1.7153302610805525,0.06661603221202719,0.0604558290733375,0.13374612068933378
command_pitch,-0.04936080299971869,0.26098732874819347,-0.28975951074839257,0.002308717545895284,-0.016242018216859028,0.20596108469203447,-0.0005848212974698571,-0.014999825728280033,-0.10656363318901316,0.010672790027596503,0.03580541257067851,-0.18570837800688098
command_yaw,0.16850942065409824,-0.006444067115710273,2.0441035796922495,0.06847947973289154,-0.0076259140675784,1.00449651572023,0.1023445566532116,-0.006398720554878459,2.15252760085958,-0.13269464667031378,-0.06358379462938203,-1.0919270720557233
command_throttle,-0.003864113737539484,0.0010609153581115109,0.8978410884249566,-0.003399039383416947,-0.00114124317678689,0.1273647746852502,-0.017699849794776044,-0.01039951986297772,0.8679334165361399,-0.01623892065490594,-0.00475302104683859,-0.1371053675752422
