future_state_roll,future_state_pitch,future_state_yaw,future_state_roll_rate,future_state_pitch_rate,future_state_yaw_rate
0.03358563567354966,0.02046549351380853,161.87371902805535,-10.011052331936785,-24.79668850901933,-23.987508461850066
