actuator_1,actuator_2,actuator_3,actuator_4
-1.0592335816087686,-0.9091101895385885,-1.9338416005477814,-1.2523397218733234
