actuator_1,actuator_2,actuator_3,actuator_4
-52.31476454472996,-52.264030170511944,-52.50609552171193,-53.49422413861651
