actuator_1,actuator_2,actuator_3,actuator_4
5.200145232109394,5.075491655764452,0.6577129826780118,-3.650822765053775
