future_state_roll,future_state_pitch,future_state_yaw,future_state_roll_rate,future_state_pitch_rate,future_state_yaw_rate,future_state_position_x,future_state_position_y,future_state_position_z,future_state_velocity_x,future_state_velocity_y,future_state_velocity_z,future_state_altitude,future_state_vertical_speed,future_state_heading
0.21770433381831455,0.06331346485923738,0.33653349820207823,-1.3920344999823682,-1.4640257709701616,0.06280349879116376,0.21821539149123947,0.1406883232136572,-1.5741311961735802,-0.1545756496695763,0.0724350284097787,-2.0239369785907084,1.5741311961735802,2.0239369785907084,0.3291899652728649
