{
  "x_schema": "commands_only",
  "y_schema": "future_state_horizon",
  "pooling_mode": "pooled",
  "model_name": "ridge_affine",
  "feature_names": [
    "command_roll",
    "command_pitch",
    "command_yaw",
    "command_throttle"
  ],
  "response_names": [
    "roll__h1",
    "pitch__h1",
    "yaw__h1",
    "roll_rate__h1",
    "pitch_rate__h1",
    "yaw_rate__h1",
    "roll__h2",
    "pitch__h2",
    "yaw__h2",
    "roll_rate__h2",
    "pitch_rate__h2",
    "yaw_rate__h2"
  ],
  "schema_metadata": {
    "x_schema": "commands_only",
    "y_schema": "future_state_horizon",
    "feature_count": 4,
    "response_count": 12,
    "strict_raw_linear": true,
    "requested_feature_columns": [
      "command_roll",
      "command_pitch",
      "command_yaw",
      "command_throttle"
    ],
    "requested_response_columns": [
      "roll__h1",
      "pitch__h1",
      "yaw__h1",
      "roll_rate__h1",
      "pitch_rate__h1",
      "yaw_rate__h1",
      "roll__h2",
      "pitch__h2",
      "yaw__h2",
      "roll_rate__h2",
      "pitch_rate__h2",
      "yaw_rate__h2"
    ],
    "dropped_unavailable_features": [],
    "dropped_unavailable_responses": [],
    "partial_feature_columns": {},
    "partial_response_columns": {
      "roll__h1": 0.994748818484159,
      "pitch__h1": 0.994748818484159,
      "yaw__h1": 0.994748818484159,
      "roll_rate__h1": 0.994748818484159,
      "pitch_rate__h1": 0.994748818484159,
      "yaw_rate__h1": 0.994748818484159,
      "roll__h2": 0.9894976369683178,
      "pitch__h2": 0.9894976369683178,
      "yaw__h2": 0.9894976369683178,
      "roll_rate__h2": 0.9894976369683178,
      "pitch_rate__h2": 0.9894976369683178,
      "yaw_rate__h2": 0.9894976369683178
    },
    "dropped_response_leakage_features": [],
    "dropped_zero_variance_features": []
  },
  "repeat_metrics": [
    {
      "repeat_index": 1,
      "train": {
        "r2": 0.9981808832868031,
        "mse": 0.0014742663943307674,
        "mae": 0.023932544831027927,
        "residual_mean_abs": 0.023932544831027927,
        "residual_std": 0.03839617681919344,
        "residual_max_abs": 0.13013126067869507
      },
      "val": {
        "r2": 0.9968578236261021,
        "mse": 0.0024121917464433335,
        "mae": 0.026220884106511806,
        "residual_mean_abs": 0.026220884106511806,
        "residual_std": 0.04824779214651295,
        "residual_max_abs": 0.15264430917951344
      },
      "test": {
        "r2": 0.9964472338577735,
        "mse": 0.002683412521496793,
        "mae": 0.0313152876323168,
        "residual_mean_abs": 0.0313152876323168,
        "residual_std": 0.05176442936415807,
        "residual_max_abs": 0.17294393361475907
      },
      "condition_number": 1.4909619300781434,
      "raw_condition_number": 1.4909619300781434,
      "raw_singular_values": [
        68.65584527714151,
        58.52288917366429,
        57.732366789698915,
        46.0480203364704
      ],
      "effective_condition_number": 1.4909619300781434,
      "singular_values": [
        68.65584527714151,
        58.52288917366429,
        57.732366789698915,
        46.0480203364704
      ],
      "effective_singular_values": [
        68.65584527714151,
        58.52288917366429,
        57.732366789698915,
        46.0480203364704
      ],
      "conditioning_pruned_features": [],
      "conditioning_baseline_drops": [],
      "conditioning_extra_pruned_features": []
    },
    {
      "repeat_index": 2,
      "train": {
        "r2": 0.9976892007338822,
        "mse": 0.0019499956469913118,
        "mae": 0.028428481665911057,
        "residual_mean_abs": 0.028428481665911057,
        "residual_std": 0.044158755043494057,
        "residual_max_abs": 0.14607745286096874
      },
      "val": {
        "r2": 0.9982773101321125,
        "mse": 0.0013213755415647007,
        "mae": 0.022379143091505616,
        "residual_mean_abs": 0.022379143091505616,
        "residual_std": 0.034216903483267676,
        "residual_max_abs": 0.12228709426972273
      },
      "test": {
        "r2": 0.9979407959309544,
        "mse": 0.0017535869449840568,
        "mae": 0.02805311828510639,
        "residual_mean_abs": 0.02805311828510639,
        "residual_std": 0.03944975933866144,
        "residual_max_abs": 0.11205245841188116
      },
      "condition_number": 1.5296512968655969,
      "raw_condition_number": 1.5296512968655969,
      "raw_singular_values": [
        69.10945687243753,
        58.2721816653598,
        57.853388516658555,
        45.17987662550902
      ],
      "effective_condition_number": 1.5296512968655969,
      "singular_values": [
        69.10945687243753,
        58.2721816653598,
        57.853388516658555,
        45.17987662550902
      ],
      "effective_singular_values": [
        69.10945687243753,
        58.2721816653598,
        57.853388516658555,
        45.17987662550902
      ],
      "conditioning_pruned_features": [],
      "conditioning_baseline_drops": [],
      "conditioning_extra_pruned_features": []
    }
  ],
  "split_records": [
    {
      "repeat_index": 1,
      "train_count": 3398,
      "val_count": 1125,
      "test_count": 1130
    },
    {
      "repeat_index": 2,
      "train_count": 3390,
      "val_count": 1131,
      "test_count": 1132
    }
  ],
  "median_test_r2": 0.9971940148943639,
  "median_test_mse": 0.0022184997332404246,
  "median_test_mae": 0.029684202958711596,
  "coefficient_stability": 1.0,
  "nonzero_count": 6,
  "sparsity_ratio": 0.875,
  "block_sparsity_summary": {
    "feature_blocks": {
      "commands": 4,
      "state": 0,
      "history": 0,
      "controller_params": 0
    }
  },
  "raw_condition_number": 1.5103066134718701,
  "effective_condition_number": 1.5103066134718701,
  "condition_number": 1.5103066134718701,
  "raw_singular_values": [
    68.65584527714151,
    58.52288917366429,
    57.732366789698915,
    46.0480203364704
  ],
  "singular_values": [
    68.65584527714151,
    58.52288917366429,
    57.732366789698915,
    46.0480203364704
  ],
  "effective_singular_values": [
    68.65584527714151,
    58.52288917366429,
    57.732366789698915,
    46.0480203364704
  ],
  "conditioning_pruned_features": [],
  "conditioning_baseline_drops": [],
  "conditioning_extra_pruned_features": [],
  "selection_frequency": [
    [
      0.0,
      0.0,
      0.0,
      0.0,
      0.0,
      0.0,
      0.0,
      0.0,
      0.0,
      0.0,
      0.0,
      0.0
    ],
    [
      0.0,
      0.0,
      0.0,
      0.0,
      0.0,
      0.0,
      0.0,
      0.0,
      0.0,
      0.0,
      0.0,
      0.0
    ],
    [
      0.0,
      0.0,
      0.0,
      0.0,
      0.0,
      0.0,
      0.0,
      0.0,
      0.0,
      0.0,
      0.0,
      0.0
    ],
    [
      0.0,
      0.0,
      1.0,
      1.0,
      0.0,
      1.0,
      0.0,
      0.0,
      1.0,
      1.0,
      0.0,
      1.0
    ]
  ],
  "backend_consistency": {
    "ardupilot": {
      "r2": 0.997910761556392,
      "mse": 0.001785649055501517,
      "mae": 0.026287832578192095,
      "residual_mean_abs": 0.026287832578192095,
      "residual_std": 0.04225350687599158,
      "residual_max_abs": 0.15950434556585447,
      "sample_count": 5653.0
    }
  },
  "mode_consistency": {
    "GUIDED_NOGPS": {
      "r2": -0.3241824460141052,
      "mse": 0.0028220780461945968,
      "mae": 0.03816416179211284,
      "residual_mean_abs": 0.03816416179211284,
      "residual_std": 0.05307925613626489,
      "residual_max_abs": 0.15950434556585447,
      "sample_count": 2830.0
    },
    "STABILIZE": {
      "r2": -109.35090638369817,
      "mse": 0.0007466501027344552,
      "mae": 0.014382054443089123,
      "residual_mean_abs": 0.014382054443089123,
      "residual_std": 0.02730323952227166,
      "residual_max_abs": 0.12453119658800915,
      "sample_count": 2823.0
    }
  },
  "scenario_consistency": 0.9989732128164946,
  "scenario_subgroup_metrics": {
    "dynamic": {
      "r2": 0.9984019255732679,
      "mse": 0.0013592348679913526,