feature,window_mean_roll,window_mean_pitch,window_mean_yaw,window_mean_roll_rate,window_mean_pitch_rate,window_mean_yaw_rate,window_peak_roll,window_peak_pitch,window_peak_yaw,window_peak_roll_rate,window_peak_pitch_rate,window_peak_yaw_rate
command_roll,0.00013039714447415105,-0.0014175317457767354,0.0065390717139392615,-0.016236508287525025,0.020695671496516094,-0.01663117347989955,0.00013039714447415105,-0.0014175317457767354,0.0065390717139392615,0.016265489566470174,-0.020676314559182226,-0.01663117347989955
command_pitch,-0.0017212918871971636,-0.0009322423096973936,0.00394653162047903,0.001882667254197669,0.000998620424988409,-0.0056252981655423254,-0.0017212918871971636,-0.0009322423096973936,0.00394653162047903,-0.0018718653903957337,-0.0009892220773052738,-0.0056252981655423254
command_yaw,-0.0018862207580026065,-0.005033343781845284,0.020258229787892365,-0.03949866508372828,0.0499661137478735,-0.04719759211882751,-0.0018862207580026065,-0.005033343781845284,0.020258229787892365,0.03958254246580804,-0.049907364387847146,-0.04719759211882751
command_throttle,0.07546598866718555,0.0658637302881697,-0.2775568464200594,0.6605533508065606,-0.7751072969293421,0.6916820853008167,0.07546598866718555,0.0658637302881697,-0.2775568464200594,-0.6574722450114168,0.7771853627496493,0.6916820853008167
