actuator_1,actuator_2,actuator_3,actuator_4
-29111.284076588257,6152.131687966613,-22970.152053572547,11675.673004611159
