actuator_1,actuator_2,actuator_3,actuator_4
5.943410196557908,7.353858691763893,-1.8377997707601441,-2.0017884396875187
