actuator_1,actuator_2,actuator_3,actuator_4
0.28468768275415324,0.28445684659159864,0.28448388705953687,0.2846169135404846
