feature,actuator_1,actuator_2,actuator_3,actuator_4
command_roll,7.113705744847938e-05,0.00013003045607505028,0.00012119911496144821,0.00013765469182136592
command_pitch,0.0012317539529512161,0.0009666981068869334,0.000985482066454669,0.0009047199042778867
command_yaw,0.002193524341010944,0.001961598826166808,0.001979318659048119,0.001888932907455587
command_throttle,-0.43045427727393215,-0.43011527795437876,-0.43015165993362375,-0.4303649446064184
