{
  "x_schema": "commands_only",
  "y_schema": "actuator_response",
  "pooling_mode": "pooled",
  "model_name": "ols_affine",
  "feature_names": [
    "command_roll",
    "command_pitch",
    "command_yaw",
    "command_throttle"
  ],
  "response_names": [
    "actuator_1",
    "actuator_2",
    "actuator_3",
    "actuator_4"
  ],
  "schema_metadata": {
    "x_schema": "commands_only",
    "y_schema": "actuator_response",
    "feature_count": 4,
    "response_count": 4,
    "strict_raw_linear": true,
    "requested_feature_columns": [
      "command_roll",
      "command_pitch",
      "command_yaw",
      "command_throttle"
    ],
    "requested_response_columns": [
      "actuator_1",
      "actuator_2",
      "actuator_3",
      "actuator_4"
    ],
    "dropped_unavailable_features": [],
    "dropped_unavailable_responses": [],
    "partial_feature_columns": {},
    "partial_response_columns": {},
    "dropped_response_leakage_features": [],
    "dropped_zero_variance_features": []
  },
  "repeat_metrics": [
    {
      "repeat_index": 1,
      "train": {
        "r2": 0.9992687885018772,
        "mse": 5.9881566727395994e-05,
        "mae": 0.006708825656783695,
        "residual_mean_abs": 0.006708825656783695,
        "residual_std": 0.007738318081301388,
        "residual_max_abs": 0.018398033533036817
      },
      "val": {
        "r2": 0.9992430158700719,
        "mse": 5.8113438383637074e-05,
        "mae": 0.0061099418208485495,
        "residual_mean_abs": 0.0061099418208485495,
        "residual_std": 0.00690002880620489,
        "residual_max_abs": 0.01839695224962301
      },
      "test": {
        "r2": 0.9980558728914104,
        "mse": 0.00014852753656624475,
        "mae": 0.011088978079296064,
        "residual_mean_abs": 0.011088978079296064,
        "residual_std": 0.010310002254149147,
        "residual_max_abs": 0.018464183238365572
      },
      "condition_number": 1.4908547169707205,
      "raw_condition_number": 1.4908547169707205,
      "raw_singular_values": [
        69.01692070636842,
        58.83036074207566,
        58.03932130285945,
        46.29352539904388
      ],
      "effective_condition_number": 1.4908547169707205,
      "singular_values": [
        69.01692070636842,
        58.83036074207566,
        58.03932130285945,
        46.29352539904388
      ],
      "effective_singular_values": [
        69.01692070636842,
        58.83036074207566,
        58.03932130285945,
        46.29352539904388
      ],
      "conditioning_pruned_features": [],
      "conditioning_baseline_drops": [],
      "conditioning_extra_pruned_features": []
    },
    {
      "repeat_index": 2,
      "train": {
        "r2": 0.9991644538266659,
        "mse": 7.118764342312336e-05,
        "mae": 0.00788915918152947,
        "residual_mean_abs": 0.00788915918152947,
        "residual_std": 0.008437277014720055,
        "residual_max_abs": 0.016840935272505186
      },
      "val": {
        "r2": 0.999189579485891,
        "mse": 6.216205606812598e-05,
        "mae": 0.007490451042705234,
        "residual_mean_abs": 0.007490451042705234,
        "residual_std": 0.005330869987111678,
        "residual_max_abs": 0.016792636590715726
      },
      "test": {
        "r2": 0.9990405951618795,
        "mse": 8.275644895148683e-05,
        "mae": 0.008581768042162067,
        "residual_mean_abs": 0.008581768042162067,
        "residual_std": 0.008808468494686836,
        "residual_max_abs": 0.016569328167753805
      },
      "condition_number": 1.5295228719104597,
      "raw_condition_number": 1.5295228719104597,
      "raw_singular_values": [
        69.47403992154592,
        58.580264615481276,
        58.1596870700793,
        45.42203401951679
      ],
      "effective_condition_number": 1.5295228719104597,
      "singular_values": [
        69.47403992154592,
        58.580264615481276,
        58.1596870700793,
        45.42203401951679
      ],
      "effective_singular_values": [
        69.47403992154592,
        58.580264615481276,
        58.1596870700793,
        45.42203401951679
      ],
      "conditioning_pruned_features": [],
      "conditioning_baseline_drops": [],
      "conditioning_extra_pruned_features": []
    }
  ],
  "split_records": [
    {
      "repeat_index": 1,
      "train_count": 3434,
      "val_count": 1137,
      "test_count": 1142
    },
    {
      "repeat_index": 2,
      "train_count": 3426,
      "val_count": 1143,
      "test_count": 1144
    }
  ],
  "median_test_r2": 0.9985482340266449,
  "median_test_mse": 0.0001156419927588658,
  "median_test_mae": 0.009835373060729066,
  "coefficient_stability": 1.0,
  "nonzero_count": 4,
  "sparsity_ratio": 0.75,
  "block_sparsity_summary": {
    "feature_blocks": {
      "commands": 4,
      "state": 0,
      "history": 0,
      "controller_params": 0
    }
  },
  "raw_condition_number": 1.51018879444059,
  "effective_condition_number": 1.51018879444059,
  "condition_number": 1.51018879444059,
  "raw_singular_values": [
    69.01692070636842,
    58.83036074207566,
    58.03932130285945,
    46.29352539904388
  ],
  "singular_values": [
    69.01692070636842,
    58.83036074207566,
    58.03932130285945,
    46.29352539904388
  ],
  "effective_singular_values": [
    69.01692070636842,
    58.83036074207566,
    58.03932130285945,
    46.29352539904388
  ],
  "conditioning_pruned_features": [],
  "conditioning_baseline_drops": [],
  "conditioning_extra_pruned_features": [],
  "selection_frequency": [
    [
      0.0,
      0.0,
      0.0,
      0.0
    ],
    [
      0.0,
      0.0,
      0.0,
      0.0
    ],
    [
      0.0,
      0.0,
      0.0,
      0.0
    ],
    [
      1.0,
      1.0,
      1.0,
      1.0
    ]
  ],
  "backend_consistency": {
    "ardupilot": {
      "r2": 0.9991641319121266,
      "mse": 7.208116397333493e-05,
      "mae": 0.007700160084421193,
      "residual_mean_abs": 0.007700160084421193,
      "residual_std": 0.008467503197721788,
      "residual_max_abs": 0.016423141945606012,
      "sample_count": 5713.0
    }
  },
  "mode_consistency": {
    "GUIDED_NOGPS": {
      "r2": -360.7205300925278,
      "mse": 6.898012852645153e-05,
      "mae": 0.007735880436026439,
      "residual_mean_abs": 0.007735880436026439,
      "residual_std": 0.008304025522884818,
      "residual_max_abs": 0.016423141945606012,
      "sample_count": 2860.0
    },
    "STABILIZE": {
      "r2": NaN,
      "mse": 7.518980798948862e-05,
      "mae": 0.0076643520908736985,
      "residual_mean_abs": 0.0076643520908736985,
      "residual_std": 0.008602986561343732,
      "residual_max_abs": 0.01627355214351689,
      "sample_count": 2853.0
    }
  },
  "scenario_consistency": 0.9985646508900025,
  "scenario_subgroup_metrics": {
    "dynamic": {
      "r2": 0.9996173429512696,
      "mse": 3.300215178780674e-05,
      "mae": 0.0054910680688959115,
      "residual_mean_abs": 0.0054910680688959115,
      "residual_std": 0.00572212410544329,
      "residual_max_abs": 0.012225116912129352,
      "sample_count": 1904.0
    },
    "nominal": {
      "r2": 0.9996521385706151,
      "mse": 2.9996142028649304e-05,
      "mae": 0.0053400606282450695,
      "residual_mean_abs": 0.0053400606282450695,
      "residual_std": 0.005455415232874822,
      "residual_max_abs": 0.010374744154938997,
      "sample_count": 1912.0
    },
    "throttle_biased": {
      "r2": 0.9982172887632106,
      "mse": 0.000153722176708962,
      "mae": 0.012296165017351549,
      "residual_mean_abs": 0.012296165017351549,
      "residual_std": 0.012368383384475923,
      "residual_max_abs": 0.016423141945606012,
      "sample_count": 1897.0
    }
  },
  "top_influential": {
    "actuator_1": [
      {
        "feature": "command_throttle",
        "weight": -0.43045427727393215,
        "selection_frequency": 1.0
      },
      {
        "feature": "command_yaw",
        "weight": 0.002193524341010944,