actuator_1,actuator_2,actuator_3,actuator_4
-1.5396994829189508,-1.5393362444728615,-1.5553259012958038,-1.5670656488154977
