actuator_1,actuator_2,actuator_3,actuator_4
-1.3583833827436387,-1.3611244880110926,-1.3709294639868774,-1.387210080250087
