future_state_roll,future_state_pitch,future_state_yaw,future_state_roll_rate,future_state_pitch_rate,future_state_yaw_rate
2.249371965444018,0.1991826734905559,3.401192372320166,2.3793943275644955,0.8411569353140516,3.9619391340052763
