actuator_1,actuator_2,actuator_3,actuator_4
0.29604830156257556,0.29807855720409404,0.29570412744956953,0.2967357233030252
