feature,actuator_1,actuator_2,actuator_3,actuator_4
command_roll,1.5966738998054208,1.5885481736283165,1.7120202042259638,1.7010288308723265
command_pitch,0.2056825938158827,0.2051744196971749,0.1335777035539145,0.12463711272117743
command_yaw,-1.4336504536145522,-1.429427909493119,-1.8302792598772806,-1.8225106668144515
command_throttle,-0.036406627298664375,-0.033628602699401614,-0.04865077471628619,-0.04666052972925056
