{
  "x_schema": "commands_only",
  "y_schema": "actuator_response",
  "pooling_mode": "pooled",
  "model_name": "lasso_affine",
  "feature_names": [
    "command_roll",
    "command_pitch",
    "command_yaw",
    "command_throttle"
  ],
  "response_names": [
    "actuator_1",
    "actuator_2",
    "actuator_3",
    "actuator_4"
  ],
  "schema_metadata": {
    "x_schema": "commands_only",
    "y_schema": "actuator_response",
    "feature_count": 4,
    "response_count": 4,
    "strict_raw_linear": true,
    "requested_feature_columns": [
      "command_roll",
      "command_pitch",
      "command_yaw",
      "command_throttle"
    ],
    "requested_response_columns": [
      "actuator_1",
      "actuator_2",
      "actuator_3",
      "actuator_4"
    ],
    "dropped_unavailable_features": [],
    "dropped_unavailable_responses": [],
    "partial_feature_columns": {},
    "partial_response_columns": {},
    "dropped_response_leakage_features": [],
    "dropped_zero_variance_features": []
  },
  "repeat_metrics": [
    {
      "repeat_index": 1,
      "train": {
        "r2": 0.023361104104136277,
        "mse": 0.12029287546125542,
        "mae": 0.33278650705530854,
        "residual_mean_abs": 0.33278650705530854,
        "residual_std": 0.3468326332127002,
        "residual_max_abs": 0.8265676027827744
      },
      "val": {
        "r2": 0.026734742872152606,
        "mse": 0.11960066485938703,
        "mae": 0.33147989447443,
        "residual_mean_abs": 0.33147989447443,
        "residual_std": 0.3458331273302269,
        "residual_max_abs": 0.8287309651885821
      },
      "test": {
        "r2": 0.004516106927586527,
        "mse": 0.11954342527512188,
        "mae": 0.32766127474212364,
        "residual_mean_abs": 0.32766127474212364,
        "residual_std": 0.3454117272387948,
        "residual_max_abs": 0.8369118430311012
      },
      "condition_number": 1.585346823909841,
      "raw_condition_number": 1.585346823909841,
      "raw_singular_values": [
        100.23114980213487,
        83.56092078004768,
        82.69268516015201,
        63.223484155310004
      ],
      "effective_condition_number": 1.585346823909841,
      "singular_values": [
        100.23114980213487,
        83.56092078004768,
        82.69268516015201,
        63.223484155310004
      ],
      "effective_singular_values": [
        100.23114980213487,
        83.56092078004768,
        82.69268516015201,
        63.223484155310004
      ],
      "conditioning_pruned_features": [],
      "conditioning_baseline_drops": [],
      "conditioning_extra_pruned_features": []
    },
    {
      "repeat_index": 2,
      "train": {
        "r2": 0.020555163450373337,
        "mse": 0.12118968792170447,
        "mae": 0.33444890442598696,
        "residual_mean_abs": 0.33444890442598696,
        "residual_std": 0.3481230930600619,
        "residual_max_abs": 0.7930785975115341
      },
      "val": {
        "r2": 0.01447210427620782,
        "mse": 0.11809112354894148,
        "mae": 0.327704083282186,
        "residual_mean_abs": 0.327704083282186,
        "residual_std": 0.3433700147633781,
        "residual_max_abs": 0.7561297862841575
      },
      "test": {
        "r2": 0.024879741828948365,
        "mse": 0.11838001509939029,
        "mae": 0.32964427746333935,
        "residual_mean_abs": 0.32964427746333935,
        "residual_std": 0.34398296529562655,
        "residual_max_abs": 0.7534108035030515
      },
      "condition_number": 1.5163580396560814,
      "raw_condition_number": 1.5163580396560814,
      "raw_singular_values": [
        98.58379941553214,
        83.32044764393129,
        82.51168106767292,
        65.01353693346164
      ],
      "effective_condition_number": 1.5163580396560814,
      "singular_values": [
        98.58379941553214,
        83.32044764393129,
        82.51168106767292,
        65.01353693346164
      ],
      "effective_singular_values": [
        98.58379941553214,
        83.32044764393129,
        82.51168106767292,
        65.01353693346164
      ],
      "conditioning_pruned_features": [],
      "conditioning_baseline_drops": [],
      "conditioning_extra_pruned_features": []
    }
  ],
  "split_records": [
    {
      "repeat_index": 1,
      "train_count": 6966,
      "val_count": 2289,
      "test_count": 2290
    },
    {
      "repeat_index": 2,
      "train_count": 6924,
      "val_count": 2298,
      "test_count": 2323
    }
  ],
  "median_test_r2": 0.014697924378267446,
  "median_test_mse": 0.11896172018725609,
  "median_test_mae": 0.32865277610273147,
  "coefficient_stability": 0.5,
  "nonzero_count": 16,
  "sparsity_ratio": 0.0,
  "block_sparsity_summary": {
    "feature_blocks": {
      "commands": 4,
      "state": 0,
      "history": 0,
      "controller_params": 0
    }
  },
  "raw_condition_number": 1.5508524317829613,
  "effective_condition_number": 1.5508524317829613,
  "condition_number": 1.5508524317829613,
  "raw_singular_values": [
    100.23114980213487,
    83.56092078004768,
    82.69268516015201,
    63.223484155310004
  ],
  "singular_values": [
    100.23114980213487,
    83.56092078004768,
    82.69268516015201,
    63.223484155310004
  ],
  "effective_singular_values": [
    100.23114980213487,
    83.56092078004768,
    82.69268516015201,
    63.223484155310004
  ],
  "conditioning_pruned_features": [],
  "conditioning_baseline_drops": [],
  "conditioning_extra_pruned_features": [],
  "selection_frequency": [
    [
      1.0,
      1.0,
      1.0,
      1.0
    ],
    [
      1.0,
      1.0,
      1.0,
      1.0
    ],
    [
      1.0,
      1.0,
      1.0,
      1.0
    ],
    [
      1.0,
      1.0,
      1.0,
      1.0
    ]
  ],
  "backend_consistency": {
    "px4": {
      "r2": 0.02136419861174299,
      "mse": 0.11995991120163658,
      "mae": 0.33181749903374014,
      "residual_mean_abs": 0.33181749903374014,
      "residual_std": 0.34633287856698947,
      "residual_max_abs": 0.7996377436422467,
      "sample_count": 11545.0
    }
  },
  "mode_consistency": {
    "OFFBOARD_ATTITUDE": {
      "r2": 0.022136226870585918,
      "mse": 0.1222017764487629,
      "mae": 0.33718685797226294,
      "residual_mean_abs": 0.33718685797226294,
      "residual_std": 0.34955837091087494,
      "residual_max_abs": 0.7996377436422467,
      "sample_count": 5746.0
    },
    "POSCTL": {
      "r2": 0.017686240668963515,
      "mse": 0.11773853549720692,
      "mae": 0.32649721338780935,
      "residual_mean_abs": 0.32649721338780935,
      "residual_std": 0.3431065155022995,
      "residual_max_abs": 0.7965208146576294,
      "sample_count": 5799.0
    }
  },
  "scenario_consistency": 0.21381518375758737,
  "scenario_subgroup_metrics": {
    "dynamic": {
      "r2": 0.006384842793368595,
      "mse": 0.12134546827554413,
      "mae": 0.3310885569601314,
      "residual_mean_abs": 0.3310885569601314,
      "residual_std": 0.34825029249265854,
      "residual_max_abs": 0.7996377436422467,
      "sample_count": 3859.0
    },
    "nominal": {
      "r2": 0.029861503197113448,
      "mse": 0.11900765073604234,
      "mae": 0.33193509044397285,
      "residual_mean_abs": 0.33193509044397285,
      "residual_std": 0.3449523431577106,
      "residual_max_abs": 0.6854739704723192,
      "sample_count": 3883.0
    },
    "throttle_biased": {
      "r2": 0.027480360214694133,
      "mse": 0.11952624373902639,
      "mae": 0.3324371098715318,
      "residual_mean_abs": 0.3324371098715318,
      "residual_std": 0.34572356112028446,
      "residual_max_abs": 0.6865249916245046,
      "sample_count": 3803.0
    }
  },
  "top_influential": {
    "actuator_1": [
      {
        "feature": "command_roll",
        "weight": 1.5966738998054208,
        "selection_frequency": 1.0
      },
      {
        "feature": "command_yaw",
        "weight": -1.4336504536145522,
        "selection_frequency": 1.0
      },
      {
        "feature": "command_pitch",
        "weight": 0.2056825938158827,