actuator_1,actuator_2,actuator_3,actuator_4
0.2205976968842902,0.21561671546803024,0.2367811130800827,0.22870117578146223
