actuator_1,actuator_2,actuator_3,actuator_4
391.15480974787016,795.6031736171645,-459.18742550447257,1203.057717178866
