actuator_1,actuator_2,actuator_3,actuator_4
11.622584286894174,11.478620211730505,11.569705531240723,11.629121776771866
