feature,future_state_roll,future_state_pitch,future_state_yaw,future_state_roll_rate,future_state_pitch_rate,future_state_yaw_rate
command_roll,0.08990610566930284,0.06804773061825733,-0.2252192014368004,0.0026935251967929222,0.017896229103545696,-0.02375119550524207
command_pitch,0.11213954539043086,0.08491248174062874,-0.2760021768460616,0.0035970444584266697,0.02253706794922792,-0.028526278228461918
command_yaw,0.22501495406326277,0.1698643198443673,-0.5639282398856866,0.00646157444536005,0.04565972109222544,-0.06272152227717029
command_throttle,-0.00477603099704299,-0.0025948596963056283,0.9321504715693645,-0.0026727844295819413,-0.002666630214238762,0.0973790551956353
