feature,future_state_roll,future_state_pitch,future_state_yaw,future_state_roll_rate,future_state_pitch_rate,future_state_yaw_rate,future_state_position_x,future_state_position_y,future_state_position_z,future_state_velocity_x,future_state_velocity_y,future_state_velocity_z,future_state_altitude,future_state_vertical_speed,future_state_heading
command_roll,-9.768038644929848e-25,-3.8375178031030193e-25,8.413103028470996e-21,-7.150598944977702e-06,-1.3048446386791698e-05,-1.0045196113407326e-05,1274677.0806518497,-5376695.984841358,-5.611305770103671e-25,0.0,0.0,0.0289760656088105,5.611305770103671e-25,-0.0289760656088105,8.413103028470996e-21
command_pitch,-1.2201497406611165e-24,-4.7948937867620975e-25,1.0508933067699038e-20,-8.93824868924549e-06,-1.631055797978607e-05,-1.2556495139455234e-05,1593346.3508140424,-6720869.981054146,-7.008252692606046e-25,0.0,0.0,0.036220082010942026,7.008252692606046e-25,-0.036220082010942026,1.0508933067699038e-20
command_yaw,-2.440299481322273e-24,-9.589787573524357e-25,2.1017866135398422e-20,-1.7876497378491698e-05,-3.2621115959573464e-05,-2.5112990278911494e-05,3186692.701628147,-13441739.962108549,-1.4016505385212319e-24,0.0,0.0,0.07244016402188547,1.4016505385212319e-24,-0.07244016402188547,2.1017866135398422e-20
command_throttle,8.139137663714591e-23,3.1981837638069084e-23,-7.010114699379657e-19,-0.00019862774807983876,-0.00036245684370183137,-0.0002790332250487701,35407696.68530585,-149352666.2469868,4.6751454246485225e-23,0.0,0.0,0.8048907113590957,-4.6751454246485225e-23,-0.8048907113590957,-7.010114699379657e-19
