actuator_1,actuator_2,actuator_3,actuator_4
0.3362145545095231,0.33670846739049387,0.3356552746714948,0.3358879183275013
