feature,actuator_1,actuator_2,actuator_3,actuator_4
command_roll,0.8979132485457776,0.894868489821852,0.9474680427292881,0.9434296317864019
command_pitch,0.9594133347447241,0.9549292729201855,0.9460651508864063,0.9443008608191024
command_yaw,0.8264670363281581,0.8265307631243669,0.8864672939743978,0.8847652562202766
command_throttle,-0.0006269193206669735,-0.002368980218438178,-0.011194689703913581,-0.012144431890824037
