{
  "x_schema": "commands_only",
  "y_schema": "actuator_response",
  "pooling_mode": "pooled",
  "model_name": "lasso_affine",
  "feature_names": [
    "command_roll",
    "command_pitch",
    "command_yaw",
    "command_throttle"
  ],
  "response_names": [
    "actuator_1",
    "actuator_2",
    "actuator_3",
    "actuator_4"
  ],
  "schema_metadata": {
    "x_schema": "commands_only",
    "y_schema": "actuator_response",
    "feature_count": 4,
    "response_count": 4,
    "strict_raw_linear": true,
    "requested_feature_columns": [
      "command_roll",
      "command_pitch",
      "command_yaw",
      "command_throttle"
    ],
    "requested_response_columns": [
      "actuator_1",
      "actuator_2",
      "actuator_3",
      "actuator_4"
    ],
    "dropped_unavailable_features": [],
    "dropped_unavailable_responses": [],
    "partial_feature_columns": {},
    "partial_response_columns": {},
    "dropped_response_leakage_features": [],
    "dropped_zero_variance_features": []
  },
  "repeat_metrics": [
    {
      "repeat_index": 1,
      "train": {
        "r2": 0.01967424812602625,
        "mse": 0.12187471807674265,
        "mae": 0.33777376288219124,
        "residual_mean_abs": 0.33777376288219124,
        "residual_std": 0.34910559731511415,
        "residual_max_abs": 0.6522556823206584
      },
      "val": {
        "r2": 0.017943437713006216,
        "mse": 0.12141798513273423,
        "mae": 0.3400218488052817,
        "residual_mean_abs": 0.3400218488052817,
        "residual_std": 0.34842971976897974,
        "residual_max_abs": 0.6521697664407639
      },
      "test": {
        "r2": 0.01133358362270509,
        "mse": 0.1218234018268496,
        "mae": 0.3372272581673498,
        "residual_mean_abs": 0.3372272581673498,
        "residual_std": 0.3487650966060878,
        "residual_max_abs": 0.6795150062540061
      },
      "condition_number": 1.0689374821593116,
      "raw_condition_number": 1.0689374821593116,
      "raw_singular_values": [
        65.20126947286633,
        63.354048466903066,
        62.91665945294798,
        60.99633567077865
      ],
      "effective_condition_number": 1.0689374821593116,
      "singular_values": [
        65.20126947286633,
        63.354048466903066,
        62.91665945294798,
        60.99633567077865
      ],
      "effective_singular_values": [
        65.20126947286633,
        63.354048466903066,
        62.91665945294798,
        60.99633567077865
      ],
      "conditioning_pruned_features": [],
      "conditioning_baseline_drops": [],
      "conditioning_extra_pruned_features": []
    },
    {
      "repeat_index": 2,
      "train": {
        "r2": 0.020293886594724753,
        "mse": 0.1213651606483249,
        "mae": 0.3369676762280195,
        "residual_mean_abs": 0.3369676762280195,
        "residual_std": 0.34837502873817594,
        "residual_max_abs": 0.6602817341908543
      },
      "val": {
        "r2": 0.014307169294312083,
        "mse": 0.12201101603644753,
        "mae": 0.3362355514062177,
        "residual_mean_abs": 0.3362355514062177,
        "residual_std": 0.3492334388642629,
        "residual_max_abs": 0.6602819390376671
      },
      "test": {
        "r2": 0.006269074021994947,
        "mse": 0.12363123059246847,
        "mae": 0.3325456163087687,
        "residual_mean_abs": 0.3325456163087687,
        "residual_std": 0.3516050223246619,
        "residual_max_abs": 0.7435136458762387
      },
      "condition_number": 1.0805172882307794,
      "raw_condition_number": 1.0805172882307794,
      "raw_singular_values": [
        65.79886791168181,
        63.53564995574899,
        63.00351272751128,
        60.89571044200483
      ],
      "effective_condition_number": 1.0805172882307794,
      "singular_values": [
        65.79886791168181,
        63.53564995574899,
        63.00351272751128,
        60.89571044200483
      ],
      "effective_singular_values": [
        65.79886791168181,
        63.53564995574899,
        63.00351272751128,
        60.89571044200483
      ],
      "conditioning_pruned_features": [],
      "conditioning_baseline_drops": [],
      "conditioning_extra_pruned_features": []
    }
  ],
  "split_records": [
    {
      "repeat_index": 1,
      "train_count": 3986,
      "val_count": 1112,
      "test_count": 1469
    },
    {
      "repeat_index": 2,
      "train_count": 4011,
      "val_count": 1114,
      "test_count": 1442
    }
  ],
  "median_test_r2": 0.008801328822350019,
  "median_test_mse": 0.12272731620965904,
  "median_test_mae": 0.3348864372380592,
  "coefficient_stability": 0.6875,
  "nonzero_count": 16,
  "sparsity_ratio": 0.0,
  "block_sparsity_summary": {
    "feature_blocks": {
      "commands": 4,
      "state": 0,
      "history": 0,
      "controller_params": 0
    }
  },
  "raw_condition_number": 1.0747273851950454,
  "effective_condition_number": 1.0747273851950454,
  "condition_number": 1.0747273851950454,
  "raw_singular_values": [
    65.20126947286633,
    63.354048466903066,
    62.91665945294798,
    60.99633567077865
  ],
  "singular_values": [
    65.20126947286633,
    63.354048466903066,
    62.91665945294798,
    60.99633567077865
  ],
  "effective_singular_values": [
    65.20126947286633,
    63.354048466903066,
    62.91665945294798,
    60.99633567077865
  ],
  "conditioning_pruned_features": [],
  "conditioning_baseline_drops": [],
  "conditioning_extra_pruned_features": [],
  "selection_frequency": [
    [
      1.0,
      1.0,
      1.0,
      1.0
    ],
    [
      1.0,
      1.0,
      1.0,
      1.0
    ],
    [
      1.0,
      1.0,
      1.0,
      1.0
    ],
    [
      1.0,
      1.0,
      1.0,
      1.0
    ]
  ],
  "backend_consistency": {
    "px4": {
      "r2": 0.01857063636230538,
      "mse": 0.12169166517186646,
      "mae": 0.3369507217638919,
      "residual_mean_abs": 0.3369507217638919,
      "residual_std": 0.3488431269985097,
      "residual_max_abs": 0.6562687082557563
    }
  },
  "mode_consistency": {
    "OFFBOARD_ATTITUDE": {
      "r2": 0.018921751471387083,
      "mse": 0.12210365283413113,
      "mae": 0.33841318339410953,
      "residual_mean_abs": 0.33841318339410953,
      "residual_std": 0.34924555094018633,
      "residual_max_abs": 0.6562687082557563
    },
    "POSCTL": {
      "r2": 0.01637703876126939,
      "mse": 0.12128799923808288,
      "mae": 0.3355178003595485,
      "residual_mean_abs": 0.3355178003595485,
      "residual_std": 0.3481063203686173,
      "residual_max_abs": 0.6514680611403177
    }
  },
  "top_influential": {
    "actuator_1": [
      {
        "feature": "command_pitch",
        "weight": 0.9594133347447241,
        "selection_frequency": 1.0
      },
      {
        "feature": "command_roll",
        "weight": 0.8979132485457776,
        "selection_frequency": 1.0
      },
      {
        "feature": "command_yaw",
        "weight": 0.8264670363281581,
        "selection_frequency": 1.0
      },
      {
        "feature": "command_throttle",
        "weight": -0.0006269193206669735,
        "selection_frequency": 1.0
      }
    ],
    "actuator_2": [
      {
        "feature": "command_pitch",
        "weight": 0.9549292729201855,
        "selection_frequency": 1.0
      },
      {
        "feature": "command_roll",
        "weight": 0.894868489821852,
        "selection_frequency": 1.0
      },
      {
        "feature": "command_yaw",
        "weight": 0.8265307631243669,
        "selection_frequency": 1.0
      },
      {
        "feature": "command_throttle",
        "weight": -0.002368980218438178,
        "selection_frequency": 1.0
      }
    ],
    "actuator_3": [
      {
        "feature": "command_roll",
        "weight": 0.9474680427292881,
        "selection_frequency": 1.0
      },
      {
        "feature": "command_pitch",
        "weight": 0.9460651508864063,
        "selection_frequency": 1.0
      },
      {
        "feature": "command_yaw",
        "weight": 0.8864672939743978,