feature,future_state_roll,future_state_pitch,future_state_yaw,future_state_roll_rate,future_state_pitch_rate,future_state_yaw_rate
command_roll,0.19767878707951447,-0.005175847682793692,-0.3795969975293321,0.012511952791872718,-0.0005887681524306011,0.05585623766255414
command_pitch,0.0020637599572016965,0.3826587068331207,-1.1581475896876987,0.023492136971250167,0.023353119741723005,-0.01002187376454566
command_yaw,0.00372362362620868,-0.0008728981969737035,-0.9522844789949964,0.03462481256049524,0.009424197066978127,-0.0966460831070666
command_throttle,-6.228682993632837e-06,-0.002485413125446071,0.8724237403419355,-0.00102837897735654,-0.0010091686895086919,0.11423483222991651
