actuator_1,actuator_2,actuator_3,actuator_4
0.2846337238658494,0.2845130943695524,0.2845181916207248,0.2846266690708603
