feature,actuator_1,actuator_2,actuator_3,actuator_4
command_roll,8.240129174576952e-05,8.453364222463903e-05,0.00010357550218985495,0.00011643886656633331
command_pitch,0.0007920301248134273,0.0007593381059061467,0.0006805728464415304,0.0006485422842660322
command_yaw,0.002146990071822375,0.002121639556980686,0.002051515990229527,0.0020410334591136965
command_throttle,-0.43030990069696545,-0.43013596887561545,-0.4301434148948133,-0.43031480808340206
