{
  "x_schema": "commands_only",
  "y_schema": "actuator_response",
  "pooling_mode": "pooled",
  "model_name": "ols_affine",
  "feature_names": [
    "command_roll",
    "command_pitch",
    "command_yaw",
    "command_throttle"
  ],
  "response_names": [
    "actuator_1",
    "actuator_2",
    "actuator_3",
    "actuator_4"
  ],
  "schema_metadata": {
    "x_schema": "commands_only",
    "y_schema": "actuator_response",
    "feature_count": 4,
    "response_count": 4,
    "strict_raw_linear": true,
    "requested_feature_columns": [
      "command_roll",
      "command_pitch",
      "command_yaw",
      "command_throttle"
    ],
    "requested_response_columns": [
      "actuator_1",
      "actuator_2",
      "actuator_3",
      "actuator_4"
    ],
    "dropped_unavailable_features": [],
    "dropped_unavailable_responses": [],
    "partial_feature_columns": {},
    "partial_response_columns": {},
    "dropped_response_leakage_features": [],
    "dropped_zero_variance_features": []
  },
  "repeat_metrics": [
    {
      "repeat_index": 1,
      "train": {
        "r2": 0.9992623199967556,
        "mse": 6.0469289561221626e-05,
        "mae": 0.006756249195055154,
        "residual_mean_abs": 0.006756249195055154,
        "residual_std": 0.00777620020069067,
        "residual_max_abs": 0.018338941614743642
      },
      "val": {
        "r2": 0.9992279242643483,
        "mse": 5.924509406632272e-05,
        "mae": 0.006213176224362886,
        "residual_mean_abs": 0.006213176224362886,
        "residual_std": 0.006951141743990083,
        "residual_max_abs": 0.01831469781813394
      },
      "test": {
        "r2": 0.9980614647762633,
        "mse": 0.0001484322921429737,
        "mae": 0.011106818140093412,
        "residual_mean_abs": 0.011106818140093412,
        "residual_std": 0.010328503902494686,
        "residual_max_abs": 0.01836570639213947
      },
      "condition_number": 1.4910540446928997,
      "raw_condition_number": 1.4910540446928997,
      "raw_singular_values": [
        69.04506539160784,
        58.83131005972858,
        58.06367701749714,
        46.30621246584559
      ],
      "effective_condition_number": 1.4910540446928997,
      "singular_values": [
        69.04506539160784,
        58.83131005972858,
        58.06367701749714,
        46.30621246584559
      ],
      "effective_singular_values": [
        69.04506539160784,
        58.83131005972858,
        58.06367701749714,
        46.30621246584559
      ],
      "conditioning_pruned_features": [],
      "conditioning_baseline_drops": [],
      "conditioning_extra_pruned_features": []
    },
    {
      "repeat_index": 2,
      "train": {
        "r2": 0.9991593306346382,
        "mse": 7.159636230728066e-05,
        "mae": 0.007915103653276382,
        "residual_mean_abs": 0.007915103653276382,
        "residual_std": 0.008461463366775317,
        "residual_max_abs": 0.016876493416249527
      },
      "val": {
        "r2": 0.9991843934978258,
        "mse": 6.26126651603286e-05,
        "mae": 0.007566759919712992,
        "residual_mean_abs": 0.007566759919712992,
        "residual_std": 0.005444162100676134,
        "residual_max_abs": 0.01687026582793605
      },
      "test": {
        "r2": 0.9990268800872971,
        "mse": 8.392176561157982e-05,
        "mae": 0.008639053409592645,
        "residual_mean_abs": 0.008639053409592645,
        "residual_std": 0.008871727542121812,
        "residual_max_abs": 0.016867868539021336
      },
      "condition_number": 1.5284003368855121,
      "raw_condition_number": 1.5284003368855121,
      "raw_singular_values": [
        69.57598972563808,
        58.6929854859483,
        58.25850765027854,
        45.522097873529724
      ],
      "effective_condition_number": 1.5284003368855121,
      "singular_values": [
        69.57598972563808,
        58.6929854859483,
        58.25850765027854,
        45.522097873529724
      ],
      "effective_singular_values": [
        69.57598972563808,
        58.6929854859483,
        58.25850765027854,
        45.522097873529724
      ],
      "conditioning_pruned_features": [],
      "conditioning_baseline_drops": [],
      "conditioning_extra_pruned_features": []
    }
  ],
  "split_records": [
    {
      "repeat_index": 1,
      "train_count": 3436,
      "val_count": 1148,
      "test_count": 1145
    },
    {
      "repeat_index": 2,
      "train_count": 3438,
      "val_count": 1147,
      "test_count": 1144
    }
  ],
  "median_test_r2": 0.9985441724317803,
  "median_test_mse": 0.00011617702887727676,
  "median_test_mae": 0.00987293577484303,
  "coefficient_stability": 1.0,
  "nonzero_count": 4,
  "sparsity_ratio": 0.75,
  "block_sparsity_summary": {
    "feature_blocks": {
      "commands": 4,
      "state": 0,
      "history": 0,
      "controller_params": 0
    }
  },
  "raw_condition_number": 1.509727190789206,
  "effective_condition_number": 1.509727190789206,
  "condition_number": 1.509727190789206,
  "raw_singular_values": [
    69.04506539160784,
    58.83131005972858,
    58.06367701749714,
    46.30621246584559
  ],
  "singular_values": [
    69.04506539160784,
    58.83131005972858,
    58.06367701749714,
    46.30621246584559
  ],
  "effective_singular_values": [
    69.04506539160784,
    58.83131005972858,
    58.06367701749714,
    46.30621246584559
  ],
  "conditioning_pruned_features": [],
  "conditioning_baseline_drops": [],
  "conditioning_extra_pruned_features": [],
  "selection_frequency": [
    [
      0.0,
      0.0,
      0.0,
      0.0
    ],
    [
      0.0,
      0.0,
      0.0,
      0.0
    ],
    [
      0.0,
      0.0,
      0.0,
      0.0
    ],
    [
      1.0,
      1.0,
      1.0,
      1.0
    ]
  ],
  "backend_consistency": {
    "ardupilot": {
      "r2": 0.9991575717368033,
      "mse": 7.265122486330055e-05,
      "mae": 0.007747182059866295,
      "residual_mean_abs": 0.007747182059866295,
      "residual_std": 0.008500248935355068,
      "residual_max_abs": 0.016290690936054064,
      "sample_count": 5729.0
    }
  },
  "mode_consistency": {
    "GUIDED_NOGPS": {
      "r2": -330.16277627124765,
      "mse": 6.992231396350721e-05,
      "mae": 0.007800067112345199,
      "residual_mean_abs": 0.007800067112345199,
      "residual_std": 0.008360040139849045,
      "residual_max_abs": 0.016290690936054064,
      "sample_count": 2864.0
    },
    "STABILIZE": {
      "r2": NaN,
      "mse": 7.537918326365243e-05,
      "mae": 0.007694315466393492,
      "residual_mean_abs": 0.007694315466393492,
      "residual_std": 0.008614560631413751,
      "residual_max_abs": 0.016186045065662236,
      "sample_count": 2865.0
    }
  },
  "scenario_consistency": 0.9985793573318118,
  "scenario_subgroup_metrics": {
    "dynamic": {
      "r2": 0.9996166338595782,
      "mse": 3.305779378709438e-05,
      "mae": 0.005495226023407068,
      "residual_mean_abs": 0.005495226023407068,
      "residual_std": 0.005729311647202924,
      "residual_max_abs": 0.01223029828229294,
      "sample_count": 1910.0
    },
    "nominal": {
      "r2": 0.9996380286936801,
      "mse": 3.1228902626377626e-05,
      "mae": 0.0054498406004071746,
      "residual_mean_abs": 0.0054498406004071746,
      "residual_std": 0.0055621286454305445,
      "residual_max_abs": 0.010291799661487633,
      "sample_count": 1909.0
    },
    "throttle_biased": {
      "r2": 0.9982179002573743,
      "mse": 0.00015364529109672447,
      "mae": 0.01229527675920901,
      "residual_mean_abs": 0.01229527675920901,
      "residual_std": 0.012364967983997194,
      "residual_max_abs": 0.016290690936054064,
      "sample_count": 1910.0
    }
  },
  "top_influential": {
    "actuator_1": [
      {
        "feature": "command_throttle",
        "weight": -0.43030990069696545,
        "selection_frequency": 1.0
      },
      {
        "feature": "command_yaw",
        "weight": 0.002146990071822375,