actuator_1,actuator_2,actuator_3,actuator_4
-24.794413839168385,-24.724451920714703,-24.90895130532902,-24.777606525201016
