feature,roll__h1,pitch__h1,yaw__h1,roll_rate__h1,pitch_rate__h1,yaw_rate__h1,roll__h2,pitch__h2,yaw__h2,roll_rate__h2,pitch_rate__h2,yaw_rate__h2
command_roll,0.392731361839396,0.001209769425330725,-1.1556139203774798,0.008406073856195071,-0.016683081037269332,-0.01801102310282132,0.3958529268406442,0.0011084062027964063,-1.148443096268418,0.007624080885840108,-0.014369158099817595,-0.0499272059989207
command_pitch,-0.0009175937859211517,0.3572569499891441,-1.2131749217467152,-0.006508832554235929,-0.02078626557937204,0.09973480580895473,-0.0014965346160865137,0.36293077956177555,-1.2059420957034628,-0.007696307704773446,-0.02171810730223577,0.10283921340188872
command_yaw,0.007280091025710675,0.008673132762622035,-0.4859610336510661,-0.02310102475772322,0.004612057588844145,-0.06790394111288262,0.007494930702634232,0.008750759073929939,-0.4627533705461478,-0.017664591821438546,0.005145230865899448,-0.08650955219001766
command_throttle,-0.003447250749000437,-0.0017979290567459573,0.9565975996585323,-0.0016272173263750537,-0.0004437149667172632,0.11164601371914967,-0.0034696404753430743,-0.00178646534850101,0.9630181875060007,-0.0015729643029168856,-0.00045493824720660534,0.11450649579956018
