{
  "x_schema": "commands_only",
  "y_schema": "future_state_horizon",
  "pooling_mode": "pooled",
  "model_name": "ridge_affine",
  "feature_names": [
    "command_roll",
    "command_pitch",
    "command_yaw",
    "command_throttle"
  ],
  "response_names": [
    "roll__h1",
    "pitch__h1",
    "yaw__h1",
    "roll_rate__h1",
    "pitch_rate__h1",
    "yaw_rate__h1",
    "roll__h2",
    "pitch__h2",
    "yaw__h2",
    "roll_rate__h2",
    "pitch_rate__h2",
    "yaw_rate__h2"
  ],
  "schema_metadata": {
    "x_schema": "commands_only",
    "y_schema": "future_state_horizon",
    "feature_count": 4,
    "response_count": 12,
    "strict_raw_linear": true,
    "requested_feature_columns": [
      "command_roll",
      "command_pitch",
      "command_yaw",
      "command_throttle"
    ],
    "requested_response_columns": [
      "roll__h1",
      "pitch__h1",
      "yaw__h1",
      "roll_rate__h1",
      "pitch_rate__h1",
      "yaw_rate__h1",
      "roll__h2",
      "pitch__h2",
      "yaw__h2",
      "roll_rate__h2",
      "pitch_rate__h2",
      "yaw_rate__h2"
    ],
    "dropped_unavailable_features": [],
    "dropped_unavailable_responses": [],
    "partial_feature_columns": {},
    "partial_response_columns": {
      "roll__h1": 0.9972590223846505,
      "pitch__h1": 0.9972590223846505,
      "yaw__h1": 0.9972590223846505,
      "roll_rate__h1": 0.9972590223846505,
      "pitch_rate__h1": 0.9972590223846505,
      "yaw_rate__h1": 0.9972590223846505,
      "roll__h2": 0.9945180447693011,
      "pitch__h2": 0.9945180447693011,
      "yaw__h2": 0.9945180447693011,
      "roll_rate__h2": 0.9945180447693011,
      "pitch_rate__h2": 0.9945180447693011,
      "yaw_rate__h2": 0.9945180447693011
    },
    "dropped_response_leakage_features": [],
    "dropped_zero_variance_features": []
  },
  "repeat_metrics": [
    {
      "repeat_index": 1,
      "train": {
        "r2": 0.24641324836815393,
        "mse": 0.06116898991920709,
        "mae": 0.08864110746062881,
        "residual_mean_abs": 0.08864110746062881,
        "residual_std": 0.24732365418456662,
        "residual_max_abs": 2.20997811369357
      },
      "val": {
        "r2": 0.3332929316898109,
        "mse": 0.03163119501557774,
        "mae": 0.055351339055681126,
        "residual_mean_abs": 0.055351339055681126,
        "residual_std": 0.17784236721825114,
        "residual_max_abs": 1.6244856029213217
      },
      "test": {
        "r2": 0.2561417050569098,
        "mse": 0.05292366550351448,
        "mae": 0.0810328686240565,
        "residual_mean_abs": 0.0810328686240565,
        "residual_std": 0.23000386828731928,
        "residual_max_abs": 2.1944202822755248
      },
      "condition_number": 1.0691355792460728,
      "raw_condition_number": 1.0691355792460728,
      "raw_singular_values": [
        65.02679788793525,
        63.18018951243868,
        62.74139342037127,
        60.821844441647414
      ],
      "effective_condition_number": 1.0691355792460728,
      "singular_values": [
        65.02679788793525,
        63.18018951243868,
        62.74139342037127,
        60.821844441647414
      ],
      "effective_singular_values": [
        65.02679788793525,
        63.18018951243868,
        62.74139342037127,
        60.821844441647414
      ],
      "conditioning_pruned_features": [],
      "conditioning_baseline_drops": [],
      "conditioning_extra_pruned_features": []
    },
    {
      "repeat_index": 2,
      "train": {
        "r2": 0.2548150248948692,
        "mse": 0.05866375151328332,
        "mae": 0.08507321367033883,
        "residual_mean_abs": 0.08507321367033883,
        "residual_std": 0.24220601048133245,
        "residual_max_abs": 2.2245125966887707
      },
      "val": {
        "r2": 0.3364345309357455,
        "mse": 0.03234415375032813,
        "mae": 0.05736520798774801,
        "residual_mean_abs": 0.05736520798774801,
        "residual_std": 0.17983260327972778,
        "residual_max_abs": 1.7596102534884952
      },
      "test": {
        "r2": 0.19966556341694652,
        "mse": 0.06130951796488992,
        "mae": 0.0896580664631001,
        "residual_mean_abs": 0.0896580664631001,
        "residual_std": 0.24752822331813962,
        "residual_max_abs": 2.2289311125321714
      },
      "condition_number": 1.0807582445030075,
      "raw_condition_number": 1.0807582445030075,
      "raw_singular_values": [
        65.62531841228788,
        63.36229039511961,
        62.82858274026186,
        60.72155243420423
      ],
      "effective_condition_number": 1.0807582445030075,
      "singular_values": [
        65.62531841228788,
        63.36229039511961,
        62.82858274026186,
        60.72155243420423
      ],
      "effective_singular_values": [
        65.62531841228788,
        63.36229039511961,
        62.82858274026186,
        60.72155243420423
      ],
      "conditioning_pruned_features": [],
      "conditioning_baseline_drops": [],
      "conditioning_extra_pruned_features": []
    }
  ],
  "split_records": [
    {
      "repeat_index": 1,
      "train_count": 3964,
      "val_count": 1106,
      "test_count": 1461
    },
    {
      "repeat_index": 2,
      "train_count": 3989,
      "val_count": 1108,
      "test_count": 1434
    }
  ],
  "median_test_r2": 0.22790363423692817,
  "median_test_mse": 0.0571165917342022,
  "median_test_mae": 0.0853454675435783,
  "coefficient_stability": 0.8333333333333334,
  "nonzero_count": 2,
  "sparsity_ratio": 0.9583333333333334,
  "block_sparsity_summary": {
    "feature_blocks": {
      "commands": 4,
      "state": 0,
      "history": 0,
      "controller_params": 0
    }
  },
  "raw_condition_number": 1.07494691187454,
  "effective_condition_number": 1.07494691187454,
  "condition_number": 1.07494691187454,
  "raw_singular_values": [
    65.02679788793525,
    63.18018951243868,
    62.74139342037127,
    60.821844441647414
  ],
  "singular_values": [
    65.02679788793525,
    63.18018951243868,
    62.74139342037127,
    60.821844441647414
  ],
  "effective_singular_values": [
    65.02679788793525,
    63.18018951243868,
    62.74139342037127,
    60.821844441647414
  ],
  "conditioning_pruned_features": [],
  "conditioning_baseline_drops": [],
  "conditioning_extra_pruned_features": [],
  "selection_frequency": [
    [
      0.0,
      0.0,
      0.5,
      0.0,
      0.0,
      0.0,
      0.0,
      0.0,
      0.3333333333333333,
      0.0,
      0.0,
      0.0
    ],
    [
      0.0,
      0.0,
      0.0,
      0.0,
      0.0,
      0.0,
      0.0,
      0.0,
      0.0,
      0.0,
      0.0,
      0.0
    ],
    [
      0.0,
      0.0,
      0.0,
      0.0,
      0.0,
      0.0,
      0.0,
      0.0,
      0.0,
      0.0,
      0.0,
      0.0
    ],
    [
      0.0,
      0.0,
      1.0,
      0.0,
      0.0,
      0.0,
      0.0,
      0.0,
      1.0,
      0.0,
      0.0,
      0.0
    ]
  ],
  "backend_consistency": {
    "px4": {
      "r2": 0.2645087695481412,
      "mse": 0.05420058835678225,
      "mae": 0.08102495697938247,
      "residual_mean_abs": 0.08102495697938247,
      "residual_std": 0.23281013874986833,
      "residual_max_abs": 2.2194546131128705
    }
  },
  "mode_consistency": {
    "OFFBOARD_ATTITUDE": {
      "r2": 0.04992832375570844,
      "mse": 0.10807268771597651,
      "mae": 0.14763033446081011,
      "residual_mean_abs": 0.14763033446081011,
      "residual_std": 0.32871891603798653,
      "residual_max_abs": 2.2194546131128705
    },
    "POSCTL": {
      "r2": -2.496918127957318,
      "mse": 0.0014225874083385237,
      "mae": 0.015772280404670696,
      "residual_mean_abs": 0.015772280404670696,
      "residual_std": 0.03753941939229232,
      "residual_max_abs": 0.36816964170882893
    }
  },
  "top_influential": {
    "roll__h1": [
      {
        "feature": "command_roll",
        "weight": 0.392731361839396,
        "selection_frequency": 0.0
      },
      {
        "feature": "command_yaw",
        "weight": 0.007280091025710675,