actuator_1,actuator_2,actuator_3,actuator_4
-43.741064939335146,-43.41967768400157,-43.40857838879093,-43.68979052505084
