feature,future_state_roll,future_state_pitch,future_state_yaw,future_state_roll_rate,future_state_pitch_rate,future_state_yaw_rate
command_roll,0.3152012909656329,0.029286537756611608,-1.8229476363894255,-0.015731290476338405,0.017551321145811795,-0.14983588120716151
command_pitch,-0.0407836899728173,0.27935435358148164,-0.3080268096227596,0.004626054598165796,-0.019783260525576427,0.218292461521803
command_yaw,0.12841794219192848,-0.004117247035132323,2.0245723569708662,0.06549379691078558,-0.01716648650044332,1.105590577343301
command_throttle,-0.0039448646382723,0.0010916125898761354,0.9009132325043072,-0.003513619371551732,-0.0012176317842245506,0.12875165972978722
