future_state_roll,future_state_pitch,future_state_yaw,future_state_roll_rate,future_state_pitch_rate,future_state_yaw_rate
6.880607195114408e-14,-4.354155924701786e-16,-1.7053025658242404e-13,-6.865619184281968e-13,-5.560552018835097e-13,-1.667554982986985e-13
