actuator_1,actuator_2,actuator_3,actuator_4
-1.0830254869366145,-0.9800836216450852,-0.8037588513169536,-0.8221402213907374
