actuator_1,actuator_2,actuator_3,actuator_4
-58.248315348902125,-58.05206749165403,-58.461470714297135,-58.633348989461545
