actuator_1,actuator_2,actuator_3,actuator_4
0.293765061194137,0.293896309508193,0.29383241492190054,0.29343619443420316
