feature,actuator_1,actuator_2,actuator_3,actuator_4
command_roll,0.0,0.0,0.0,-0.00035252634463500893
command_pitch,-7.055653067760717e-05,-4.350146184879705e-07,9.456560580240557e-05,-8.025374397298185e-05
command_yaw,0.0,0.0,0.0,0.0
command_throttle,0.00022677467620547248,0.0003639266379340499,0.00019612856970301637,-0.0004265842804401899
