actuator_1,actuator_2,actuator_3,actuator_4
0.33621165123961494,0.3367055641205856,0.3356414205769183,0.33587406423292476
