{
  "x_schema": "commands_only",
  "y_schema": "actuator_response",
  "pooling_mode": "pooled",
  "model_name": "ols_affine",
  "feature_names": [
    "command_roll",
    "command_pitch",
    "command_yaw",
    "command_throttle"
  ],
  "response_names": [
    "actuator_1",
    "actuator_2",
    "actuator_3",
    "actuator_4"
  ],
  "schema_metadata": {
    "x_schema": "commands_only",
    "y_schema": "actuator_response",
    "feature_count": 4,
    "response_count": 4,
    "strict_raw_linear": true,
    "requested_feature_columns": [
      "command_roll",
      "command_pitch",
      "command_yaw",
      "command_throttle"
    ],
    "requested_response_columns": [
      "actuator_1",
      "actuator_2",
      "actuator_3",
      "actuator_4"
    ],
    "dropped_unavailable_features": [],
    "dropped_unavailable_responses": [],
    "partial_feature_columns": {},
    "partial_response_columns": {},
    "dropped_response_leakage_features": [],
    "dropped_zero_variance_features": []
  },
  "repeat_metrics": [
    {
      "repeat_index": 1,
      "train": {
        "r2": 0.01967425151017088,
        "mse": 0.12187471765602363,
        "mae": 0.3377713613688522,
        "residual_mean_abs": 0.3377713613688522,
        "residual_std": 0.3491055967125472,
        "residual_max_abs": 0.6522476809756566
      },
      "val": {
        "r2": 0.017943110238394455,
        "mse": 0.12141802562053206,
        "mae": 0.3400202829943897,
        "residual_mean_abs": 0.3400202829943897,
        "residual_std": 0.3484297203920859,
        "residual_max_abs": 0.6521615826183582
      },
      "test": {
        "r2": 0.011330325514312234,
        "mse": 0.1218238032907219,
        "mae": 0.33722468345163403,
        "residual_mean_abs": 0.33722468345163403,
        "residual_std": 0.34876571053468913,
        "residual_max_abs": 0.6796143278225324
      },
      "condition_number": 1.0689374821593116,
      "raw_condition_number": 1.0689374821593116,
      "raw_singular_values": [
        65.20126947286633,
        63.354048466903066,
        62.91665945294798,
        60.99633567077865
      ],
      "effective_condition_number": 1.0689374821593116,
      "singular_values": [
        65.20126947286633,
        63.354048466903066,
        62.91665945294798,
        60.99633567077865
      ],
      "effective_singular_values": [
        65.20126947286633,
        63.354048466903066,
        62.91665945294798,
        60.99633567077865
      ],
      "conditioning_pruned_features": [],
      "conditioning_baseline_drops": [],
      "conditioning_extra_pruned_features": []
    },
    {
      "repeat_index": 2,
      "train": {
        "r2": 0.020293889839433032,
        "mse": 0.12136516024637319,
        "mae": 0.336965188795761,
        "residual_mean_abs": 0.336965188795761,
        "residual_std": 0.3483750281612808,
        "residual_max_abs": 0.6602740184666903
      },
      "val": {
        "r2": 0.01429789724469055,
        "mse": 0.1220121637491627,
        "mae": 0.3362320283481477,
        "residual_mean_abs": 0.3362320283481477,
        "residual_std": 0.349235100406099,
        "residual_max_abs": 0.6604183374340338
      },
      "test": {
        "r2": 0.0062510400510945585,
        "mse": 0.12363347421995012,
        "mae": 0.33254148034813635,
        "residual_mean_abs": 0.33254148034813635,
        "residual_std": 0.3516082248715545,
        "residual_max_abs": 0.7436344429206679
      },
      "condition_number": 1.0805172882307794,
      "raw_condition_number": 1.0805172882307794,
      "raw_singular_values": [
        65.79886791168181,
        63.53564995574899,
        63.00351272751128,
        60.89571044200483
      ],
      "effective_condition_number": 1.0805172882307794,
      "singular_values": [
        65.79886791168181,
        63.53564995574899,
        63.00351272751128,
        60.89571044200483
      ],
      "effective_singular_values": [
        65.79886791168181,
        63.53564995574899,
        63.00351272751128,
        60.89571044200483
      ],
      "conditioning_pruned_features": [],
      "conditioning_baseline_drops": [],
      "conditioning_extra_pruned_features": []
    }
  ],
  "split_records": [
    {
      "repeat_index": 1,
      "train_count": 3986,
      "val_count": 1112,
      "test_count": 1469
    },
    {
      "repeat_index": 2,
      "train_count": 4011,
      "val_count": 1114,
      "test_count": 1442
    }
  ],
  "median_test_r2": 0.008790682782703396,
  "median_test_mse": 0.12272863875533602,
  "median_test_mae": 0.3348830818998852,
  "coefficient_stability": 0.6875,
  "nonzero_count": 0,
  "sparsity_ratio": 1.0,
  "block_sparsity_summary": {
    "feature_blocks": {
      "commands": 4,
      "state": 0,
      "history": 0,
      "controller_params": 0
    }
  },
  "raw_condition_number": 1.0747273851950454,
  "effective_condition_number": 1.0747273851950454,
  "condition_number": 1.0747273851950454,
  "raw_singular_values": [
    65.20126947286633,
    63.354048466903066,
    62.91665945294798,
    60.99633567077865
  ],
  "singular_values": [
    65.20126947286633,
    63.354048466903066,
    62.91665945294798,
    60.99633567077865
  ],
  "effective_singular_values": [
    65.20126947286633,
    63.354048466903066,
    62.91665945294798,
    60.99633567077865
  ],
  "conditioning_pruned_features": [],
  "conditioning_baseline_drops": [],
  "conditioning_extra_pruned_features": [],
  "selection_frequency": [
    [
      0.0,
      0.0,
      0.0,
      0.0
    ],
    [
      0.0,
      0.0,
      0.0,
      0.0
    ],
    [
      0.0,
      0.0,
      0.0,
      0.0
    ],
    [
      0.0,
      0.0,
      0.0,
      0.0
    ]
  ],
  "backend_consistency": {
    "px4": {
      "r2": 0.018568303351621296,
      "mse": 0.12169195445193647,
      "mae": 0.3369480571803735,
      "residual_mean_abs": 0.3369480571803735,
      "residual_std": 0.3488435419106463,
      "residual_max_abs": 0.6562608497211735
    }
  },
  "mode_consistency": {
    "OFFBOARD_ATTITUDE": {
      "r2": 0.01892519216129629,
      "mse": 0.12210322461058544,
      "mae": 0.3384113863130526,
      "residual_mean_abs": 0.3384113863130526,
      "residual_std": 0.3492447856783647,
      "residual_max_abs": 0.6562608497211735
    },
    "POSCTL": {
      "r2": 0.01636899146830928,
      "mse": 0.12128899152893097,
      "mae": 0.33551428579622894,
      "residual_mean_abs": 0.33551428579622894,
      "residual_std": 0.34810759269235775,
      "residual_max_abs": 0.6515736242810385
    }
  },
  "top_influential": {
    "actuator_1": [
      {
        "feature": "command_pitch",
        "weight": 0.9597717522313993,
        "selection_frequency": 0.0
      },
      {
        "feature": "command_roll",
        "weight": 0.898196241791716,
        "selection_frequency": 0.0
      },
      {
        "feature": "command_yaw",
        "weight": 0.8267986511072523,
        "selection_frequency": 0.0
      },
      {
        "feature": "command_throttle",
        "weight": -0.0006284944019208298,
        "selection_frequency": 0.0
      }
    ],
    "actuator_2": [
      {
        "feature": "command_pitch",
        "weight": 0.9552876904068655,
        "selection_frequency": 0.0
      },
      {
        "feature": "command_roll",
        "weight": 0.8951514830678048,
        "selection_frequency": 0.0
      },
      {
        "feature": "command_yaw",
        "weight": 0.8268623779034707,
        "selection_frequency": 0.0
      },
      {
        "feature": "command_throttle",
        "weight": -0.002370555299692081,
        "selection_frequency": 0.0
      }
    ],
    "actuator_3": [
      {
        "feature": "command_roll",
        "weight": 0.9477544558472936,
        "selection_frequency": 0.0
      },
      {
        "feature": "command_pitch",
        "weight": 0.9464072135263482,
        "selection_frequency": 0.0
      },
      {
        "feature": "command_yaw",
        "weight": 0.8868263895529949,