actuator_1,actuator_2,actuator_3,actuator_4
1.5806979653492021,-9.31138447948102,1.0312225020927024,5.433542938090861
