actuator_1,actuator_2,actuator_3,actuator_4
1.183792271843855,0.5431213783872498,0.41050085289887056,-0.6199719194325238
