actuator_1,actuator_2,actuator_3,actuator_4
-47.21686545431986,-47.07252308597033,-47.32655340705208,-47.248789999057294
