actuator_1,actuator_2,actuator_3,actuator_4
2.021950328263502,2.0465252138040086,2.059243142594508,2.1898383605432343
