feature,roll__h1,pitch__h1,yaw__h1,roll_rate__h1,pitch_rate__h1,yaw_rate__h1,roll__h2,pitch__h2,yaw__h2,roll_rate__h2,pitch_rate__h2,yaw_rate__h2
command_roll,-0.004459636820168207,0.0021844080769092677,-0.0063320642731998595,0.04750303866197167,1.1160364281278883e-05,-0.05855231521285813,-0.004459636820168207,0.0021844080769092677,-0.0063320642731998595,0.04750303866197167,1.1160364281278883e-05,-0.05855231521285813
command_pitch,0.0012175948133776441,-0.006369214775876509,-0.0025887931967953507,-0.0020078666917002826,0.003689978011720136,-0.011804535560603478,0.0012175948133776441,-0.006369214775876509,-0.0025887931967953507,-0.0020078666917002826,0.003689978011720136,-0.011804535560603478
command_yaw,0.006745956189271609,-0.00039173854578357614,0.027067869947367772,0.012298810300841168,-0.060819077850609964,0.028724276193274997,0.006745956189271609,-0.00039173854578357614,0.027067869947367772,0.012298810300841168,-0.060819077850609964,0.028724276193274997
command_throttle,-0.0661722195852062,0.007418005223848653,-3.1615972001814185,0.4493050574896239,0.11348666452150077,-1.0031483259132394,-0.0661722195852062,0.007418005223848653,-3.1615972001814185,0.4493050574896239,0.11348666452150077,-1.0031483259132394
