actuator_1,actuator_2,actuator_3,actuator_4
0.30072768227614743,0.3008833961784174,0.30116637421438536,0.300125529931923
