feature,actuator_1,actuator_2,actuator_3,actuator_4
command_roll,0.28634252848670194,0.28615018489277794,0.27188682076310694,0.2718507510011252
command_pitch,0.4805573596726148,0.47898060803391806,0.5408283210586132,0.5424292948543321
command_yaw,0.7732130343670127,0.7747506075782546,0.7924122157120577,0.7956301566787999
command_throttle,-0.02832182176598992,-0.028350496774065294,-0.04419496857140509,-0.04596571184539489
