{
  "x_schema": "commands_only",
  "y_schema": "actuator_response",
  "pooling_mode": "pooled",
  "model_name": "lasso_affine",
  "feature_names": [
    "command_roll",
    "command_pitch",
    "command_yaw",
    "command_throttle"
  ],
  "response_names": [
    "actuator_1",
    "actuator_2",
    "actuator_3",
    "actuator_4"
  ],
  "schema_metadata": {
    "x_schema": "commands_only",
    "y_schema": "actuator_response",
    "feature_count": 4,
    "response_count": 4,
    "strict_raw_linear": true,
    "requested_feature_columns": [
      "command_roll",
      "command_pitch",
      "command_yaw",
      "command_throttle"
    ],
    "requested_response_columns": [
      "actuator_1",
      "actuator_2",
      "actuator_3",
      "actuator_4"
    ],
    "dropped_unavailable_features": [],
    "dropped_unavailable_responses": [],
    "partial_feature_columns": {},
    "partial_response_columns": {},
    "dropped_response_leakage_features": [],
    "dropped_zero_variance_features": []
  },
  "repeat_metrics": [
    {
      "repeat_index": 1,
      "train": {
        "r2": 0.009911403713308897,
        "mse": 0.12187935711049673,
        "mae": 0.3372192889763405,
        "residual_mean_abs": 0.3372192889763405,
        "residual_std": 0.34911224142171915,
        "residual_max_abs": 0.7084097810349952
      },
      "val": {
        "r2": -0.04501403562020223,
        "mse": 0.12850028277469416,
        "mae": 0.340722023974481,
        "residual_mean_abs": 0.340722023974481,
        "residual_std": 0.358427335567901,
        "residual_max_abs": 0.789219183081634
      },
      "test": {
        "r2": 0.008820970464223699,
        "mse": 0.1206212008255597,
        "mae": 0.3361994417909637,
        "residual_mean_abs": 0.3361994417909637,
        "residual_std": 0.34725061923695094,
        "residual_max_abs": 0.6789497879492579
      },
      "condition_number": 1.0343243613107034,
      "raw_condition_number": 1.0343243613107034,
      "raw_singular_values": [
        108.0141257415961,
        106.34993239592286,
        106.21247473840474,
        104.42964487921353
      ],
      "effective_condition_number": 1.0343243613107034,
      "singular_values": [
        108.0141257415961,
        106.34993239592286,
        106.21247473840474,
        104.42964487921353
      ],
      "effective_singular_values": [
        108.0141257415961,
        106.34993239592286,
        106.21247473840474,
        104.42964487921353
      ],
      "conditioning_pruned_features": [],
      "conditioning_baseline_drops": [],
      "conditioning_extra_pruned_features": []
    },
    {
      "repeat_index": 2,
      "train": {
        "r2": 0.0061431518822991915,
        "mse": 0.12138330023063994,
        "mae": 0.3366298840489035,
        "residual_mean_abs": 0.3366298840489035,
        "residual_std": 0.34840106232708296,
        "residual_max_abs": 0.7041219187618807
      },
      "val": {
        "r2": 0.008673255762146836,
        "mse": 0.12228989604399793,
        "mae": 0.3374270777512734,
        "residual_mean_abs": 0.3374270777512734,
        "residual_std": 0.3496161874243631,
        "residual_max_abs": 0.6913991169925897
      },
      "test": {
        "r2": -0.00559291648977589,
        "mse": 0.12475469607474228,
        "mae": 0.3402146399426441,
        "residual_mean_abs": 0.3402146399426441,
        "residual_std": 0.35320172021770585,
        "residual_max_abs": 0.7134533577514506
      },
      "condition_number": 1.0392051977577677,
      "raw_condition_number": 1.0392051977577677,
      "raw_singular_values": [
        108.28590039051922,
        106.28358809642624,
        106.15167701938972,
        104.20069166721008
      ],
      "effective_condition_number": 1.0392051977577677,
      "singular_values": [
        108.28590039051922,
        106.28358809642624,
        106.15167701938972,
        104.20069166721008
      ],
      "effective_singular_values": [
        108.28590039051922,
        106.28358809642624,
        106.15167701938972,
        104.20069166721008
      ],
      "conditioning_pruned_features": [],
      "conditioning_baseline_drops": [],
      "conditioning_extra_pruned_features": []
    }
  ],
  "split_records": [
    {
      "repeat_index": 1,
      "train_count": 11291,
      "val_count": 3546,
      "test_count": 3906
    },
    {
      "repeat_index": 2,
      "train_count": 11287,
      "val_count": 3558,
      "test_count": 3898
    }
  ],
  "median_test_r2": 0.0016140269872239044,
  "median_test_mse": 0.12268794845015099,
  "median_test_mae": 0.3382070408668039,
  "coefficient_stability": 0.75,
  "nonzero_count": 16,
  "sparsity_ratio": 0.0,
  "block_sparsity_summary": {
    "feature_blocks": {
      "commands": 4,
      "state": 0,
      "history": 0,
      "controller_params": 0
    }
  },
  "raw_condition_number": 1.0367647795342356,
  "effective_condition_number": 1.0367647795342356,
  "condition_number": 1.0367647795342356,
  "raw_singular_values": [
    108.0141257415961,
    106.34993239592286,
    106.21247473840474,
    104.42964487921353
  ],
  "singular_values": [
    108.0141257415961,
    106.34993239592286,
    106.21247473840474,
    104.42964487921353
  ],
  "effective_singular_values": [
    108.0141257415961,
    106.34993239592286,
    106.21247473840474,
    104.42964487921353
  ],
  "conditioning_pruned_features": [],
  "conditioning_baseline_drops": [],
  "conditioning_extra_pruned_features": [],
  "selection_frequency": [
    [
      1.0,
      1.0,
      1.0,
      1.0
    ],
    [
      1.0,
      1.0,
      1.0,
      1.0
    ],
    [
      1.0,
      1.0,
      1.0,
      1.0
    ],
    [
      1.0,
      1.0,
      1.0,
      1.0
    ]
  ],
  "backend_consistency": {
    "px4": {
      "r2": 0.0038416923333712827,
      "mse": 0.12232696514769824,
      "mae": 0.3375977147150065,
      "residual_mean_abs": 0.3375977147150065,
      "residual_std": 0.3497518327779776,
      "residual_max_abs": 0.7109315693932229,
      "sample_count": 18743.0
    }
  },
  "mode_consistency": {
    "OFFBOARD_ATTITUDE": {
      "r2": 0.010161301608937356,
      "mse": 0.12334491039076666,
      "mae": 0.3396444237057169,
      "residual_mean_abs": 0.3396444237057169,
      "residual_std": 0.3511613666347503,
      "residual_max_abs": 0.7109315693932229,
      "sample_count": 9159.0
    },
    "POSCTL": {
      "r2": -0.003289932157899189,
      "mse": 0.12135416042302548,
      "mae": 0.3356417665048733,
      "residual_mean_abs": 0.3356417665048733,
      "residual_std": 0.3482923278352704,
      "residual_max_abs": 0.66316061209455,
      "sample_count": 9584.0
    }
  },
  "scenario_consistency": 0.0,
  "scenario_subgroup_metrics": {
    "dynamic": {
      "r2": -0.00992962529758512,
      "mse": 0.1247037678108625,
      "mae": 0.33991634067809706,
      "residual_mean_abs": 0.33991634067809706,
      "residual_std": 0.35303951340875955,
      "residual_max_abs": 0.7073378703641253,
      "sample_count": 7118.0
    },
    "nominal": {
      "r2": 0.015340869669979051,
      "mse": 0.12105955011290587,
      "mae": 0.33622318354790054,
      "residual_mean_abs": 0.33622318354790054,
      "residual_std": 0.3479361241930864,
      "residual_max_abs": 0.7109315693932229,
      "sample_count": 9353.0
    },
    "throttle_biased": {
      "r2": -0.005436260948283644,
      "mse": 0.12009811455967433,
      "mae": 0.335992085489946,
      "residual_mean_abs": 0.335992085489946,
      "residual_std": 0.3460101636669593,
      "residual_max_abs": 0.6667685850681917,
      "sample_count": 2272.0
    }
  },
  "top_influential": {
    "actuator_1": [
      {
        "feature": "command_yaw",
        "weight": 0.7732130343670127,
        "selection_frequency": 1.0
      },
      {
        "feature": "command_pitch",
        "weight": 0.4805573596726148,
        "selection_frequency": 1.0
      },
      {
        "feature": "command_roll",
        "weight": 0.28634252848670194,