feature,delta_state_roll,delta_state_pitch,delta_state_yaw,delta_state_roll_rate,delta_state_pitch_rate,delta_state_yaw_rate,delta_state_position_x,delta_state_position_y,delta_state_position_z,delta_state_velocity_x,delta_state_velocity_y,delta_state_velocity_z,delta_state_altitude,delta_state_vertical_speed,delta_state_heading
command_roll,0.0,0.0,0.0,0.0,0.0,0.0,-73918.56631725663,311794.569535212,0.043287913306980716,-0.0025169605197383794,0.18306129461363307,0.05424956226377008,-0.043287913306980716,-0.05424956226377008,0.0
command_pitch,0.0,0.0,0.0,0.0,0.0,0.0,-302938.6965936355,1277821.1679424997,0.14374962748711345,-0.1565277708129096,-0.013007259083720607,-0.04699562189122045,-0.14374962748711345,0.04699562189122045,0.0
command_yaw,0.0,0.0,0.0,0.0,0.0,0.0,-742696.559546758,3132756.9290707367,0.3088780180983808,0.04402878657705796,0.022137639956816408,-0.1489881425845468,-0.3088780180983808,0.1489881425845468,0.0
command_throttle,0.0,0.0,0.0,0.0,0.0,0.0,464.41135744571955,-1958.9328043559785,0.05617647722091838,-0.0005984469597474887,0.00045382498046025386,0.007930436992276465,-0.05617647722091838,-0.007930436992276465,0.0
