actuator_1,actuator_2,actuator_3,actuator_4
0.5966394025287527,0.5741881534054183,0.5701251745464849,0.5602512956941328
