feature,delta_state_roll,delta_state_pitch,delta_state_yaw,delta_state_roll_rate,delta_state_pitch_rate,delta_state_yaw_rate,delta_state_position_x,delta_state_position_y,delta_state_position_z,delta_state_velocity_x,delta_state_velocity_y,delta_state_velocity_z,delta_state_altitude,delta_state_vertical_speed,delta_state_heading
command_roll,-0.0011156671815371886,-9.381764151540619e-05,-0.0006843238324718677,-0.0023095206149449546,-0.004563985937126172,0.0001748468041528255,-0.004738913573951242,-0.009691537018272686,-0.0006976444201389855,-0.0007239798358553666,0.0024577521005009705,0.006604417665282672,0.0006976444201389855,-0.006604417665282672,-0.0006824521524562122
command_pitch,-0.0013626918306945159,-0.0001304091418821845,-0.0008547139185878028,-0.002895544742885469,-0.0056912723461303855,0.0002098975696041708,-0.005938555155440259,-0.012122586667114549,-0.0008550717906453934,-0.0009240247787772569,0.0030835339215758424,0.008273687284723536,0.0008550717906453934,-0.008273687284723536,-0.0008524663384762741
command_yaw,-0.0027886987125479218,-0.00020745883129256036,-0.0017075250677083163,-0.005360335726894255,-0.011421858606200055,0.00038796482396183857,-0.011883039506795059,-0.024341566015850365,-0.0017924545516556306,-0.0018395318484163935,0.0062132097666072125,0.01664870300392177,0.0017924545516556306,-0.01664870300392177,-0.0017027542248540795
command_throttle,-8.615015474451202e-05,0.00015156246021910422,0.00035238694983157363,0.00022653996013824717,0.0001820197314087011,6.201033564613367e-05,0.0096992625648167,-0.0005701499466379718,-0.01636637226424505,0.0017632934558862185,-0.0027928503946372816,-0.0008138302610637583,0.01636637226424505,0.0008138302610637583,0.0003542929626320442
