actuator_1,actuator_2,actuator_3,actuator_4
0.2850324548771371,0.2850511685539796,0.28516471422612966,0.2850816032036808
