{
  "x_schema": "commands_only",
  "y_schema": "actuator_response",
  "pooling_mode": "pooled",
  "model_name": "ols_affine",
  "feature_names": [
    "command_roll",
    "command_pitch",
    "command_yaw",
    "command_throttle"
  ],
  "response_names": [
    "actuator_1",
    "actuator_2",
    "actuator_3",
    "actuator_4"
  ],
  "schema_metadata": {
    "x_schema": "commands_only",
    "y_schema": "actuator_response",
    "feature_count": 4,
    "response_count": 4,
    "strict_raw_linear": true,
    "requested_feature_columns": [
      "command_roll",
      "command_pitch",
      "command_yaw",
      "command_throttle"
    ],
    "requested_response_columns": [
      "actuator_1",
      "actuator_2",
      "actuator_3",
      "actuator_4"
    ],
    "dropped_unavailable_features": [],
    "dropped_unavailable_responses": [],
    "partial_feature_columns": {},
    "partial_response_columns": {},
    "dropped_response_leakage_features": [],
    "dropped_zero_variance_features": []
  },
  "repeat_metrics": [
    {
      "repeat_index": 1,
      "train": {
        "r2": 0.998666955963323,
        "mse": 0.00011364627249744208,
        "mae": 0.006028963440336238,
        "residual_mean_abs": 0.006028963440336238,
        "residual_std": 0.010660500574430925,
        "residual_max_abs": 0.06771526421149221
      },
      "val": {
        "r2": 0.9998493462386998,
        "mse": 1.1568830681371979e-05,
        "mae": 0.003382582864924005,
        "residual_mean_abs": 0.003382582864924005,
        "residual_std": 0.003141542106254312,
        "residual_max_abs": 0.003960697988696249
      },
      "test": {
        "r2": 0.9974958570456742,
        "mse": 0.00021596820589679763,
        "mae": 0.007769701033479242,
        "residual_mean_abs": 0.007769701033479242,
        "residual_std": 0.014686606528901181,
        "residual_max_abs": 0.09280372153200667
      },
      "condition_number": 1.0250622538026584,
      "raw_condition_number": 1.0250622538026584,
      "raw_singular_values": [
        75.1963484584148,
        74.32145759669898,
        74.13810121527486,
        73.35783576017946
      ],
      "effective_condition_number": 1.0250622538026584,
      "singular_values": [
        75.1963484584148,
        74.32145759669898,
        74.13810121527486,
        73.35783576017946
      ],
      "effective_singular_values": [
        75.1963484584148,
        74.32145759669898,
        74.13810121527486,
        73.35783576017946
      ],
      "conditioning_pruned_features": [],
      "conditioning_baseline_drops": [],
      "conditioning_extra_pruned_features": []
    },
    {
      "repeat_index": 2,
      "train": {
        "r2": 0.9985507936329422,
        "mse": 0.0001248448290474837,
        "mae": 0.006226803342323806,
        "residual_mean_abs": 0.006226803342323806,
        "residual_std": 0.011173398276598025,
        "residual_max_abs": 0.09231630561548909
      },
      "val": {
        "r2": 0.998908658824805,
        "mse": 9.28828152865232e-05,
        "mae": 0.004407151265045648,
        "residual_mean_abs": 0.004407151265045648,
        "residual_std": 0.009635553680851207,
        "residual_max_abs": 0.0681292762911786
      },
      "test": {
        "r2": 0.9987280688560745,
        "mse": 0.00010967600162375472,
        "mae": 0.0062304914376815545,
        "residual_mean_abs": 0.0062304914376815545,
        "residual_std": 0.010472582884291162,
        "residual_max_abs": 0.06630868381170019
      },
      "condition_number": 1.047667320303588,
      "raw_condition_number": 1.047667320303588,
      "raw_singular_values": [
        75.91474275312223,
        74.38373689419261,
        74.30648412532602,
        72.46073374811769
      ],
      "effective_condition_number": 1.047667320303588,
      "singular_values": [
        75.91474275312223,
        74.38373689419261,
        74.30648412532602,
        72.46073374811769
      ],
      "effective_singular_values": [
        75.91474275312223,
        74.38373689419261,
        74.30648412532602,
        72.46073374811769
      ],
      "conditioning_pruned_features": [],
      "conditioning_baseline_drops": [],
      "conditioning_extra_pruned_features": []
    }
  ],
  "split_records": [
    {
      "repeat_index": 1,
      "train_count": 5514,
      "val_count": 1712,
      "test_count": 1905
    },
    {
      "repeat_index": 2,
      "train_count": 5517,
      "val_count": 1712,
      "test_count": 1902
    }
  ],
  "median_test_r2": 0.9981119629508743,
  "median_test_mse": 0.00016282210376027616,
  "median_test_mae": 0.007000096235580398,
  "coefficient_stability": 1.0,
  "nonzero_count": 4,
  "sparsity_ratio": 0.75,
  "block_sparsity_summary": {
    "feature_blocks": {
      "commands": 4,
      "state": 0,
      "history": 0,
      "controller_params": 0
    }
  },
  "raw_condition_number": 1.0363647870531232,
  "effective_condition_number": 1.0363647870531232,
  "condition_number": 1.0363647870531232,
  "raw_singular_values": [
    75.1963484584148,
    74.32145759669898,
    74.13810121527486,
    73.35783576017946
  ],
  "singular_values": [
    75.1963484584148,
    74.32145759669898,
    74.13810121527486,
    73.35783576017946
  ],
  "effective_singular_values": [
    75.1963484584148,
    74.32145759669898,
    74.13810121527486,
    73.35783576017946
  ],
  "conditioning_pruned_features": [],
  "conditioning_baseline_drops": [],
  "conditioning_extra_pruned_features": [],
  "selection_frequency": [
    [
      0.0,
      0.0,
      0.0,
      0.0
    ],
    [
      0.0,
      0.0,
      0.0,
      0.0
    ],
    [
      0.0,
      0.0,
      0.0,
      0.0
    ],
    [
      1.0,
      1.0,
      1.0,
      1.0
    ]
  ],
  "backend_consistency": {
    "ardupilot": {
      "r2": 0.9986580472842019,
      "mse": 0.00011572146886500784,
      "mae": 0.0058911772239278746,
      "residual_mean_abs": 0.0058911772239278746,
      "residual_std": 0.010756277591788039,
      "residual_max_abs": 0.09255995647719006,
      "sample_count": 9131.0
    }
  },
  "mode_consistency": {
    "GUIDED_NOGPS": {
      "r2": -783.9297276569431,
      "mse": 0.00015734435187752396,
      "mae": 0.006262941391057677,
      "residual_mean_abs": 0.006262941391057677,
      "residual_std": 0.012532629216954897,
      "residual_max_abs": 0.09255995647719006,
      "sample_count": 4576.0
    },
    "STABILIZE": {
      "r2": NaN,
      "mse": 7.390669111192907e-05,
      "mae": 0.005517699105643357,
      "residual_mean_abs": 0.005517699105643357,
      "residual_std": 0.008555806075968751,
      "residual_max_abs": 0.05704814246178741,
      "sample_count": 4555.0
    }
  },
  "scenario_consistency": 0.9930286195172361,
  "scenario_subgroup_metrics": {
    "dynamic": {
      "r2": 0.9998750814257767,
      "mse": 1.0776028834763134e-05,
      "mae": 0.003263004256812986,
      "residual_mean_abs": 0.003263004256812986,
      "residual_std": 0.003282338793939425,
      "residual_max_abs": 0.004100961805573733,
      "sample_count": 3425.0
    },
    "nominal": {
      "r2": 0.9991818531663286,
      "mse": 7.05256274947286e-05,
      "mae": 0.004453746397034175,
      "residual_mean_abs": 0.004453746397034175,
      "residual_std": 0.008394777815073305,
      "residual_max_abs": 0.06792227025133546,
      "sample_count": 4566.0
    },
    "throttle_biased": {
      "r2": 0.9929045717979231,
      "mse": 0.0006120393143038526,
      "mae": 0.01954451193266921,
      "residual_mean_abs": 0.01954451193266921,
      "residual_std": 0.02473883465210047,
      "residual_max_abs": 0.09255995647719006,
      "sample_count": 1140.0
    }
  },
  "top_influential": {
    "actuator_1": [
      {
        "feature": "command_throttle",
        "weight": -0.43341717568801386,
        "selection_frequency": 1.0
      },
      {
        "feature": "command_yaw",
        "weight": -0.0011011223237058511,
        "selection_frequency": 0.0
      },
      {
        "feature": "command_roll",