actuator_1,actuator_2,actuator_3,actuator_4
-45.86544670369557,-45.75946829850215,-45.986336844919144,-45.884455404505445
