feature,future_state_roll,future_state_pitch,future_state_yaw,future_state_roll_rate,future_state_pitch_rate,future_state_yaw_rate,future_state_position_x,future_state_position_y,future_state_position_z,future_state_velocity_x,future_state_velocity_y,future_state_velocity_z,future_state_altitude,future_state_vertical_speed,future_state_heading
command_roll,0.31523238711394763,0.029288040496832826,-1.8232024073370976,-0.01573399367236438,0.01755360099194995,-0.14987592225095078,0.010705654885926525,0.2160649860078255,-2.1251299684761533,-0.6225901877067195,-0.03287686991669795,0.5589225004268802,2.1251299684761533,-0.5589225004268802,-1.8224195208229543
command_pitch,-0.040790167535840596,0.27937853241139676,-0.30803807749982115,0.00462658515493169,-0.019785140813612018,0.21831236497674059,0.9519665683888637,-1.9614363269844313,-0.6229154662336183,0.25581892027257236,-1.129189251786746,-0.06288136416231786,0.6229154662336183,0.06288136416231786,-0.30625344478039757
command_yaw,0.12839957314136397,-0.004120826509074775,2.02500147825119,0.06550202523569001,-0.017170045033857304,1.1057245351765026,1.0751715424648767,-7.873688313983115,1.72577079420143,-0.9307579434447665,0.9316329324506685,-0.13018381142440827,-1.72577079420143,0.13018381142440827,2.0268879613915076
command_throttle,-0.003945296519177235,0.0010916971372504072,0.9009922598414453,-0.0035139156010628413,-0.0012177440925682363,0.128762959565421,0.2620293284059874,-0.700494778173578,-0.22051287651515372,0.029640105760612344,-0.21995055457987037,-0.015151305955872605,0.22051287651515372,0.015151305955872605,0.9005885062397107
