future_state_roll,future_state_pitch,future_state_yaw,future_state_roll_rate,future_state_pitch_rate,future_state_yaw_rate
0.032203021563320416,-7.272515922807088e-13,1.0888356882787775e-10,-3.298042394739298e-11,5.556596849309869e-13,-5.7515103790706235e-12
