feature,roll__h1,pitch__h1,yaw__h1,roll_rate__h1,pitch_rate__h1,yaw_rate__h1,roll__h2,pitch__h2,yaw__h2,roll_rate__h2,pitch_rate__h2,yaw_rate__h2
command_roll,0.2587685556544261,0.19297342994983605,-0.6472073317572686,0.0023085338857148814,0.054581182601310035,-0.049856649311061305,0.268606391719032,0.20290466193786577,-0.6704229803270183,0.008213433778369549,0.053102875191792284,-0.0706554982111199
command_pitch,0.0,2.0278560337247272e-07,-6.785537542364963e-05,5.775151591314874e-06,2.6785138210393375e-05,6.115415755390274e-06,0.0,0.0,-7.044533788889553e-05,4.371727208151909e-06,1.8423648765306135e-05,0.0
command_yaw,5.10662907211937e-05,0.0,-0.000938525943852544,-4.9800021400155856e-05,4.459411968275453e-05,-0.00030842907180108785,2.7666960282337584e-05,0.0,-0.0009310769210777032,-2.3766249313529927e-05,6.485948933858361e-05,-0.00042946658811162064
command_throttle,-0.004594503161186696,-0.002385320207838778,0.9261328854437832,-0.0021017648036849054,-0.002617252388027666,0.09008231432474648,-0.004663541542856095,-0.002481116161076938,0.9325504238733144,-0.0025626322526413163,-0.002552821532676476,0.09731865669337644
