{
  "x_schema": "commands_only",
  "y_schema": "future_state_horizon",
  "pooling_mode": "pooled",
  "model_name": "lasso_affine",
  "feature_names": [
    "command_roll",
    "command_pitch",
    "command_yaw",
    "command_throttle"
  ],
  "response_names": [
    "roll__h1",
    "pitch__h1",
    "yaw__h1",
    "roll_rate__h1",
    "pitch_rate__h1",
    "yaw_rate__h1",
    "roll__h2",
    "pitch__h2",
    "yaw__h2",
    "roll_rate__h2",
    "pitch_rate__h2",
    "yaw_rate__h2"
  ],
  "schema_metadata": {
    "x_schema": "commands_only",
    "y_schema": "future_state_horizon",
    "feature_count": 4,
    "response_count": 12,
    "strict_raw_linear": true,
    "requested_feature_columns": [
      "command_roll",
      "command_pitch",
      "command_yaw",
      "command_throttle"
    ],
    "requested_response_columns": [
      "roll__h1",
      "pitch__h1",
      "yaw__h1",
      "roll_rate__h1",
      "pitch_rate__h1",
      "yaw_rate__h1",
      "roll__h2",
      "pitch__h2",
      "yaw__h2",
      "roll_rate__h2",
      "pitch_rate__h2",
      "yaw_rate__h2"
    ],
    "dropped_unavailable_features": [],
    "dropped_unavailable_responses": [],
    "partial_feature_columns": {},
    "partial_response_columns": {
      "roll__h1": 0.9972647702407003,
      "pitch__h1": 0.9972647702407003,
      "yaw__h1": 0.9972647702407003,
      "roll_rate__h1": 0.9972647702407003,
      "pitch_rate__h1": 0.9972647702407003,
      "yaw_rate__h1": 0.9972647702407003,
      "roll__h2": 0.9945295404814004,
      "pitch__h2": 0.9945295404814004,
      "yaw__h2": 0.9945295404814004,
      "roll_rate__h2": 0.9945295404814004,
      "pitch_rate__h2": 0.9945295404814004,
      "yaw_rate__h2": 0.9945295404814004
    },
    "dropped_response_leakage_features": [],
    "dropped_zero_variance_features": []
  },
  "repeat_metrics": [
    {
      "repeat_index": 1,
      "train": {
        "r2": 0.2969337152635898,
        "mse": 0.03687228265654291,
        "mae": 0.05351376769586189,
        "residual_mean_abs": 0.05351376769586189,
        "residual_std": 0.19202156820665459,
        "residual_max_abs": 2.242246161605694
      },
      "val": {
        "r2": 0.03274458978506212,
        "mse": 0.11813249242637368,
        "mae": 0.1527362249965814,
        "residual_mean_abs": 0.1527362249965814,
        "residual_std": 0.34365908575006904,
        "residual_max_abs": 2.2480403180041435
      },
      "test": {
        "r2": 0.03189261413582123,
        "mse": 0.11701175988843433,
        "mae": 0.15142884010355645,
        "residual_mean_abs": 0.15142884010355645,
        "residual_std": 0.3420607079602576,
        "residual_max_abs": 2.2283433982287835
      },
      "condition_number": 375757.96529853117,
      "raw_condition_number": 375757.96529853117,
      "raw_singular_values": [
        57.21824004097476,
        32.95562177365715,
        0.00031917315523118713,
        0.00015227419063629474
      ],
      "effective_condition_number": 375757.96529853117,
      "singular_values": [
        57.21824004097476,
        32.95562177365715,
        0.00031917315523118713,
        0.00015227419063629474
      ],
      "effective_singular_values": [
        57.21824004097476,
        32.95562177365715,
        0.00031917315523118713,
        0.00015227419063629474
      ],
      "conditioning_pruned_features": [],
      "conditioning_baseline_drops": [],
      "conditioning_extra_pruned_features": []
    },
    {
      "repeat_index": 2,
      "train": {
        "r2": 0.17846050859398943,
        "mse": 0.0764329320260641,
        "mae": 0.10682991349520236,
        "residual_mean_abs": 0.10682991349520236,
        "residual_std": 0.27646506474790644,
        "residual_max_abs": 2.2181464155316744
      },
      "val": {
        "r2": -6.044342274249777,
        "mse": 0.00037630684008080085,
        "mae": 0.011914710686968463,
        "residual_mean_abs": 0.011914710686968463,
        "residual_std": 0.018597308743313914,
        "residual_max_abs": 0.10958414910850758
      },
      "test": {
        "r2": 0.03758149578733572,
        "mse": 0.11754175314939853,
        "mae": 0.15502661282255717,
        "residual_mean_abs": 0.15502661282255717,
        "residual_std": 0.34283387609899907,
        "residual_max_abs": 2.22382846636207
      },
      "condition_number": 309863.138452824,
      "raw_condition_number": 309863.138452824,
      "raw_singular_values": [
        57.1207094997347,
        32.9427464865923,
        0.0003648367070563312,
        0.0001843417380490749
      ],
      "effective_condition_number": 309863.138452824,
      "singular_values": [
        57.1207094997347,
        32.9427464865923,
        0.0003648367070563312,
        0.0001843417380490749
      ],
      "effective_singular_values": [
        57.1207094997347,
        32.9427464865923,
        0.0003648367070563312,
        0.0001843417380490749
      ],
      "conditioning_pruned_features": [],
      "conditioning_baseline_drops": [],
      "conditioning_extra_pruned_features": []
    }
  ],
  "split_records": [
    {
      "repeat_index": 1,
      "train_count": 1090,
      "val_count": 360,
      "test_count": 368
    },
    {
      "repeat_index": 2,
      "train_count": 1087,
      "val_count": 371,
      "test_count": 360
    }
  ],
  "median_test_r2": 0.03473705496157847,
  "median_test_mse": 0.11727675651891643,
  "median_test_mae": 0.15322772646305682,
  "coefficient_stability": 1.0,
  "nonzero_count": 28,
  "sparsity_ratio": 0.41666666666666663,
  "block_sparsity_summary": {
    "feature_blocks": {
      "commands": 4,
      "state": 0,
      "history": 0,
      "controller_params": 0
    }
  },
  "raw_condition_number": 342810.55187567754,
  "effective_condition_number": 342810.55187567754,
  "condition_number": 342810.55187567754,
  "raw_singular_values": [
    57.21824004097476,
    32.95562177365715,
    0.00031917315523118713,
    0.00015227419063629474
  ],
  "singular_values": [
    57.21824004097476,
    32.95562177365715,
    0.00031917315523118713,
    0.00015227419063629474
  ],
  "effective_singular_values": [
    57.21824004097476,
    32.95562177365715,
    0.00031917315523118713,
    0.00015227419063629474
  ],
  "conditioning_pruned_features": [],
  "conditioning_baseline_drops": [],
  "conditioning_extra_pruned_features": [],
  "selection_frequency": [
    [
      1.0,
      1.0,
      1.0,
      1.0,
      1.0,
      1.0,
      1.0,
      1.0,
      1.0,
      1.0,
      1.0,
      1.0
    ],
    [
      0.0,
      0.0,
      0.3333333333333333,
      0.8333333333333334,
      0.6666666666666666,
      0.5,
      0.0,
      0.0,
      0.3333333333333333,
      0.6666666666666666,
      0.6666666666666666,
      0.5
    ],
    [
      0.8333333333333334,
      0.6666666666666666,
      0.5,
      0.16666666666666666,
      0.3333333333333333,
      0.6666666666666666,
      0.8333333333333334,
      0.6666666666666666,
      0.5,
      0.3333333333333333,
      0.5,
      0.6666666666666666
    ],
    [
      1.0,
      1.0,
      1.0,
      1.0,
      0.8333333333333334,
      1.0,
      1.0,
      0.8333333333333334,
      1.0,
      1.0,
      1.0,
      1.0
    ]
  ],
  "backend_consistency": {
    "px4": {
      "r2": 0.20773230273280718,
      "mse": 0.06908541666716365,
      "mae": 0.09489128196344196,
      "residual_mean_abs": 0.09489128196344196,
      "residual_std": 0.26283604169270947,
      "residual_max_abs": 2.2359343921831067
    }
  },
  "mode_consistency": {
    "OFFBOARD_ATTITUDE": {
      "r2": 0.03663335416775726,
      "mse": 0.11412163133796374,
      "mae": 0.1507990427938056,
      "residual_mean_abs": 0.1507990427938056,
      "residual_std": 0.33781892643556255,
      "residual_max_abs": 2.2359343921831067
    },
    "POSCTL": {
      "r2": -1.588888679470906,
      "mse": 0.0002470301258433707,
      "mae": 0.009435608594082254,
      "residual_mean_abs": 0.009435608594082254,
      "residual_std": 0.015199147144114977,