actuator_1,actuator_2,actuator_3,actuator_4
6.666246897975034,5.996398778796627,-0.7485446411657826,-3.489945355667178
