actuator_1,actuator_2,actuator_3,actuator_4
0.28463727459337584,0.28451666162482736,0.2845218647639174,0.28463042029505303
