feature,actuator_1,actuator_2,actuator_3,actuator_4
command_roll,0.0,0.0,5.446622957018952e-06,8.265665995281743e-06
command_pitch,0.0004990142654166193,0.0004664036420538517,0.00038833805177232255,0.0003567573370094095
command_yaw,0.00165197577990077,0.0016285306508345442,0.0015709959154053218,0.001569673783566923
command_throttle,-0.43029212274397965,-0.43011818447218453,-0.43012558590455674,-0.43029694726066553
