{
  "x_schema": "commands_only",
  "y_schema": "actuator_response",
  "pooling_mode": "pooled",
  "model_name": "lasso_affine",
  "feature_names": [
    "command_roll",
    "command_pitch",
    "command_yaw",
    "command_throttle"
  ],
  "response_names": [
    "actuator_1",
    "actuator_2",
    "actuator_3",
    "actuator_4"
  ],
  "schema_metadata": {
    "x_schema": "commands_only",
    "y_schema": "actuator_response",
    "feature_count": 4,
    "response_count": 4,
    "strict_raw_linear": true,
    "requested_feature_columns": [
      "command_roll",
      "command_pitch",
      "command_yaw",
      "command_throttle"
    ],
    "requested_response_columns": [
      "actuator_1",
      "actuator_2",
      "actuator_3",
      "actuator_4"
    ],
    "dropped_unavailable_features": [],
    "dropped_unavailable_responses": [],
    "partial_feature_columns": {},
    "partial_response_columns": {},
    "dropped_response_leakage_features": [],
    "dropped_zero_variance_features": []
  },
  "repeat_metrics": [
    {
      "repeat_index": 1,
      "train": {
        "r2": 0.9992623150663877,
        "mse": 6.0469693714572094e-05,
        "mae": 0.0067609590539473375,
        "residual_mean_abs": 0.0067609590539473375,
        "residual_std": 0.007776226187204954,
        "residual_max_abs": 0.018290557236251115
      },
      "val": {
        "r2": 0.9992281240651202,
        "mse": 5.922976238967361e-05,
        "mae": 0.006218925529798923,
        "residual_mean_abs": 0.006218925529798923,
        "residual_std": 0.006953288646938894,
        "residual_max_abs": 0.018265979561005008
      },
      "test": {
        "r2": 0.9980647299400829,
        "mse": 0.0001481822808230772,
        "mae": 0.011101385880780688,
        "residual_mean_abs": 0.011101385880780688,
        "residual_std": 0.010321099275338938,
        "residual_max_abs": 0.018317972162721186
      },
      "condition_number": 1.4910540446928997,
      "raw_condition_number": 1.4910540446928997,
      "raw_singular_values": [
        69.04506539160784,
        58.83131005972858,
        58.06367701749714,
        46.30621246584559
      ],
      "effective_condition_number": 1.4910540446928997,
      "singular_values": [
        69.04506539160784,
        58.83131005972858,
        58.06367701749714,
        46.30621246584559
      ],
      "effective_singular_values": [
        69.04506539160784,
        58.83131005972858,
        58.06367701749714,
        46.30621246584559
      ],
      "conditioning_pruned_features": [],
      "conditioning_baseline_drops": [],
      "conditioning_extra_pruned_features": []
    },
    {
      "repeat_index": 2,
      "train": {
        "r2": 0.9991593253269491,
        "mse": 7.159681434139955e-05,
        "mae": 0.007918594753281036,
        "residual_mean_abs": 0.007918594753281036,
        "residual_std": 0.00846149007807724,
        "residual_max_abs": 0.01688396223829125
      },
      "val": {
        "r2": 0.999183328565583,
        "mse": 6.269441812056095e-05,
        "mae": 0.007574823297767639,
        "residual_mean_abs": 0.007574823297767639,
        "residual_std": 0.005446585719325749,
        "residual_max_abs": 0.016877688513711853
      },
      "test": {
        "r2": 0.9990279016549878,
        "mse": 8.383366571436052e-05,
        "mae": 0.008637685893581363,
        "residual_mean_abs": 0.008637685893581363,
        "residual_std": 0.008867165857446811,
        "residual_max_abs": 0.016875276529902505
      },
      "condition_number": 1.5284003368855121,
      "raw_condition_number": 1.5284003368855121,
      "raw_singular_values": [
        69.57598972563808,
        58.6929854859483,
        58.25850765027854,
        45.522097873529724
      ],
      "effective_condition_number": 1.5284003368855121,
      "singular_values": [
        69.57598972563808,
        58.6929854859483,
        58.25850765027854,
        45.522097873529724
      ],
      "effective_singular_values": [
        69.57598972563808,
        58.6929854859483,
        58.25850765027854,
        45.522097873529724
      ],
      "conditioning_pruned_features": [],
      "conditioning_baseline_drops": [],
      "conditioning_extra_pruned_features": []
    }
  ],
  "split_records": [
    {
      "repeat_index": 1,
      "train_count": 3436,
      "val_count": 1148,
      "test_count": 1145
    },
    {
      "repeat_index": 2,
      "train_count": 3438,
      "val_count": 1147,
      "test_count": 1144
    }
  ],
  "median_test_r2": 0.9985463157975354,
  "median_test_mse": 0.00011600797326871886,
  "median_test_mae": 0.009869535887181025,
  "coefficient_stability": 1.0,
  "nonzero_count": 12,
  "sparsity_ratio": 0.25,
  "block_sparsity_summary": {
    "feature_blocks": {
      "commands": 4,
      "state": 0,
      "history": 0,
      "controller_params": 0
    }
  },
  "raw_condition_number": 1.509727190789206,
  "effective_condition_number": 1.509727190789206,
  "condition_number": 1.509727190789206,
  "raw_singular_values": [
    69.04506539160784,
    58.83131005972858,
    58.06367701749714,
    46.30621246584559
  ],
  "singular_values": [
    69.04506539160784,
    58.83131005972858,
    58.06367701749714,
    46.30621246584559
  ],
  "effective_singular_values": [
    69.04506539160784,
    58.83131005972858,
    58.06367701749714,
    46.30621246584559
  ],
  "conditioning_pruned_features": [],
  "conditioning_baseline_drops": [],
  "conditioning_extra_pruned_features": [],
  "selection_frequency": [
    [
      0.8333333333333334,
      0.8333333333333334,
      0.8333333333333334,
      0.8333333333333334
    ],
    [
      0.8333333333333334,
      0.8333333333333334,
      0.8333333333333334,
      0.8333333333333334
    ],
    [
      1.0,
      1.0,
      1.0,
      1.0
    ],
    [
      1.0,
      1.0,
      1.0,
      1.0
    ]
  ],
  "backend_consistency": {
    "ardupilot": {
      "r2": 0.9991578534206785,
      "mse": 7.26269323751936e-05,
      "mae": 0.007750672415269109,
      "residual_mean_abs": 0.007750672415269109,
      "residual_std": 0.008498973550838297,
      "residual_max_abs": 0.016297864297889042,
      "sample_count": 5729.0
    }
  },
  "mode_consistency": {
    "GUIDED_NOGPS": {
      "r2": -330.2276223667021,
      "mse": 6.993600568664327e-05,
      "mae": 0.007803242729095323,
      "residual_mean_abs": 0.007803242729095323,
      "residual_std": 0.008360645061277209,
      "residual_max_abs": 0.016297864297889042,
      "sample_count": 2864.0
    },
    "STABILIZE": {
      "r2": NaN,
      "mse": 7.531691982231686e-05,
      "mae": 0.007698120450592574,
      "residual_mean_abs": 0.007698120450592574,
      "residual_std": 0.008612676521671572,
      "residual_max_abs": 0.016139303632407842,
      "sample_count": 2865.0
    }
  },
  "scenario_consistency": 0.9985844170209572,
  "scenario_subgroup_metrics": {
    "dynamic": {
      "r2": 0.9996152761283752,
      "mse": 3.31748714144397e-05,
      "mae": 0.005506435029778173,
      "residual_mean_abs": 0.005506435029778173,
      "residual_std": 0.005739598788936585,
      "residual_max_abs": 0.012266783940235726,
      "sample_count": 1910.0
    },
    "nominal": {
      "r2": 0.9996366004165846,
      "mse": 3.1352126554791014e-05,
      "mae": 0.005461571611815143,
      "residual_mean_abs": 0.005461571611815143,
      "residual_std": 0.005573450774819576,
      "residual_max_abs": 0.010306270736544998,
      "sample_count": 1909.0
    },
    "throttle_biased": {
      "r2": 0.9982215318598068,
      "mse": 0.00015333218931037085,
      "mae": 0.012282812122117964,
      "residual_mean_abs": 0.012282812122117964,
      "residual_std": 0.012352485872487797,
      "residual_max_abs": 0.016297864297889042,
      "sample_count": 1910.0
    }
  },
  "top_influential": {
    "actuator_1": [
      {
        "feature": "command_throttle",
        "weight": -0.43029212274397965,
        "selection_frequency": 1.0
      },
      {
        "feature": "command_yaw",