actuator_1,actuator_2,actuator_3,actuator_4
-40.70521979863097,-40.65415656741018,-40.75545235128928,-40.39336923769923
