actuator_1,actuator_2,actuator_3,actuator_4
-28.989716554062596,-29.651869394959803,-28.760853200220005,-29.70506097730631
