feature,delta_state_roll,delta_state_pitch,delta_state_yaw,delta_state_roll_rate,delta_state_pitch_rate,delta_state_yaw_rate,delta_state_position_x,delta_state_position_y,delta_state_position_z,delta_state_velocity_x,delta_state_velocity_y,delta_state_velocity_z,delta_state_altitude,delta_state_vertical_speed,delta_state_heading
command_roll,0.0,0.0,0.0,0.0,0.0,0.0,-468995.4551076756,1978262.597530713,-0.0077876778799377665,-0.007799812354807764,0.22769829904837352,-0.10849424597973929,0.0077876778799377665,0.10849424597973929,0.0
command_pitch,0.0,0.0,0.0,0.0,0.0,0.0,242607.12079927092,-1023336.9724882387,-0.002200140087630748,-0.29089610922027664,-0.012210158277153825,-0.0766517020212277,0.002200140087630748,0.0766517020212277,0.0
command_yaw,0.0,0.0,0.0,0.0,0.0,0.0,-462205.62661363726,1949622.544830605,0.06161798034990029,0.0013622959643890403,-0.0028300256632106877,0.01168693511865158,-0.06161798034990029,-0.01168693511865158,0.0
command_throttle,0.0,0.0,0.0,0.0,0.0,0.0,5740.896936448298,-24215.671861586656,-0.011588024701404586,0.004809228702790394,-0.0016986247114536479,0.2586745269214736,0.011588024701404586,-0.2586745269214736,0.0
