actuator_1,actuator_2,actuator_3,actuator_4
-48.033312776034755,-47.87842444071971,-48.14926584290821,-48.00729595403341
