future_state_roll,future_state_pitch,future_state_yaw,future_state_roll_rate,future_state_pitch_rate,future_state_yaw_rate,future_state_position_x,future_state_position_y,future_state_position_z,future_state_velocity_x,future_state_velocity_y,future_state_velocity_z,future_state_altitude,future_state_vertical_speed,future_state_heading
0.001184814877826219,4.3769389363455954e-05,0.003037860242708912,-0.004314907461135891,-0.000509214178361137,-0.00826290958590252,-0.0018460673479379422,0.00035492017918190705,0.000845588577320977,-0.0010597929133140116,0.0015766300096529753,0.0005789601374823206,-0.000845588577320977,-0.0005789601374823206,0.0033609665170971637
