actuator_1,actuator_2,actuator_3,actuator_4
0.29369051787134454,0.29366882182230514,0.29360096984490813,0.2937367986397776
