actuator_1,actuator_2,actuator_3,actuator_4
0.663054839804406,0.6610174415257952,0.6766494794094912,0.6775087532893037
