actuator_1,actuator_2,actuator_3,actuator_4
0.29377417507291326,0.29370118964615055,0.29353955273697446,0.29374513564309196
