feature,actuator_1,actuator_2,actuator_3,actuator_4
command_roll,-3.5673464554197596e-05,-0.0005680043893147391,-8.243189539328329e-05,-1.4528577252789088e-05
command_pitch,7.417250028543262e-05,0.00023084741422794338,0.0001329986677414094,-0.0001249564019797491
command_yaw,5.4690899015132446e-05,9.31976465981139e-05,0.0004664114286624482,-0.0003308517762230495
command_throttle,0.00029265596180498235,5.856601330069748e-05,-0.00030298153874017895,9.602635346468995e-05
