feature,delta_state_roll,delta_state_pitch,delta_state_yaw,delta_state_roll_rate,delta_state_pitch_rate,delta_state_yaw_rate,delta_state_position_x,delta_state_position_y,delta_state_position_z,delta_state_velocity_x,delta_state_velocity_y,delta_state_velocity_z,delta_state_altitude,delta_state_vertical_speed,delta_state_heading
command_roll,0.0970204391339653,-0.04158024675691705,-0.039197986046596245,-0.002519548971001073,0.011126185844275546,-0.12067697445814887,-0.05989821585465811,-0.014181000456963137,0.05118277238580222,-0.06364738111736519,0.21338170962245184,0.0027656488296935807,-0.05118277238580222,-0.0027656488296935807,-0.0396842357152882
command_pitch,0.027940750656026137,0.08061460223938176,-0.077077306037505,0.009132176136315968,-0.011912847184425486,0.04390073484625191,0.04447753958208423,-0.10081803811715638,-0.007978408437817622,-0.2049726937157862,-0.04008291752324167,0.04528157263538524,0.007978408437817622,-0.04528157263538524,-0.07819456209595954
command_yaw,-0.1639027047625303,0.009645153171183083,-0.08941543195733474,-0.009620234109398136,-0.03494069043459395,0.3819049098571442,-0.07107620180353771,0.14078115996857643,-0.0039381321010769944,0.03333165897483614,0.2307482428777623,-0.010299668413861093,0.0039381321010769944,0.010299668413861093,-0.0911507274575854
command_throttle,-0.00026134081985431767,0.00011045452907416939,0.012529543957824102,-0.0004144174285012493,-0.0002842149447999523,0.005933063489865925,0.003211480977159604,-0.01915055141689109,8.073625903346661e-05,-9.103599655769458e-06,-0.0028628023103335664,0.0004119445555830695,-8.073625903346661e-05,-0.0004119445555830695,0.012531341305785577
