future_state_roll,future_state_pitch,future_state_yaw,future_state_roll_rate,future_state_pitch_rate,future_state_yaw_rate,future_state_position_x,future_state_position_y,future_state_position_z,future_state_velocity_x,future_state_velocity_y,future_state_velocity_z,future_state_altitude,future_state_vertical_speed,future_state_heading
-1.31014303465474,0.00129622906103956,202.7135063819136,-0.09143461731926279,0.05719065603513885,-3.847345494117183,-3523720.6491252063,14863347.46380657,0.27696121886097824,1.0629439442832904,-2.6201799312408762,0.7072333995250483,-0.27696121886097824,-0.7072333995250483,202.7135063819136
