actuator_1,actuator_2,actuator_3,actuator_4
4.265836673994882,4.884641276640913,-5.746909092585286,6.9318747900007
