actuator_1,actuator_2,actuator_3,actuator_4
-1.3831993883445088,-1.3745655934150036,-1.3758806234130203,-1.3758871169068747
