actuator_1,actuator_2,actuator_3,actuator_4
-3.915173804383151,-3.5367377421454504,-4.583248355864557,-3.5814022596105564
