actuator_1,actuator_2,actuator_3,actuator_4
0.7968083356271082,0.7794401040347454,0.7867250754430195,0.7715584348600175
