actuator_1,actuator_2,actuator_3,actuator_4
0.341069722539011,1.615683278174405,0.5229497182971753,1.2383455030154011
