actuator_1,actuator_2,actuator_3,actuator_4
1.5619940784740998,-9.14473352475305,1.0615754241968713,5.279732443926862
