future_state_roll,future_state_pitch,future_state_yaw,future_state_roll_rate,future_state_pitch_rate,future_state_yaw_rate,future_state_position_x,future_state_position_y,future_state_position_z,future_state_velocity_x,future_state_velocity_y,future_state_velocity_z,future_state_altitude,future_state_vertical_speed,future_state_heading
2.249371965444018,0.1991826734905559,3.401192372320166,2.3793943275644955,0.8411569353140516,3.9619391340052763,-0.6819377725840361,0.7227512600203783,6.214176528685315,-2.484627465235583,0.2327667638691453,-0.5237367696954216,-6.214176528685315,0.5237367696954216,3.3295191783866267
