feature,delta_state_roll,delta_state_pitch,delta_state_yaw,delta_state_roll_rate,delta_state_pitch_rate,delta_state_yaw_rate,delta_state_position_x,delta_state_position_y,delta_state_position_z,delta_state_velocity_x,delta_state_velocity_y,delta_state_velocity_z,delta_state_altitude,delta_state_vertical_speed,delta_state_heading
command_roll,0.0,0.0,0.0,0.0,0.0,0.0,-211630.90193369437,892677.0986303353,0.0030874516651487414,-0.007099703570605227,0.12707239812121612,-0.03400049244422274,-0.0030874516651487414,0.03400049244422274,0.0
command_pitch,0.0,0.0,0.0,0.0,0.0,0.0,-2284.9221297592376,9638.245556208858,0.005021969502408189,-0.1939993943467211,-0.010486026700878025,-0.06409956443649159,-0.005021969502408189,0.06409956443649159,0.0
command_yaw,0.0,0.0,0.0,0.0,0.0,0.0,-200355.5958462077,845116.9226896669,0.07021258445096087,-0.0007410268577633723,0.0029847509207774035,-0.11756445073377601,-0.07021258445096087,0.11756445073377601,0.0
command_throttle,0.0,0.0,0.0,0.0,0.0,0.0,765.515925273987,-3228.9908626535207,0.054803998740330095,-0.001049954099409701,0.0008991074897134577,0.008275505659626831,-0.054803998740330095,-0.008275505659626831,0.0
