actuator_1,actuator_2,actuator_3,actuator_4
0.8096842831060911,0.7924495152408553,0.8000808802775843,0.785153495273224
