actuator_1,actuator_2,actuator_3,actuator_4
0.8319961035039639,0.8342211416346215,0.8404203101121986,0.8418013257603738
