actuator_1,actuator_2,actuator_3,actuator_4
0.465562142297338,1.5387939203549523,0.577433011306432,0.7972075592828233
