feature,future_state_roll,future_state_pitch,future_state_yaw,future_state_roll_rate,future_state_pitch_rate,future_state_yaw_rate,future_state_position_x,future_state_position_y,future_state_position_z,future_state_velocity_x,future_state_velocity_y,future_state_velocity_z,future_state_altitude,future_state_vertical_speed,future_state_heading
command_roll,-0.004460603296995284,0.0021843265915516114,-0.006400816186432927,0.04750767184884486,1.3608459957762005e-05,-0.05856790659056649,-463065.04499136936,1953247.2344699004,0.8831896611196373,0.02797840505293232,0.06902621265164442,0.01049159829179209,-0.8831896611196373,-0.01049159829179209,-0.006400816186432927
command_pitch,0.001217233620027918,-0.006368477525152165,-0.0025995773144879605,-0.002006061544137027,0.00369010741367113,-0.01180676112172503,-564012.0430611086,2379055.405844231,1.1458198216962197,-0.12385551268372459,0.07332303839016484,0.04724988982352503,-1.1458198216962197,-0.04724988982352503,-0.0025995773144879605
command_yaw,0.0067436101284439505,-0.0003914843714177375,0.026987565268191138,0.01230849255500942,-0.060809327595889855,0.028696573257827873,-582413.5920417364,2456670.756326356,5.147694206178748,-0.004832883224163629,0.08513297075134796,0.6794450989716714,-5.147694206178748,-0.6794450989716714,0.026987565268191138
command_throttle,-0.06616493563971262,0.007417188799686535,-3.161249172960525,0.4492556033367795,0.11347417048487235,-1.0030379066997943,3146.606738068658,-13272.137201432237,1.8685739407365092,-0.007975443696307193,0.05598013769831371,0.5291921717286967,-1.8685739407365092,-0.5291921717286967,-3.161249172960525
