future_state_roll,future_state_pitch,future_state_yaw,future_state_roll_rate,future_state_pitch_rate,future_state_yaw_rate
2.110811525568579e-14,-5.377642775528102e-16,7.673861546209082e-13,1.6235623956362133e-12,3.0839913955915677e-14,-1.0389467064442215e-12
