feature,delta_state_roll,delta_state_pitch,delta_state_yaw,delta_state_roll_rate,delta_state_pitch_rate,delta_state_yaw_rate,delta_state_position_x,delta_state_position_y,delta_state_position_z,delta_state_velocity_x,delta_state_velocity_y,delta_state_velocity_z,delta_state_altitude,delta_state_vertical_speed,delta_state_heading
command_roll,0.0,0.0,0.0,0.0,0.0,0.0,-93459.68271208227,394220.5360939986,0.05945835003740371,-0.008605062291184814,0.2945834846445004,0.09479195421541647,-0.05945835003740371,-0.09479195421541647,0.0
command_pitch,0.0,0.0,0.0,0.0,0.0,0.0,-337394.76473023545,1423159.8188899374,0.23538750761141078,-0.24955059287084086,-0.011746793716993307,-0.1107228841967873,-0.23538750761141078,0.1107228841967873,0.0
command_yaw,0.0,0.0,0.0,0.0,0.0,0.0,-851708.4988729416,3592578.4271644694,0.49125689013468266,0.06872770927994992,0.07043203440557683,-0.18385546550905654,-0.49125689013468266,0.18385546550905654,0.0
command_throttle,0.0,0.0,0.0,0.0,0.0,0.0,47538.654420178704,-200522.16114062857,0.07468920682758076,-0.000871440529812912,0.005331777628205371,0.05503184849698646,-0.07468920682758076,-0.05503184849698646,0.0
