actuator_1,actuator_2,actuator_3,actuator_4
-18.94149771962592,-19.097917810183432,-18.87099517057172,-19.28256777925045
