actuator_1,actuator_2,actuator_3,actuator_4
2.519268473896352,2.606223604456228,2.5215361571913784,2.7079906859841874
