feature,future_state_roll,future_state_pitch,future_state_yaw,future_state_roll_rate,future_state_pitch_rate,future_state_yaw_rate
command_roll,0.44230618787449144,0.049577668809659664,-0.8104463960478261,-0.06248668802757817,0.00919525253727346,-0.19060604863816832
command_pitch,-0.04019704019885542,0.394599608210263,-2.2575690549531804,0.01989311520576916,-0.018474303371967555,0.015419723673951126
command_yaw,0.22271372325021568,-0.024309240891825106,-0.4686761838819946,0.1016371583780334,-0.057720801156007806,2.255972363705427
command_throttle,-0.002151533900931226,0.041178655606348466,17.80153201238028,-0.07126084492149642,-0.017390659048636823,2.8183377444572275
