feature,roll__h1,pitch__h1,yaw__h1,roll_rate__h1,pitch_rate__h1,yaw_rate__h1,roll__h2,pitch__h2,yaw__h2,roll_rate__h2,pitch_rate__h2,yaw_rate__h2
command_roll,-0.004096704764475441,-0.010635382114695247,0.00668135062881754,0.02404303682759275,-0.040379331153068306,0.012718057047791368,-0.005803345791174772,-0.010548471513249127,0.005648881257508356,0.020497917440193126,-0.04626731214403249,0.012963313804006768
command_pitch,0.0,-2.649040822047893e-06,2.3131974068960082e-06,1.0602974410777764e-05,0.0,0.0,0.0,-4.521228081143569e-06,2.529991464435527e-06,8.415832850469125e-06,0.0,0.0
command_yaw,0.0,-1.734859556477524e-05,0.0,0.00015490399811864754,0.0,0.0,0.0,-1.0394475339050665e-05,0.0,0.0001965887107530328,0.0,0.0
command_throttle,0.019905387112854517,0.0018142018734616924,-0.006897523361039991,0.0,0.0,0.0007787004712901831,0.019861584272269903,0.00189074161438355,-0.006719161662528468,0.0,0.0,0.0007970481235452422
