{
  "x_schema": "commands_only",
  "y_schema": "future_state_horizon",
  "pooling_mode": "pooled",
  "model_name": "lasso_affine",
  "feature_names": [
    "command_roll",
    "command_pitch",
    "command_yaw",
    "command_throttle"
  ],
  "response_names": [
    "roll__h1",
    "pitch__h1",
    "yaw__h1",
    "roll_rate__h1",
    "pitch_rate__h1",
    "yaw_rate__h1",
    "roll__h2",
    "pitch__h2",
    "yaw__h2",
    "roll_rate__h2",
    "pitch_rate__h2",
    "yaw_rate__h2"
  ],
  "schema_metadata": {
    "x_schema": "commands_only",
    "y_schema": "future_state_horizon",
    "feature_count": 4,
    "response_count": 12,
    "strict_raw_linear": true,
    "requested_feature_columns": [
      "command_roll",
      "command_pitch",
      "command_yaw",
      "command_throttle"
    ],
    "requested_response_columns": [
      "roll__h1",
      "pitch__h1",
      "yaw__h1",
      "roll_rate__h1",
      "pitch_rate__h1",
      "yaw_rate__h1",
      "roll__h2",
      "pitch__h2",
      "yaw__h2",
      "roll_rate__h2",
      "pitch_rate__h2",
      "yaw_rate__h2"
    ],
    "dropped_unavailable_features": [],
    "dropped_unavailable_responses": [],
    "partial_feature_columns": {},
    "partial_response_columns": {
      "roll__h1": 0.9966887417218543,
      "pitch__h1": 0.9966887417218543,
      "yaw__h1": 0.9966887417218543,
      "roll_rate__h1": 0.9966887417218543,
      "pitch_rate__h1": 0.9966887417218543,
      "yaw_rate__h1": 0.9966887417218543,
      "roll__h2": 0.9933774834437086,
      "pitch__h2": 0.9933774834437086,
      "yaw__h2": 0.9933774834437086,
      "roll_rate__h2": 0.9933774834437086,
      "pitch_rate__h2": 0.9933774834437086,
      "yaw_rate__h2": 0.9933774834437086
    },
    "dropped_response_leakage_features": [],
    "dropped_zero_variance_features": []
  },
  "repeat_metrics": [
    {
      "repeat_index": 1,
      "train": {
        "r2": 0.01890670355772106,
        "mse": 0.00010795090771688891,
        "mae": 0.004703427378897857,
        "residual_mean_abs": 0.004703427378897857,
        "residual_std": 0.01038994262336847,
        "residual_max_abs": 0.11507864892827649
      },
      "val": {
        "r2": -0.2909640270959508,
        "mse": 1.0512051710906284e-05,
        "mae": 0.0018393198394362745,
        "residual_mean_abs": 0.0018393198394362745,
        "residual_std": 0.003229182210018768,
        "residual_max_abs": 0.014689092410265614
      },
      "test": {
        "r2": -0.08038329471770611,
        "mse": 7.128522604233414e-05,
        "mae": 0.003664434430763047,
        "residual_mean_abs": 0.003664434430763047,
        "residual_std": 0.008409416769948766,
        "residual_max_abs": 0.07974410896644094
      },
      "condition_number": 446498.17889490817,
      "raw_condition_number": 446498.17889490817,
      "raw_singular_values": [
        33.10224770757694,
        18.553738078241864,
        0.00015721812683400444,
        7.41374752961046e-05
      ],
      "effective_condition_number": 446498.17889490817,
      "singular_values": [
        33.10224770757694,
        18.553738078241864,
        0.00015721812683400444,
        7.41374752961046e-05
      ],
      "effective_singular_values": [
        33.10224770757694,
        18.553738078241864,
        0.00015721812683400444,
        7.41374752961046e-05
      ],
      "conditioning_pruned_features": [],
      "conditioning_baseline_drops": [],
      "conditioning_extra_pruned_features": []
    },
    {
      "repeat_index": 2,
      "train": {
        "r2": 0.01890670355772106,
        "mse": 0.00010795090771688891,
        "mae": 0.004703427378897857,
        "residual_mean_abs": 0.004703427378897857,
        "residual_std": 0.01038994262336847,
        "residual_max_abs": 0.11507864892827649
      },
      "val": {
        "r2": -0.2909640270959508,
        "mse": 1.0512051710906284e-05,
        "mae": 0.0018393198394362745,
        "residual_mean_abs": 0.0018393198394362745,
        "residual_std": 0.003229182210018768,
        "residual_max_abs": 0.014689092410265614
      },
      "test": {
        "r2": -0.08038329471770611,
        "mse": 7.128522604233414e-05,
        "mae": 0.003664434430763047,
        "residual_mean_abs": 0.003664434430763047,
        "residual_std": 0.008409416769948766,
        "residual_max_abs": 0.07974410896644094
      },
      "condition_number": 446498.17889490817,
      "raw_condition_number": 446498.17889490817,
      "raw_singular_values": [
        33.10224770757694,
        18.553738078241864,
        0.00015721812683400444,
        7.41374752961046e-05
      ],
      "effective_condition_number": 446498.17889490817,
      "singular_values": [
        33.10224770757694,
        18.553738078241864,
        0.00015721812683400444,
        7.41374752961046e-05
      ],
      "effective_singular_values": [
        33.10224770757694,
        18.553738078241864,
        0.00015721812683400444,
        7.41374752961046e-05
      ],
      "conditioning_pruned_features": [],
      "conditioning_baseline_drops": [],
      "conditioning_extra_pruned_features": []
    }
  ],
  "split_records": [
    {
      "repeat_index": 1,
      "train_count": 360,
      "val_count": 120,
      "test_count": 120
    },
    {
      "repeat_index": 2,
      "train_count": 360,
      "val_count": 120,
      "test_count": 120
    }
  ],
  "median_test_r2": -0.08038329471770611,
  "median_test_mse": 7.128522604233414e-05,
  "median_test_mae": 0.003664434430763047,
  "coefficient_stability": 1.0,
  "nonzero_count": 30,
  "sparsity_ratio": 0.375,
  "block_sparsity_summary": {
    "feature_blocks": {
      "commands": 4,
      "state": 0,
      "history": 0,
      "controller_params": 0
    }
  },
  "raw_condition_number": 446498.17889490817,
  "effective_condition_number": 446498.17889490817,
  "condition_number": 446498.17889490817,
  "raw_singular_values": [
    33.10224770757694,
    18.553738078241864,
    0.00015721812683400444,
    7.41374752961046e-05
  ],
  "singular_values": [
    33.10224770757694,
    18.553738078241864,
    0.00015721812683400444,
    7.41374752961046e-05
  ],
  "effective_singular_values": [
    33.10224770757694,
    18.553738078241864,
    0.00015721812683400444,
    7.41374752961046e-05
  ],
  "conditioning_pruned_features": [],
  "conditioning_baseline_drops": [],
  "conditioning_extra_pruned_features": [],
  "selection_frequency": [
    [
      0.8333333333333334,
      0.8333333333333334,
      1.0,
      0.8333333333333334,
      1.0,
      1.0,
      0.8333333333333334,
      1.0,
      1.0,
      1.0,
      1.0,
      1.0
    ],
    [
      0.16666666666666666,
      0.5,
      0.6666666666666666,
      0.3333333333333333,
      0.0,
      0.0,
      0.16666666666666666,
      0.5,
      0.6666666666666666,
      0.6666666666666666,
      0.0,
      0.0
    ],
    [
      0.0,
      0.6666666666666666,
      0.16666666666666666,
      0.3333333333333333,
      0.16666666666666666,
      0.16666666666666666,
      0.0,
      0.6666666666666666,
      0.16666666666666666,
      0.6666666666666666,
      0.16666666666666666,
      0.16666666666666666
    ],
    [
      1.0,
      1.0,
      1.0,
      0.5,
      0.3333333333333333,
      1.0,
      1.0,
      1.0,
      1.0,
      0.3333333333333333,
      0.3333333333333333,
      1.0
    ]
  ],
  "backend_consistency": {
    "px4": {
      "r2": 0.08984679785064509,
      "mse": 8.113000018078143e-05,
      "mae": 0.003922807281378579,
      "residual_mean_abs": 0.003922807281378579,
      "residual_std": 0.009004801068177491,
      "residual_max_abs": 0.11507864892827649
    }
  },
  "mode_consistency": {
    "OFFBOARD_ATTITUDE": {
      "r2": -0.06296715392670515,
      "mse": 3.9437078738659095e-05,
      "mae": 0.00267451707914752,
      "residual_mean_abs": 0.00267451707914752,
      "residual_std": 0.006258862930045596,
      "residual_max_abs": 0.07974410896644094
    },
    "POSCTL": {
      "r2": 0.009904309555277324,