feature,future_state_roll,future_state_pitch,future_state_yaw,future_state_roll_rate,future_state_pitch_rate,future_state_yaw_rate,future_state_position_x,future_state_position_y,future_state_position_z,future_state_velocity_x,future_state_velocity_y,future_state_velocity_z,future_state_altitude,future_state_vertical_speed,future_state_heading
command_roll,0.4357980842296282,-0.003733477421335256,-0.6053760340271968,-0.0017986490223457071,-0.011472264207209818,0.171949113336616,0.07128532984910602,-3.053689240168805,0.18128786179706596,0.027711770332690983,0.46867740141302405,0.12532225951789638,-0.18128786179706596,-0.12532225951789638,-0.6055403723229184
command_pitch,0.0005960744098313772,0.306701376699694,-0.48555994565516736,0.029178667351606152,0.016502917127300974,0.11448736328821908,1.354998618520691,-0.29822923641678756,-0.22285668535511252,0.09202781961925738,0.10492516049380338,0.12560316535503202,0.22285668535511252,-0.12560316535503202,-0.4859134035968683
command_yaw,0.005296268650469688,0.00076301456631204,-0.7433155194828882,0.039990733174302656,0.010542148074070357,-0.0718915556700917,0.5412434708049286,-0.7906112379298001,-0.2823099402387118,0.1719335620403415,0.014211934617914488,0.2412878915277927,0.2823099402387118,-0.2412878915277927,-0.7447684973134987
command_throttle,-0.01148139752564528,-0.00455932871128613,8.353287429029715,-0.02586775956440522,-0.005335661263137543,1.2926475441094947,1.289585420855006,-4.729400059143421,2.8500625734329477,0.5022716723451787,-1.3338338826851084,-1.1108941687322156,-2.8500625734329477,1.1108941687322156,8.353035463309212
