feature,window_mean_roll,window_mean_pitch,window_mean_yaw,window_mean_roll_rate,window_mean_pitch_rate,window_mean_yaw_rate,window_peak_roll,window_peak_pitch,window_peak_yaw,window_peak_roll_rate,window_peak_pitch_rate,window_peak_yaw_rate
command_roll,0.00020690848967229428,-0.0031397387352937404,-0.009558276541657994,-0.01817210974120137,-0.031202569083362185,-0.011352824223975752,0.00020690848967229428,-0.0031397387352937404,-0.009558276541657994,0.01741698106009195,0.029791899404759174,-0.011352824223975752
command_pitch,0.0001827482119772935,-0.003980145642379437,0.0004482684521230516,0.011061474902392718,-0.014884617026194216,-0.03713388704361047,0.0001827482119772935,-0.003980145642379437,0.0004482684521230516,-0.012174114545796703,0.012836629526148561,-0.03713388704361047
command_yaw,0.002586296161759213,-0.0016526491082823054,0.025079334025650275,0.07514004647018428,0.007726961709387215,-0.0031132138297007735,0.002586296161759213,-0.0016526491082823054,0.025079334025650275,-0.07750730928045853,-0.01215821929684607,-0.0031132138297007735
command_throttle,-0.06498069741910578,0.006155174657191339,-3.1585456536477206,0.48230678347647726,0.1065606836622522,-1.015258580795134,-0.06498069741910578,0.006155174657191339,-3.1585456536477206,-0.463684656969479,-0.09765621568316595,-1.015258580795134
