actuator_1,actuator_2,actuator_3,actuator_4
-4.704394218483051,-4.762779985390115,-4.7436195853735805,-4.826379454911692
