actuator_1,actuator_2,actuator_3,actuator_4
3.5963423936229244,4.423726249557121,-4.650847773020078,5.21632332747181
