actuator_1,actuator_2,actuator_3,actuator_4
-31.87130573077283,-32.68646684552309,-31.52967632702553,-32.5920819623407
