actuator_1,actuator_2,actuator_3,actuator_4
6.586116276253757,6.460440420360106,6.501370628589819,6.464604624409482
