actuator_1,actuator_2,actuator_3,actuator_4
-0.17225053866694554,-0.2185795029735376,-0.1867126084679595,-0.1997861277198592
