actuator_1,actuator_2,actuator_3,actuator_4
-19.47492572245697,-19.157184046016017,-22.75184039634336,-25.510683759344833
