actuator_1,actuator_2,actuator_3,actuator_4
-1.383199388344509,-1.3745655934150036,-1.3758806234130212,-1.3758871169068727
