{
  "x_schema": "commands_only",
  "y_schema": "future_state_horizon",
  "pooling_mode": "pooled",
  "model_name": "ols_affine",
  "feature_names": [
    "command_roll",
    "command_pitch",
    "command_yaw",
    "command_throttle"
  ],
  "response_names": [
    "roll__h1",
    "pitch__h1",
    "yaw__h1",
    "roll_rate__h1",
    "pitch_rate__h1",
    "yaw_rate__h1",
    "roll__h2",
    "pitch__h2",
    "yaw__h2",
    "roll_rate__h2",
    "pitch_rate__h2",
    "yaw_rate__h2"
  ],
  "schema_metadata": {
    "x_schema": "commands_only",
    "y_schema": "future_state_horizon",
    "feature_count": 4,
    "response_count": 12,
    "strict_raw_linear": true,
    "requested_feature_columns": [
      "command_roll",
      "command_pitch",
      "command_yaw",
      "command_throttle"
    ],
    "requested_response_columns": [
      "roll__h1",
      "pitch__h1",
      "yaw__h1",
      "roll_rate__h1",
      "pitch_rate__h1",
      "yaw_rate__h1",
      "roll__h2",
      "pitch__h2",
      "yaw__h2",
      "roll_rate__h2",
      "pitch_rate__h2",
      "yaw_rate__h2"
    ],
    "dropped_unavailable_features": [],
    "dropped_unavailable_responses": [],
    "partial_feature_columns": {},
    "partial_response_columns": {
      "roll__h1": 0.9972652689152234,
      "pitch__h1": 0.9972652689152234,
      "yaw__h1": 0.9972652689152234,
      "roll_rate__h1": 0.9972652689152234,
      "pitch_rate__h1": 0.9972652689152234,
      "yaw_rate__h1": 0.9972652689152234,
      "roll__h2": 0.9945305378304466,
      "pitch__h2": 0.9945305378304466,
      "yaw__h2": 0.9945305378304466,
      "roll_rate__h2": 0.9945305378304466,
      "pitch_rate__h2": 0.9945305378304466,
      "yaw_rate__h2": 0.9945305378304466
    },
    "dropped_response_leakage_features": [],
    "dropped_zero_variance_features": []
  },
  "repeat_metrics": [
    {
      "repeat_index": 1,
      "train": {
        "r2": 0.24762821065351281,
        "mse": 0.057249879396241654,
        "mae": 0.08225075193503041,
        "residual_mean_abs": 0.08225075193503041,
        "residual_std": 0.23926947025527862,
        "residual_max_abs": 2.223544407559655
      },
      "val": {
        "r2": -3.656718691122501,
        "mse": 0.00024876064046563343,
        "mae": 0.009783354823343055,
        "residual_mean_abs": 0.009783354823343055,
        "residual_std": 0.015237494589783216,
        "residual_max_abs": 0.10921632912766573
      },
      "test": {
        "r2": 0.0321803241149341,
        "mse": 0.11697698538770743,
        "mae": 0.15451084013443006,
        "residual_mean_abs": 0.15451084013443006,
        "residual_std": 0.342014970356878,
        "residual_max_abs": 2.2039492448612124
      },
      "condition_number": 344943.6960441331,
      "raw_condition_number": 344943.6960441331,
      "raw_singular_values": [
        65.82125320807943,
        37.941568574901616,
        0.00039689488575114833,
        0.00019081738255526218
      ],
      "effective_condition_number": 344943.6960441331,
      "singular_values": [
        65.82125320807943,
        37.941568574901616,
        0.00039689488575114833,
        0.00019081738255526218
      ],
      "effective_singular_values": [
        65.82125320807943,
        37.941568574901616,
        0.00039689488575114833,
        0.00019081738255526218
      ],
      "conditioning_pruned_features": [],
      "conditioning_baseline_drops": [],
      "conditioning_extra_pruned_features": []
    },
    {
      "repeat_index": 2,
      "train": {
        "r2": 0.24277016138560759,
        "mse": 0.05730233631999761,
        "mae": 0.08204364698336598,
        "residual_mean_abs": 0.08204364698336598,
        "residual_std": 0.23937906408037776,
        "residual_max_abs": 2.2181438381905916
      },
      "val": {
        "r2": -2.887196273756512,
        "mse": 0.00020765296313018274,
        "mae": 0.008888907434635074,
        "residual_mean_abs": 0.008888907434635074,
        "residual_std": 0.013870200657291798,
        "residual_max_abs": 0.1092979554313925
      },
      "test": {
        "r2": 0.03521654458776091,
        "mse": 0.1178305885249592,
        "mae": 0.15572107640449342,
        "residual_mean_abs": 0.15572107640449342,
        "residual_std": 0.3432529924898653,
        "residual_max_abs": 2.2238321216962054
      },
      "condition_number": 339943.2544334915,
      "raw_condition_number": 339943.2544334915,
      "raw_singular_values": [
        66.00476048857705,
        38.044337195702035,
        0.00038414511370196474,
        0.00019416405422891135
      ],
      "effective_condition_number": 339943.2544334915,
      "singular_values": [
        66.00476048857705,
        38.044337195702035,
        0.00038414511370196474,
        0.00019416405422891135
      ],
      "effective_singular_values": [
        66.00476048857705,
        38.044337195702035,
        0.00038414511370196474,
        0.00019416405422891135
      ],
      "conditioning_pruned_features": [],
      "conditioning_baseline_drops": [],
      "conditioning_extra_pruned_features": []
    }
  ],
  "split_records": [
    {
      "repeat_index": 1,
      "train_count": 1443,
      "val_count": 371,
      "test_count": 368
    },
    {
      "repeat_index": 2,
      "train_count": 1451,
      "val_count": 371,
      "test_count": 360
    }
  ],
  "median_test_r2": 0.033698434351347506,
  "median_test_mse": 0.11740378695633331,
  "median_test_mae": 0.15511595826946173,
  "coefficient_stability": 0.25,
  "nonzero_count": 38,
  "sparsity_ratio": 0.20833333333333337,
  "block_sparsity_summary": {
    "feature_blocks": {
      "commands": 4,
      "state": 0,
      "history": 0,
      "controller_params": 0
    }
  },
  "raw_condition_number": 342443.4752388123,
  "effective_condition_number": 342443.4752388123,
  "condition_number": 342443.4752388123,
  "raw_singular_values": [
    65.82125320807943,
    37.941568574901616,
    0.00039689488575114833,
    0.00019081738255526218
  ],
  "singular_values": [
    65.82125320807943,
    37.941568574901616,
    0.00039689488575114833,
    0.00019081738255526218
  ],
  "effective_singular_values": [
    65.82125320807943,
    37.941568574901616,
    0.00039689488575114833,
    0.00019081738255526218
  ],
  "conditioning_pruned_features": [],
  "conditioning_baseline_drops": [],
  "conditioning_extra_pruned_features": [],
  "selection_frequency": [
    [
      1.0,
      1.0,
      1.0,
      1.0,
      1.0,
      1.0,
      1.0,
      1.0,
      1.0,
      1.0,
      1.0,
      1.0
    ],
    [
      1.0,
      1.0,
      1.0,
      1.0,
      1.0,
      1.0,
      1.0,
      1.0,
      1.0,
      1.0,
      1.0,
      1.0
    ],
    [
      1.0,
      1.0,
      1.0,
      1.0,
      1.0,
      1.0,
      1.0,
      1.0,
      1.0,
      1.0,
      1.0,
      1.0
    ],
    [
      0.0,
      0.0,
      1.0,
      0.0,
      0.0,
      0.0,
      0.0,
      0.0,
      1.0,
      0.0,
      0.0,
      0.0
    ]
  ],
  "backend_consistency": {
    "px4": {
      "r2": 0.2448369738318219,
      "mse": 0.05756826979860392,
      "mae": 0.08169954057141711,
      "residual_mean_abs": 0.08169954057141711,
      "residual_std": 0.23993264574846157,
      "residual_max_abs": 2.2236882646279303
    }
  },
  "mode_consistency": {
    "OFFBOARD_ATTITUDE": {
      "r2": 0.03750438041619164,
      "mse": 0.1140184484668943,
      "mae": 0.15265112492666263,
      "residual_mean_abs": 0.15265112492666263,
      "residual_std": 0.3376597086768025,
      "residual_max_abs": 2.2236882646279303
    },
    "POSCTL": {
      "r2": -0.8744268873851879,
      "mse": 0.0002841088046508717,
      "mae": 0.00969973336327781,
      "residual_mean_abs": 0.00969973336327781,
      "residual_std": 0.01644985125025952,
      "residual_max_abs": 0.2110614824807376
    }
  },
  "top_influential": {
    "roll__h1": [
      {
        "feature": "command_yaw",
        "weight": 3236.320332738502,