feature,window_mean_roll,window_mean_pitch,window_mean_yaw,window_mean_roll_rate,window_mean_pitch_rate,window_mean_yaw_rate,window_peak_roll,window_peak_pitch,window_peak_yaw,window_peak_roll_rate,window_peak_pitch_rate,window_peak_yaw_rate
command_roll,0.0011400256852673457,0.001864344471849302,0.004038341327274852,0.07229681094235031,0.03837602241258599,-0.054995349205734664,0.0011400256852673457,0.001864344471849302,0.004038341327274852,-0.07081877490336515,-0.03565928346905051,-0.054995349205734664
command_pitch,-0.00019415660864863818,-0.009006124392716607,-0.002053472006064237,-0.02297516369636723,-0.0052234915534163364,-0.020897690459182765,-0.00019415660864863818,-0.009006124392716607,-0.002053472006064237,0.022533939295268226,0.004412243227497298,-0.020897690459182765
command_yaw,0.0004808579533496619,0.00020691295059988373,0.016531605326663933,-0.016230686852279474,-0.03445566137799015,-0.002991435583719167,0.0004808579533496619,0.00020691295059988373,0.016531605326663933,0.017397205863239094,0.03659584861738219,-0.002991435583719167
command_throttle,-0.0007351041029332883,-0.0006908185096290434,0.0024562572286470213,-0.010640575348213926,0.02278712033700938,-0.17374175815786277,-0.0007351041029332883,-0.0006908185096290434,0.0024562572286470213,0.005564910166851963,-0.032086144283641566,-0.17374175815786277
