feature,future_state_roll,future_state_pitch,future_state_yaw,future_state_roll_rate,future_state_pitch_rate,future_state_yaw_rate,future_state_position_x,future_state_position_y,future_state_position_z,future_state_velocity_x,future_state_velocity_y,future_state_velocity_z,future_state_altitude,future_state_vertical_speed,future_state_heading
command_roll,0.004064708706576518,0.004462315965466994,-0.012909653500454046,-0.01201616543915116,-0.07250571116841376,-0.00185200503962221,-897098.3194734006,3784036.122909168,1.4391264235292338,0.028502468294505603,0.1344695157688962,-0.1557386323600543,-1.4391264235292338,0.1557386323600543,-0.012909653500454046
command_pitch,0.0009932348681449671,-0.006979970818445345,0.002961025729586155,0.006335532105500852,-0.0378525517686312,-0.03748884219530395,-405094.60397532023,1708729.9058332182,1.3033320612374522,-0.013636875863743075,0.10020178760301786,-0.06804487925206618,-1.3033320612374522,0.06804487925206618,0.002961025729586155
command_yaw,0.001997470615437112,0.0009385564458146657,0.0030702645692993603,0.030952450869640206,-0.0028898608015675456,-0.010196847048325413,-451524.8198894253,1904570.7016884547,1.7447306966993343,-0.0053964592449697426,0.046358316332394386,0.5990433989710222,-1.7447306966993343,-0.5990433989710222,0.0030702645692993603
command_throttle,-0.00448359232727934,-0.009238750578062832,-0.0029203419058027626,0.0033284842837130856,-0.14823875729745212,-0.1605240829880672,481414.309205191,-2030648.6783110574,-0.06662976370507757,0.011467212443974105,-0.05651781701078579,0.22378720952655168,0.06662976370507757,-0.22378720952655168,-0.0029203419058027626
