actuator_1,actuator_2,actuator_3,actuator_4
0.2992045189600422,0.29246357377506665,0.2924918966182066,0.2924357324041341
