feature,actuator_1,actuator_2,actuator_3,actuator_4
command_roll,0.0,0.0,0.0,0.0
command_pitch,0.0,0.0,0.0,0.0
command_yaw,0.0,0.0,0.0,0.0
command_throttle,0.007774680596808725,-0.0016770142790919873,-0.001637298269705532,-0.0018293036744395934
