{
  "x_schema": "commands_only",
  "y_schema": "actuator_response",
  "pooling_mode": "stratified",
  "model_name": "lasso_affine",
  "feature_names": [
    "command_roll",
    "command_pitch",
    "command_yaw",
    "command_throttle"
  ],
  "response_names": [
    "actuator_1",
    "actuator_2",
    "actuator_3",
    "actuator_4"
  ],
  "schema_metadata": {
    "x_schema": "commands_only",
    "y_schema": "actuator_response",
    "feature_count": 4,
    "response_count": 4,
    "strict_raw_linear": true,
    "requested_feature_columns": [
      "command_roll",
      "command_pitch",
      "command_yaw",
      "command_throttle"
    ],
    "requested_response_columns": [
      "actuator_1",
      "actuator_2",
      "actuator_3",
      "actuator_4"
    ],
    "dropped_unavailable_features": [],
    "dropped_unavailable_responses": [],
    "partial_feature_columns": {},
    "partial_response_columns": {},
    "dropped_response_leakage_features": [],
    "dropped_zero_variance_features": []
  },
  "group_results": [
    {
      "group_key": [
        "GUIDED_NOGPS"
      ],
      "summary": {
        "model_name": "lasso_affine",
        "repeat_metrics": [
          {
            "repeat_index": 1,
            "train": {
              "r2": 0.07270616057496815,
              "mse": 2.1752631683769745e-07,
              "mae": 0.00043926612837452965,
              "residual_mean_abs": 0.00043926612837452965,
              "residual_std": 0.0004663971664125946,
              "residual_max_abs": 0.0007501697885877734
            },
            "val": {
              "r2": -0.3938601089512379,
              "mse": 1.5487334543902673e-07,
              "mae": 0.0003736898357732763,
              "residual_mean_abs": 0.0003736898357732763,
              "residual_std": 0.00036997370887277667,
              "residual_max_abs": 0.0006017400915755422
            },
            "test": {
              "r2": -0.15238040243543072,
              "mse": 1.9239683466919428e-07,
              "mae": 0.0004024984133235328,
              "residual_mean_abs": 0.0004024984133235328,
              "residual_std": 0.00042211219016883206,
              "residual_max_abs": 0.0007311361731124899
            },
            "condition_number": 1.4832394528784163,
            "raw_condition_number": 1.4832394528784163,
            "raw_singular_values": [
              49.07793125025262,
              41.60658113152648,
              40.46493333516705,
              33.08833995415279
            ],
            "effective_condition_number": 1.4832394528784163,
            "singular_values": [
              49.07793125025262,
              41.60658113152648,
              40.46493333516705,
              33.08833995415279
            ],
            "effective_singular_values": [
              49.07793125025262,
              41.60658113152648,
              40.46493333516705,
              33.08833995415279
            ],
            "conditioning_pruned_features": [],
            "conditioning_baseline_drops": [],
            "conditioning_extra_pruned_features": []
          },
          {
            "repeat_index": 2,
            "train": {
              "r2": 0.21981041063240914,
              "mse": 1.6379379121484168e-07,
              "mae": 0.00033626536508413207,
              "residual_mean_abs": 0.00033626536508413207,
              "residual_std": 0.00040471445639468043,
              "residual_max_abs": 0.0009667387032505914
            },
            "val": {
              "r2": -0.723762725838663,
              "mse": 1.916963196886241e-07,
              "mae": 0.0003639499682756852,
              "residual_mean_abs": 0.0003639499682756852,
              "residual_std": 0.00039236965693855466,
              "residual_max_abs": 0.0010528410486296824
            },
            "test": {
              "r2": -0.11268251224528436,
              "mse": 2.4758303395632967e-07,
              "mae": 0.0004198788108408935,
              "residual_mean_abs": 0.0004198788108408935,
              "residual_std": 0.0004944673690521539,
              "residual_max_abs": 0.0010521587642023933
            },
            "condition_number": 1.5272738164202975,
            "raw_condition_number": 1.5272738164202975,
            "raw_singular_values": [
              49.46969285877873,
              41.549821614716144,
              40.65949862300947,
              32.39084722523976
            ],
            "effective_condition_number": 1.5272738164202975,
            "singular_values": [
              49.46969285877873,
              41.549821614716144,
              40.65949862300947,
              32.39084722523976
            ],
            "effective_singular_values": [
              49.46969285877873,
              41.549821614716144,
              40.65949862300947,
              32.39084722523976
            ],
            "conditioning_pruned_features": [],
            "conditioning_baseline_drops": [],
            "conditioning_extra_pruned_features": []
          }
        ],
        "split_records": [
          {
            "repeat_index": 1,
            "train_count": 1718,
            "val_count": 573,
            "test_count": 573
          },
          {
            "repeat_index": 2,
            "train_count": 1719,
            "val_count": 572,
            "test_count": 573
          }
        ],
        "median_test_r2": -0.13253145734035754,
        "median_test_mse": 2.1998993431276196e-07,
        "median_test_mae": 0.00041118861208221314,
        "coefficient_stability": 1.0,
        "nonzero_count": 4,
        "sparsity_ratio": 0.75,
        "block_sparsity_summary": {
          "feature_blocks": {
            "commands": 4,
            "state": 0,
            "history": 0,
            "controller_params": 0
          }
        },
        "raw_condition_number": 1.5052566346493568,
        "effective_condition_number": 1.5052566346493568,
        "condition_number": 1.5052566346493568,
        "raw_singular_values": [
          49.07793125025262,
          41.60658113152648,
          40.46493333516705,
          33.08833995415279
        ],
        "singular_values": [
          49.07793125025262,
          41.60658113152648,
          40.46493333516705,
          33.08833995415279
        ],
        "effective_singular_values": [
          49.07793125025262,
          41.60658113152648,
          40.46493333516705,
          33.08833995415279
        ],
        "conditioning_pruned_features": [],
        "conditioning_baseline_drops": [],
        "conditioning_extra_pruned_features": [],
        "selection_frequency": [
          [
            0.3333333333333333,
            0.0,
            0.0,
            0.0
          ],
          [
            0.16666666666666666,
            0.0,
            0.16666666666666666,
            0.0
          ],
          [
            0.0,
            0.0,
            0.16666666666666666,
            0.5
          ],
          [
            1.0,
            1.0,
            1.0,
            0.5
          ]
        ],
        "backend_consistency": {
          "ardupilot": {
            "r2": 0.11324378858338091,
            "mse": 1.872313275118124e-07,
            "mae": 0.00038850041816678615,
            "residual_mean_abs": 0.00038850041816678615,
            "residual_std": 0.0004309239240897885,
            "residual_max_abs": 0.0008820570979883868,
            "sample_count": 2864.0
          }
        },
        "mode_consistency": {
          "GUIDED_NOGPS": {
            "r2": 0.11324378858338091,
            "mse": 1.872313275118124e-07,
            "mae": 0.00038850041816678615,
            "residual_mean_abs": 0.00038850041816678615,
            "residual_std": 0.0004309239240897885,
            "residual_max_abs": 0.0008820570979883868,
            "sample_count": 2864.0
          }
        },
        "scenario_consistency": 0.0,