actuator_1,actuator_2,actuator_3,actuator_4
-6.191584232372686,-6.208748789625577,-6.1333867138947475,-6.198833384410056
