actuator_1,actuator_2,actuator_3,actuator_4
6.6419011588184755,4.213608667815654,1.6471191810171113,-2.072598423104467
