actuator_1,actuator_2,actuator_3,actuator_4
-6.092271664758492,-6.081455022922196,-8.092194685607698,-7.8623966727777175
