actuator_1,actuator_2,actuator_3,actuator_4
4.159233504353724,1.909767374068787,0.6960707431409252,-1.4668671942754914
