future_state_roll,future_state_pitch,future_state_yaw,future_state_roll_rate,future_state_pitch_rate,future_state_yaw_rate
9.26342336171615e-15,-1.2437967322753707e-15,1.4495071809506044e-12,1.8748613772601175e-12,-2.5826563110342704e-14,-1.3552492461599286e-12
