feature,future_state_roll,future_state_pitch,future_state_yaw,future_state_roll_rate,future_state_pitch_rate,future_state_yaw_rate,future_state_position_x,future_state_position_y,future_state_position_z,future_state_velocity_x,future_state_velocity_y,future_state_velocity_z,future_state_altitude,future_state_vertical_speed,future_state_heading
command_roll,-0.004459636820168207,0.0021844080769092677,-0.0063320642731998595,0.04750303866197167,1.1160364281278883e-05,-0.05855231521285813,-463116.1876486623,1953462.9584816745,0.8832465568655969,0.027981624748626678,0.06903259763351288,0.010481241609236535,-0.8832465568655969,-0.010481241609236535,-0.0063320642731998595
command_pitch,0.0012175948133776441,-0.006369214775876509,-0.0025887931967953507,-0.0020078666917002826,0.003689978011720136,-0.011804535560603478,-564074.1425204645,2379317.3471527137,1.1459407819598861,-0.12386905620102745,0.07333092846591485,0.04725346445639499,-1.1459407819598861,-0.04725346445639499,-0.0025887931967953507
command_yaw,0.006745956189271609,-0.00039173854578357614,0.027067869947367772,0.012298810300841168,-0.060819077850609964,0.028724276193274997,-582478.1936716556,2456943.2515588077,5.1482158629665715,-0.004833176502441479,0.08514100401904313,0.6795069278285035,-5.1482158629665715,-0.6795069278285035,0.027067869947367772
command_throttle,-0.0661722195852062,0.007418005223848653,-3.1615972001814185,0.4493050574896239,0.11348666452150077,-1.0031483259132394,3147.008567059993,-13273.832093352257,1.8687793419523697,-0.007976317497102337,0.055986288646275084,0.5292503681114273,-1.8687793419523697,-0.5292503681114273,-3.1615972001814185
