actuator_1,actuator_2,actuator_3,actuator_4
651.5126047944547,650.1774991401771,652.73456018639,651.0270359048935
