future_state_roll,future_state_pitch,future_state_yaw,future_state_roll_rate,future_state_pitch_rate,future_state_yaw_rate,future_state_position_x,future_state_position_y,future_state_position_z,future_state_velocity_x,future_state_velocity_y,future_state_velocity_z,future_state_altitude,future_state_vertical_speed,future_state_heading
-0.013264915630477214,0.012363022329010329,13.750717531980559,-0.05777085718837235,-0.02277751337114938,1.935770464193112,2.1663114113226345,-10.062468280035409,4.591469148855735,0.4620682670977041,-3.168841356446048,-1.6716273308972815,-4.591469148855735,1.6716273308972815,13.745994220278767
