feature,future_state_roll,future_state_pitch,future_state_yaw,future_state_roll_rate,future_state_pitch_rate,future_state_yaw_rate,future_state_position_x,future_state_position_y,future_state_position_z,future_state_velocity_x,future_state_velocity_y,future_state_velocity_z,future_state_altitude,future_state_vertical_speed,future_state_heading
command_roll,0.4423929449571834,0.04958413553580194,-0.8102166657230515,-0.06250557654007698,0.009199020156407212,-0.19067554224403874,0.37212407299909306,-1.3061124857242428,-1.3407393380809638,-0.7978745424289445,-0.541889404647479,0.47239785540527773,1.3407393380809638,-0.47239785540527773,-0.809462672518189
command_pitch,-0.04021321243239879,0.3946690598524766,-2.2583371992954047,0.019899868596548378,-0.018477158832991523,0.015369644426535009,1.0601821312506579,-1.3761663057708362,-1.724296937300441,0.28047358509075293,-1.1243416988145134,0.21537552315183986,1.724296937300441,-0.21537552315183986,-2.2539991599030813
command_yaw,0.22267012550107124,-0.024323814538684686,-0.4692829413624097,0.10167493445130751,-0.05773358503284563,2.256387602536329,0.9525809836235515,-8.761649918412038,-0.564206602362362,-1.691027536828662,2.433214955315222,0.4764428142396503,0.564206602362362,-0.4764428142396503,-0.4645075793663172
command_throttle,-0.0021394505607627984,0.04117905810425247,17.804794575340676,-0.07127701897343715,-0.01739261517440138,2.8188175563363216,2.8124763138307096,-12.793494144399107,3.244237743712924,0.5399515651459691,-4.609064073517692,-1.27649469153364,-3.244237743712924,1.27649469153364,17.797858380104685
