actuator_1,actuator_2,actuator_3,actuator_4
0.2846983359135815,0.2844674910758818,0.284494531662319,0.28462756436260916
