feature,actuator_1,actuator_2,actuator_3,actuator_4
command_roll,1.2186250059869738e-05,7.110381655326233e-05,6.226903079529929e-05,7.868956769332699e-05
command_pitch,0.0012228516153605681,0.0009578511345798384,0.0009766340843742434,0.0008958782134605287
command_yaw,0.0022449105129289464,0.0020130037352481716,0.002030726392066631,0.0019403833148628554
command_throttle,-0.4303787803775698,-0.4300398404490664,-0.4300762160286806,-0.43028946330705875
