{
  "x_schema": "commands_only",
  "y_schema": "actuator_response",
  "pooling_mode": "pooled",
  "model_name": "ridge_affine",
  "feature_names": [
    "command_roll",
    "command_pitch",
    "command_yaw",
    "command_throttle"
  ],
  "response_names": [
    "actuator_1",
    "actuator_2",
    "actuator_3",
    "actuator_4"
  ],
  "schema_metadata": {
    "x_schema": "commands_only",
    "y_schema": "actuator_response",
    "feature_count": 4,
    "response_count": 4,
    "strict_raw_linear": true,
    "requested_feature_columns": [
      "command_roll",
      "command_pitch",
      "command_yaw",
      "command_throttle"
    ],
    "requested_response_columns": [
      "actuator_1",
      "actuator_2",
      "actuator_3",
      "actuator_4"
    ],
    "dropped_unavailable_features": [],
    "dropped_unavailable_responses": [],
    "partial_feature_columns": {},
    "partial_response_columns": {},
    "dropped_response_leakage_features": [],
    "dropped_zero_variance_features": []
  },
  "repeat_metrics": [
    {
      "repeat_index": 1,
      "train": {
        "r2": 0.9992687579223503,
        "mse": 5.988407099597809e-05,
        "mae": 0.0067312817280154045,
        "residual_mean_abs": 0.0067312817280154045,
        "residual_std": 0.007738479889227476,
        "residual_max_abs": 0.018330149633917214
      },
      "val": {
        "r2": 0.9992428128196397,
        "mse": 5.812902650275066e-05,
        "mae": 0.00614219892881504,
        "residual_mean_abs": 0.00614219892881504,
        "residual_std": 0.006914740449055974,
        "residual_max_abs": 0.018329079099151324
      },
      "test": {
        "r2": 0.9980691765020655,
        "mse": 0.00014751116654120397,
        "mae": 0.011065995988421022,
        "residual_mean_abs": 0.011065995988421022,
        "residual_std": 0.010279533393298675,
        "residual_max_abs": 0.01839521988067
      },
      "condition_number": 1.4908547169707205,
      "raw_condition_number": 1.4908547169707205,
      "raw_singular_values": [
        69.01692070636842,
        58.83036074207566,
        58.03932130285945,
        46.29352539904388
      ],
      "effective_condition_number": 1.4908547169707205,
      "singular_values": [
        69.01692070636842,
        58.83036074207566,
        58.03932130285945,
        46.29352539904388
      ],
      "effective_singular_values": [
        69.01692070636842,
        58.83036074207566,
        58.03932130285945,
        46.29352539904388
      ],
      "conditioning_pruned_features": [],
      "conditioning_baseline_drops": [],
      "conditioning_extra_pruned_features": []
    },
    {
      "repeat_index": 2,
      "train": {
        "r2": 0.9991644231037622,
        "mse": 7.119026098177409e-05,
        "mae": 0.007904174386316881,
        "residual_mean_abs": 0.007904174386316881,
        "residual_std": 0.008437432131980328,
        "residual_max_abs": 0.01679274110234108
      },
      "val": {
        "r2": 0.9991842335593566,
        "mse": 6.257210712085878e-05,
        "mae": 0.007527297561271576,
        "residual_mean_abs": 0.007527297561271576,
        "residual_std": 0.005345626894248074,
        "residual_max_abs": 0.016744091214881518
      },
      "test": {
        "r2": 0.9990443289229292,
        "mse": 8.243438177668363e-05,
        "mae": 0.008578699647139105,
        "residual_mean_abs": 0.008578699647139105,
        "residual_std": 0.008791607722682091,
        "residual_max_abs": 0.016520644807609175
      },
      "condition_number": 1.5295228719104597,
      "raw_condition_number": 1.5295228719104597,
      "raw_singular_values": [
        69.47403992154592,
        58.580264615481276,
        58.1596870700793,
        45.42203401951679
      ],
      "effective_condition_number": 1.5295228719104597,
      "singular_values": [
        69.47403992154592,
        58.580264615481276,
        58.1596870700793,
        45.42203401951679
      ],
      "effective_singular_values": [
        69.47403992154592,
        58.580264615481276,
        58.1596870700793,
        45.42203401951679
      ],
      "conditioning_pruned_features": [],
      "conditioning_baseline_drops": [],
      "conditioning_extra_pruned_features": []
    }
  ],
  "split_records": [
    {
      "repeat_index": 1,
      "train_count": 3434,
      "val_count": 1137,
      "test_count": 1142
    },
    {
      "repeat_index": 2,
      "train_count": 3426,
      "val_count": 1143,
      "test_count": 1144
    }
  ],
  "median_test_r2": 0.9985567527124973,
  "median_test_mse": 0.0001149727741589438,
  "median_test_mae": 0.009822347817780065,
  "coefficient_stability": 1.0,
  "nonzero_count": 4,
  "sparsity_ratio": 0.75,
  "block_sparsity_summary": {
    "feature_blocks": {
      "commands": 4,
      "state": 0,
      "history": 0,
      "controller_params": 0
    }
  },
  "raw_condition_number": 1.51018879444059,
  "effective_condition_number": 1.51018879444059,
  "condition_number": 1.51018879444059,
  "raw_singular_values": [
    69.01692070636842,
    58.83036074207566,
    58.03932130285945,
    46.29352539904388
  ],
  "singular_values": [
    69.01692070636842,
    58.83036074207566,
    58.03932130285945,
    46.29352539904388
  ],
  "effective_singular_values": [
    69.01692070636842,
    58.83036074207566,
    58.03932130285945,
    46.29352539904388
  ],
  "conditioning_pruned_features": [],
  "conditioning_baseline_drops": [],
  "conditioning_extra_pruned_features": [],
  "selection_frequency": [
    [
      0.0,
      0.0,
      0.0,
      0.0
    ],
    [
      0.0,
      0.0,
      0.0,
      0.0
    ],
    [
      0.0,
      0.0,
      0.0,
      0.0
    ],
    [
      1.0,
      1.0,
      1.0,
      1.0
    ]
  ],
  "backend_consistency": {
    "ardupilot": {
      "r2": 0.9991650735596339,
      "mse": 7.199996091107898e-05,
      "mae": 0.0077160761266385925,
      "residual_mean_abs": 0.0077160761266385925,
      "residual_std": 0.008463332499846933,
      "residual_max_abs": 0.01637857662254205,
      "sample_count": 5713.0
    }
  },
  "mode_consistency": {
    "GUIDED_NOGPS": {
      "r2": -360.67886370635955,
      "mse": 6.897218274390947e-05,
      "mae": 0.0077488287054073126,
      "residual_mean_abs": 0.0077488287054073126,
      "residual_std": 0.008302650945851704,
      "residual_max_abs": 0.01637857662254205,
      "sample_count": 2860.0
    },
    "STABILIZE": {
      "r2": NaN,
      "mse": 7.50351679065591e-05,
      "mae": 0.007683243187529396,
      "residual_mean_abs": 0.007683243187529396,
      "residual_std": 0.008601376443781653,
      "residual_max_abs": 0.01620883469710488,
      "sample_count": 2853.0
    }
  },
  "scenario_consistency": 0.9985862354636623,
  "scenario_subgroup_metrics": {
    "dynamic": {
      "r2": 0.9996110114544114,
      "mse": 3.354820999069875e-05,
      "mae": 0.005541485731090654,
      "residual_mean_abs": 0.005541485731090654,
      "residual_std": 0.00577040481081087,
      "residual_max_abs": 0.012271251271684824,
      "sample_count": 1904.0
    },
    "nominal": {
      "r2": 0.9996459661223941,
      "mse": 3.0528393143201584e-05,
      "mae": 0.0053904805077278845,
      "residual_mean_abs": 0.0053904805077278845,
      "residual_std": 0.005504731312683535,
      "residual_max_abs": 0.010414928007698276,
      "sample_count": 1912.0
    },
    "throttle_biased": {
      "r2": 0.9982327021065972,
      "mse": 0.00015239309286921578,
      "mae": 0.012242675460576677,
      "residual_mean_abs": 0.012242675460576677,
      "residual_std": 0.012315132522941917,
      "residual_max_abs": 0.01637857662254205,
      "sample_count": 1897.0
    }
  },
  "top_influential": {
    "actuator_1": [
      {
        "feature": "command_throttle",
        "weight": -0.4303787803775698,
        "selection_frequency": 1.0
      },
      {
        "feature": "command_yaw",
        "weight": 0.0022449105129289464,
        "selection_frequency": 0.0
      },
      {
        "feature": "command_pitch",