feature,delta_state_roll,delta_state_pitch,delta_state_yaw,delta_state_roll_rate,delta_state_pitch_rate,delta_state_yaw_rate,delta_state_position_x,delta_state_position_y,delta_state_position_z,delta_state_velocity_x,delta_state_velocity_y,delta_state_velocity_z,delta_state_altitude,delta_state_vertical_speed,delta_state_heading
command_roll,0.09731207807596351,-0.04190005481703749,-0.039314691988414585,-0.00244076198037966,0.011446319299356479,-0.12099623921449545,-0.06004144629628734,-0.014458952820964571,0.051413637487219555,-0.06392067197023382,0.21352568685707946,0.0030386729502323516,-0.051413637487219555,-0.0030386729502323516,-0.039800892819131004
command_pitch,0.028147087168792738,0.08085567154846644,-0.07728130582775343,0.009353326331524041,-0.012153891469480455,0.04414183861447073,0.04472104292381199,-0.10102423279620615,-0.00822109734520229,-0.20517861877911203,-0.04032637263000544,0.04548775394416137,0.00822109734520229,-0.04548775394416137,-0.07839856176149516
command_yaw,-0.16462137676892435,0.010358040360689777,-0.08970681198133391,-0.010139966857900942,-0.03565387390600105,0.38261729556832236,-0.07137489114572673,0.14148366500942477,-0.004134142226425202,0.0340299805212321,0.23104624371975127,-0.010997347386315335,0.004134142226425202,0.010997347386315335,-0.09144215531491554
command_throttle,-0.00027901346275896786,0.00012810885208561736,0.01254658062816336,-0.0004315071394565479,-0.000301870120722622,0.005950716347467055,0.0032284948521669747,-0.019166326314275048,7.95880084415224e-05,-2.292425613794341e-05,-0.0028798181947182295,0.0004277344342331217,-7.95880084415224e-05,-0.0004277344342331217,0.012548377827614983
