future_state_roll,future_state_pitch,future_state_yaw,future_state_roll_rate,future_state_pitch_rate,future_state_yaw_rate,future_state_position_x,future_state_position_y,future_state_position_z,future_state_velocity_x,future_state_velocity_y,future_state_velocity_z,future_state_altitude,future_state_vertical_speed,future_state_heading
2.5850341705520217,0.037232263738068434,128.36368318953305,0.11152058433639939,0.03235615034090617,0.06865654468322167,-7130144902.4967575,30074088819.45547,-2.5303488928624382,23.58668027495224,114.22847898732208,-118.49353518609843,2.5303488928624382,118.49353518609843,128.36368318953305
