actuator_1,actuator_2,actuator_3,actuator_4
0.5659312704253691,0.5457904557232056,0.5601800855963177,0.5507657344929636
