actuator_1,actuator_2,actuator_3,actuator_4
-1.1468421933333062,-1.0440690639026746,-0.8951445657875612,-0.9144733865121631
