feature,roll__h1,pitch__h1,yaw__h1,roll_rate__h1,pitch_rate__h1,yaw_rate__h1,roll__h2,pitch__h2,yaw__h2,roll_rate__h2,pitch_rate__h2,yaw_rate__h2
command_roll,0.15720245198237173,-0.004676980468559904,-0.3813830017700922,0.01328534307582021,-0.0006462343779060405,0.055320697585802735,0.19767878707951447,-0.005175847682793692,-0.3795969975293321,0.012511952791872718,-0.0005887681524306011,0.05585623766255414
command_pitch,0.00033174189858945695,0.3518592283215485,-1.1691682302385087,0.019353699957092026,0.02325152081131289,-0.013797024659765011,0.0020637599572016965,0.3826587068331207,-1.1581475896876987,0.023492136971250167,0.023353119741723005,-0.01002187376454566
command_yaw,0.0022963685226396837,-0.000859348193390339,-0.9700885545934057,0.033809266994031195,0.011474519593417939,-0.10046926413719764,0.00372362362620868,-0.0008728981969737035,-0.9522844789949964,0.03462481256049524,0.009424197066978127,-0.0966460831070666
command_throttle,2.0461005037886388e-05,-0.0025222765873846244,0.8663002655347827,-0.0010700774303116893,-0.001194114037988108,0.11104759123116394,-6.228682993632837e-06,-0.002485413125446071,0.8724237403419355,-0.00102837897735654,-0.0010091686895086919,0.11423483222991651
