{
  "x_schema": "commands_only",
  "y_schema": "future_state_horizon",
  "pooling_mode": "pooled",
  "model_name": "lasso_affine",
  "feature_names": [
    "command_roll",
    "command_pitch",
    "command_yaw",
    "command_throttle"
  ],
  "response_names": [
    "roll__h1",
    "pitch__h1",
    "yaw__h1",
    "roll_rate__h1",
    "pitch_rate__h1",
    "yaw_rate__h1",
    "roll__h2",
    "pitch__h2",
    "yaw__h2",
    "roll_rate__h2",
    "pitch_rate__h2",
    "yaw_rate__h2"
  ],
  "schema_metadata": {
    "x_schema": "commands_only",
    "y_schema": "future_state_horizon",
    "feature_count": 4,
    "response_count": 12,
    "strict_raw_linear": true,
    "requested_feature_columns": [
      "command_roll",
      "command_pitch",
      "command_yaw",
      "command_throttle"
    ],
    "requested_response_columns": [
      "roll__h1",
      "pitch__h1",
      "yaw__h1",
      "roll_rate__h1",
      "pitch_rate__h1",
      "yaw_rate__h1",
      "roll__h2",
      "pitch__h2",
      "yaw__h2",
      "roll_rate__h2",
      "pitch_rate__h2",
      "yaw_rate__h2"
    ],
    "dropped_unavailable_features": [],
    "dropped_unavailable_responses": [],
    "partial_feature_columns": {},
    "partial_response_columns": {
      "roll__h1": 0.9974390439097263,
      "pitch__h1": 0.9974390439097263,
      "yaw__h1": 0.9974390439097263,
      "roll_rate__h1": 0.9974390439097263,
      "pitch_rate__h1": 0.9974390439097263,
      "yaw_rate__h1": 0.9974390439097263,
      "roll__h2": 0.9948780878194526,
      "pitch__h2": 0.9948780878194526,
      "yaw__h2": 0.9948780878194526,
      "roll_rate__h2": 0.9948780878194526,
      "pitch_rate__h2": 0.9948780878194526,
      "yaw_rate__h2": 0.9948780878194526
    },
    "dropped_response_leakage_features": [],
    "dropped_zero_variance_features": []
  },
  "repeat_metrics": [
    {
      "repeat_index": 1,
      "train": {
        "r2": 0.21922510088488534,
        "mse": 0.06009509490034999,
        "mae": 0.08474330021563525,
        "residual_mean_abs": 0.08474330021563525,
        "residual_std": 0.24514300907908837,
        "residual_max_abs": 2.2543309365610726
      },
      "val": {
        "r2": 0.19180763253501032,
        "mse": 0.05300707344810583,
        "mae": 0.07817204673699577,
        "residual_mean_abs": 0.07817204673699577,
        "residual_std": 0.2301964880898113,
        "residual_max_abs": 2.2274487385968578
      },
      "test": {
        "r2": 0.2551698796927362,
        "mse": 0.0425570749897245,
        "mae": 0.06558944265608417,
        "residual_mean_abs": 0.06558944265608417,
        "residual_std": 0.20628844128660134,
        "residual_max_abs": 2.238554917613275
      },
      "condition_number": 1.0344355648714072,
      "raw_condition_number": 1.0344355648714072,
      "raw_singular_values": [
        107.74174252029438,
        106.07695115620976,
        105.93918976799208,
        104.1551027237622
      ],
      "effective_condition_number": 1.0344355648714072,
      "singular_values": [
        107.74174252029438,
        106.07695115620976,
        105.93918976799208,
        104.1551027237622
      ],
      "effective_singular_values": [
        107.74174252029438,
        106.07695115620976,
        105.93918976799208,
        104.1551027237622
      ],
      "conditioning_pruned_features": [],
      "conditioning_baseline_drops": [],
      "conditioning_extra_pruned_features": []
    },
    {
      "repeat_index": 2,
      "train": {
        "r2": 0.256002379259755,
        "mse": 0.045301292836821945,
        "mae": 0.06544110963446992,
        "residual_mean_abs": 0.06544110963446992,
        "residual_std": 0.21284100365489245,
        "residual_max_abs": 2.251852602666528
      },
      "val": {
        "r2": 0.23741572541012312,
        "mse": 0.04948932226483149,
        "mae": 0.07174808267027537,
        "residual_mean_abs": 0.07174808267027537,
        "residual_std": 0.2224457065228245,
        "residual_max_abs": 2.2249774015100807
      },
      "test": {
        "r2": 0.12633944240250194,
        "mse": 0.08610510715855314,
        "mae": 0.11687643346673193,
        "residual_mean_abs": 0.11687643346673193,
        "residual_std": 0.29343353917511356,
        "residual_max_abs": 2.229055310044009
      },
      "condition_number": 1.0393196970002343,
      "raw_condition_number": 1.0393196970002343,
      "raw_singular_values": [
        108.01315690396432,
        106.01037795774717,
        105.87814042079856,
        103.92678712403925
      ],
      "effective_condition_number": 1.0393196970002343,
      "singular_values": [
        108.01315690396432,
        106.01037795774717,
        105.87814042079856,
        103.92678712403925
      ],
      "effective_singular_values": [
        108.01315690396432,
        106.01037795774717,
        105.87814042079856,
        103.92678712403925
      ],
      "conditioning_pruned_features": [],
      "conditioning_baseline_drops": [],
      "conditioning_extra_pruned_features": []
    }
  ],
  "split_records": [
    {
      "repeat_index": 1,
      "train_count": 11233,
      "val_count": 3528,
      "test_count": 3886
    },
    {
      "repeat_index": 2,
      "train_count": 11229,
      "val_count": 3540,
      "test_count": 3878
    }
  ],
  "median_test_r2": 0.19075466104761907,
  "median_test_mse": 0.06433109107413881,
  "median_test_mae": 0.09123293806140806,
  "coefficient_stability": 0.875,
  "nonzero_count": 48,
  "sparsity_ratio": 0.0,
  "block_sparsity_summary": {
    "feature_blocks": {
      "commands": 4,
      "state": 0,
      "history": 0,
      "controller_params": 0
    }
  },
  "raw_condition_number": 1.0368776309358207,
  "effective_condition_number": 1.0368776309358207,
  "condition_number": 1.0368776309358207,
  "raw_singular_values": [
    107.74174252029438,
    106.07695115620976,
    105.93918976799208,
    104.1551027237622
  ],
  "singular_values": [
    107.74174252029438,
    106.07695115620976,
    105.93918976799208,
    104.1551027237622
  ],
  "effective_singular_values": [
    107.74174252029438,
    106.07695115620976,
    105.93918976799208,
    104.1551027237622
  ],
  "conditioning_pruned_features": [],
  "conditioning_baseline_drops": [],
  "conditioning_extra_pruned_features": [],
  "selection_frequency": [
    [
      1.0,
      1.0,
      1.0,
      1.0,
      1.0,
      1.0,
      1.0,
      1.0,
      1.0,
      1.0,
      1.0,
      1.0
    ],
    [
      1.0,
      1.0,
      1.0,
      1.0,
      1.0,
      1.0,
      1.0,
      1.0,
      1.0,
      1.0,
      1.0,
      1.0
    ],
    [
      1.0,
      1.0,
      1.0,
      1.0,
      1.0,
      1.0,
      1.0,
      1.0,
      1.0,
      1.0,
      1.0,
      1.0
    ],
    [
      1.0,
      1.0,
      1.0,
      1.0,
      1.0,
      1.0,
      1.0,
      1.0,
      1.0,
      1.0,
      1.0,
      1.0
    ]
  ],
  "backend_consistency": {
    "px4": {
      "r2": 0.2285558823895385,
      "mse": 0.05470057200463598,
      "mae": 0.07831769262327302,
      "residual_mean_abs": 0.07831769262327302,
      "residual_std": 0.23388149120327287,
      "residual_max_abs": 2.2530917696138006,
      "sample_count": 18647.0
    }
  },
  "mode_consistency": {
    "OFFBOARD_ATTITUDE": {
      "r2": 0.03559258355912487,
      "mse": 0.11078552949174489,
      "mae": 0.147504305906629,
      "residual_mean_abs": 0.147504305906629,
      "residual_std": 0.33283545082430377,
      "residual_max_abs": 2.2530917696138006,
      "sample_count": 9111.0
    },
    "POSCTL": {
      "r2": -2.9447445297056807,
      "mse": 0.0011152062679487221,
      "mae": 0.012214585070351848,
      "residual_mean_abs": 0.012214585070351848,
      "residual_std": 0.03329056113337513,
      "residual_max_abs": 0.5791550601507963,
      "sample_count": 9536.0
    }
  },
  "scenario_consistency": 0.9264349616396181,
  "scenario_subgroup_metrics": {
    "dynamic": {
      "r2": 0.22031702628108685,
      "mse": 0.05447176671195212,