actuator_1,actuator_2,actuator_3,actuator_4
0.26937758308095683,0.3644942067616044,0.4829953606597741,0.44536052773923984
