feature,delta_state_roll,delta_state_pitch,delta_state_yaw,delta_state_roll_rate,delta_state_pitch_rate,delta_state_yaw_rate,delta_state_position_x,delta_state_position_y,delta_state_position_z,delta_state_velocity_x,delta_state_velocity_y,delta_state_velocity_z,delta_state_altitude,delta_state_vertical_speed,delta_state_heading
command_roll,0.0,0.0,0.0,0.0,0.0,0.0,-211630.90178460995,892677.0984813704,0.002940214161005022,-0.006952365892448663,0.12692537466730647,-0.033850892507911436,-0.002940214161005022,0.033850892507911436,0.0
command_pitch,0.0,0.0,0.0,0.0,0.0,0.0,-2284.922102445271,9638.245528850588,0.0049945615161395155,-0.1938039352949305,-0.010292563538102893,-0.06390387489966173,-0.0049945615161395155,0.06390387489966173,0.0
command_yaw,0.0,0.0,0.0,0.0,0.0,0.0,-200355.59591342247,845116.9227569267,0.06996504769523115,-0.0004928730970956342,0.002738396327992467,-0.11731014830122075,-0.06996504769523115,0.11731014830122075,0.0
command_throttle,0.0,0.0,0.0,0.0,0.0,0.0,765.515913946371,-3228.990851326283,0.054793593328508534,-0.0010394139392694342,0.000888589181216035,0.008264395701459745,-0.054793593328508534,-0.008264395701459745,0.0
