actuator_1,actuator_2,actuator_3,actuator_4
0.5997679736354047,0.5778524998300125,0.5736388150283648,0.5639418492893029
