feature,future_state_roll,future_state_pitch,future_state_yaw,future_state_roll_rate,future_state_pitch_rate,future_state_yaw_rate,future_state_position_x,future_state_position_y,future_state_position_z,future_state_velocity_x,future_state_velocity_y,future_state_velocity_z,future_state_altitude,future_state_vertical_speed,future_state_heading
command_roll,0.31508609401159043,0.02909674815189922,-1.8229112920449033,-0.015426074261268198,0.017232685807740337,-0.14955321026010948,0.010816690714868054,0.21574484846380293,-2.124850673353045,-0.6224445707696253,-0.0326012811229522,0.5586033474165597,2.124850673353045,-0.5586033474165597,-1.8221284045438375
command_pitch,-0.040546720073998926,0.2791731086479936,-0.30783176069050644,0.004385439231230227,-0.01954407469088547,0.21807128787855,0.9517403022942208,-1.9611952677861315,-0.6227074353655937,0.25557548236253347,-1.12898298523977,-0.06264026852949679,0.6227074353655937,0.06264026852949679,-0.3060471279693502
command_yaw,0.128103838923243,-0.003912104380017568,2.024283302101832,0.06480360026082667,-0.01645607382791135,1.10500878970147,1.07465358196095,-7.872975112675736,1.7250669883185994,-0.930461536518735,0.9309328145621444,-0.1294715429641602,-1.7250669883185994,0.1294715429641602,2.026169784274784
command_throttle,-0.003928273602315784,0.0010917905963359425,0.900974588687287,-0.0034981275087458625,-0.0012000864049657226,0.12874529632610895,0.2620122445047469,-0.7004771229010323,-0.22051426464749463,0.029623084963552978,-0.21993477205536394,-0.015133653485615293,0.22051426464749463,0.015133653485615293,0.900570835082548
