actuator_1,actuator_2,actuator_3,actuator_4
-1.4765694092765096,-1.4806501260152607,-1.5253042393545404,-1.515076794253706
