feature,roll__h1,pitch__h1,yaw__h1,roll_rate__h1,pitch_rate__h1,yaw_rate__h1,roll__h2,pitch__h2,yaw__h2,roll_rate__h2,pitch_rate__h2,yaw_rate__h2
command_roll,0.3925090228233734,0.001239934317813048,-1.1555109859227373,0.008378148910610256,-0.016403963026219107,-0.017730769786611547,0.3956310598141537,0.001138559308897977,-1.1483391057011323,0.007596040890972241,-0.014089689231605437,-0.04965182703922495
command_pitch,-0.0005803926947059285,0.3572353866924129,-1.2130194999902406,-0.006169358913818266,-0.02044879313588265,0.09941266145749034,-0.0011594176438781574,0.36291007438031386,-1.2057855878569013,-0.0073570105885543465,-0.02138077238319028,0.10251755512620783
command_yaw,0.007184563017720193,0.008578385734459095,-0.48574609262704854,-0.022773926929215295,0.004684428750987765,-0.06756347651268794,0.007399440191252783,0.008656023953338665,-0.4625353736001512,-0.01733667825104013,0.005217686351555114,-0.08617220788744809
command_throttle,-0.0034183439819360805,-0.0017696684408150217,0.9567121414566996,-0.0016002260573483593,-0.00041651844860034616,0.11163349327872536,-0.0034407374930475274,-0.0017582025412264516,0.9631337015625566,-0.0015459666938032795,-0.00042774168457034825,0.1144944133766686
