{
  "x_schema": "commands_only",
  "y_schema": "future_state_horizon",
  "pooling_mode": "pooled",
  "model_name": "lasso_affine",
  "feature_names": [
    "command_roll",
    "command_pitch",
    "command_yaw",
    "command_throttle"
  ],
  "response_names": [
    "roll__h1",
    "pitch__h1",
    "yaw__h1",
    "roll_rate__h1",
    "pitch_rate__h1",
    "yaw_rate__h1",
    "roll__h2",
    "pitch__h2",
    "yaw__h2",
    "roll_rate__h2",
    "pitch_rate__h2",
    "yaw_rate__h2"
  ],
  "schema_metadata": {
    "x_schema": "commands_only",
    "y_schema": "future_state_horizon",
    "feature_count": 4,
    "response_count": 12,
    "strict_raw_linear": true,
    "requested_feature_columns": [
      "command_roll",
      "command_pitch",
      "command_yaw",
      "command_throttle"
    ],
    "requested_response_columns": [
      "roll__h1",
      "pitch__h1",
      "yaw__h1",
      "roll_rate__h1",
      "pitch_rate__h1",
      "yaw_rate__h1",
      "roll__h2",
      "pitch__h2",
      "yaw__h2",
      "roll_rate__h2",
      "pitch_rate__h2",
      "yaw_rate__h2"
    ],
    "dropped_unavailable_features": [],
    "dropped_unavailable_responses": [],
    "partial_feature_columns": {},
    "partial_response_columns": {
      "roll__h1": 0.9972590223846505,
      "pitch__h1": 0.9972590223846505,
      "yaw__h1": 0.9972590223846505,
      "roll_rate__h1": 0.9972590223846505,
      "pitch_rate__h1": 0.9972590223846505,
      "yaw_rate__h1": 0.9972590223846505,
      "roll__h2": 0.9945180447693011,
      "pitch__h2": 0.9945180447693011,
      "yaw__h2": 0.9945180447693011,
      "roll_rate__h2": 0.9945180447693011,
      "pitch_rate__h2": 0.9945180447693011,
      "yaw_rate__h2": 0.9945180447693011
    },
    "dropped_response_leakage_features": [],
    "dropped_zero_variance_features": []
  },
  "repeat_metrics": [
    {
      "repeat_index": 1,
      "train": {
        "r2": 0.24641324912731166,
        "mse": 0.0611689898575859,
        "mae": 0.08864177156297647,
        "residual_mean_abs": 0.08864177156297647,
        "residual_std": 0.2473236540599906,
        "residual_max_abs": 2.209979762720984
      },
      "val": {
        "r2": 0.33329140084792197,
        "mse": 0.031631267644713724,
        "mae": 0.05535031056117458,
        "residual_mean_abs": 0.05535031056117458,
        "residual_std": 0.17784262748763452,
        "residual_max_abs": 1.62448719752642
      },
      "test": {
        "r2": 0.2561446209211653,
        "mse": 0.05292345804703311,
        "mae": 0.08103252991939591,
        "residual_mean_abs": 0.08103252991939591,
        "residual_std": 0.23000343802443077,
        "residual_max_abs": 2.1944219605980826
      },
      "condition_number": 1.0691355792460728,
      "raw_condition_number": 1.0691355792460728,
      "raw_singular_values": [
        65.02679788793525,
        63.18018951243868,
        62.74139342037127,
        60.821844441647414
      ],
      "effective_condition_number": 1.0691355792460728,
      "singular_values": [
        65.02679788793525,
        63.18018951243868,
        62.74139342037127,
        60.821844441647414
      ],
      "effective_singular_values": [
        65.02679788793525,
        63.18018951243868,
        62.74139342037127,
        60.821844441647414
      ],
      "conditioning_pruned_features": [],
      "conditioning_baseline_drops": [],
      "conditioning_extra_pruned_features": []
    },
    {
      "repeat_index": 2,
      "train": {
        "r2": 0.254815025350175,
        "mse": 0.05866375147743994,
        "mae": 0.08507326959843042,
        "residual_mean_abs": 0.08507326959843042,
        "residual_std": 0.24220601040733888,
        "residual_max_abs": 2.2245177390254307
      },
      "val": {
        "r2": 0.3364375790927606,
        "mse": 0.032344005174093006,
        "mae": 0.05736140051467316,
        "residual_mean_abs": 0.05736140051467316,
        "residual_std": 0.17983225418903082,
        "residual_max_abs": 1.7596153777696988
      },
      "test": {
        "r2": 0.19967435524299604,
        "mse": 0.061308844468170934,
        "mae": 0.08965450021234514,
        "residual_mean_abs": 0.08965450021234514,
        "residual_std": 0.24752681201382487,
        "residual_max_abs": 2.228936292292842
      },
      "condition_number": 1.0807582445030075,
      "raw_condition_number": 1.0807582445030075,
      "raw_singular_values": [
        65.62531841228788,
        63.36229039511961,
        62.82858274026186,
        60.72155243420423
      ],
      "effective_condition_number": 1.0807582445030075,
      "singular_values": [
        65.62531841228788,
        63.36229039511961,
        62.82858274026186,
        60.72155243420423
      ],
      "effective_singular_values": [
        65.62531841228788,
        63.36229039511961,
        62.82858274026186,
        60.72155243420423
      ],
      "conditioning_pruned_features": [],
      "conditioning_baseline_drops": [],
      "conditioning_extra_pruned_features": []
    }
  ],
  "split_records": [
    {
      "repeat_index": 1,
      "train_count": 3964,
      "val_count": 1106,
      "test_count": 1461
    },
    {
      "repeat_index": 2,
      "train_count": 3989,
      "val_count": 1108,
      "test_count": 1434
    }
  ],
  "median_test_r2": 0.22790948808208067,
  "median_test_mse": 0.05711615125760203,
  "median_test_mae": 0.08534351506587053,
  "coefficient_stability": 0.8333333333333334,
  "nonzero_count": 48,
  "sparsity_ratio": 0.0,
  "block_sparsity_summary": {
    "feature_blocks": {
      "commands": 4,
      "state": 0,
      "history": 0,
      "controller_params": 0
    }
  },
  "raw_condition_number": 1.07494691187454,
  "effective_condition_number": 1.07494691187454,
  "condition_number": 1.07494691187454,
  "raw_singular_values": [
    65.02679788793525,
    63.18018951243868,
    62.74139342037127,
    60.821844441647414
  ],
  "singular_values": [
    65.02679788793525,
    63.18018951243868,
    62.74139342037127,
    60.821844441647414
  ],
  "effective_singular_values": [
    65.02679788793525,
    63.18018951243868,
    62.74139342037127,
    60.821844441647414
  ],
  "conditioning_pruned_features": [],
  "conditioning_baseline_drops": [],
  "conditioning_extra_pruned_features": [],
  "selection_frequency": [
    [
      1.0,
      1.0,
      1.0,
      1.0,
      1.0,
      1.0,
      1.0,
      1.0,
      1.0,
      1.0,
      1.0,
      1.0
    ],
    [
      0.6666666666666666,
      1.0,
      1.0,
      0.8333333333333334,
      1.0,
      1.0,
      0.3333333333333333,
      1.0,
      1.0,
      1.0,
      1.0,
      1.0
    ],
    [
      1.0,
      1.0,
      1.0,
      0.8333333333333334,
      1.0,
      1.0,
      1.0,
      1.0,
      1.0,
      1.0,
      1.0,
      1.0
    ],
    [
      1.0,
      1.0,
      1.0,
      1.0,
      1.0,
      1.0,
      1.0,
      1.0,
      1.0,
      1.0,
      1.0,
      1.0
    ]
  ],
  "backend_consistency": {
    "px4": {
      "r2": 0.26450977472722104,
      "mse": 0.05420051428207506,
      "mae": 0.08102442891469011,
      "residual_mean_abs": 0.08102442891469011,
      "residual_std": 0.2328099805634652,
      "residual_max_abs": 2.219458027506913
    }
  },
  "mode_consistency": {
    "OFFBOARD_ATTITUDE": {
      "r2": 0.0499290917303441,
      "mse": 0.10807260035721712,
      "mae": 0.14762845628314647,
      "residual_mean_abs": 0.14762845628314647,
      "residual_std": 0.3287186380773438,
      "residual_max_abs": 2.219458027506913
    },
    "POSCTL": {
      "r2": -2.496768032877279,
      "mse": 0.0014225263478952694,
      "mae": 0.015773075033256055,
      "residual_mean_abs": 0.015773075033256055,
      "residual_std": 0.037537241874373566,
      "residual_max_abs": 0.36817046905354456
    }
  },
  "top_influential": {
    "roll__h1": [
      {
        "feature": "command_roll",
        "weight": 0.3925090228233734,
        "selection_frequency": 1.0
      },
      {
        "feature": "command_yaw",