feature,delta_state_roll,delta_state_pitch,delta_state_yaw,delta_state_roll_rate,delta_state_pitch_rate,delta_state_yaw_rate,delta_state_position_x,delta_state_position_y,delta_state_position_z,delta_state_velocity_x,delta_state_velocity_y,delta_state_velocity_z,delta_state_altitude,delta_state_vertical_speed,delta_state_heading
command_roll,0.007416214695324273,-0.00014896315837773912,0.013237241379400936,0.0002984989041565658,0.005547276282383394,-0.05574934611117669,-0.015325859989851648,0.10175602083142515,0.02643033550949704,-0.03389841583809083,0.3608610920854335,-0.00928436190903456,-0.02643033550949704,0.00928436190903456,0.01322572669486894
command_pitch,-0.0010013863481195325,0.012376200194563983,0.013481743556024689,-0.0017955027057816894,-0.0018037800982203616,0.006551963201039226,-0.08391109342113331,0.006179623669244832,0.030806041899979167,-0.37985146774217354,0.021890038252820515,-0.015602032720633367,-0.030806041899979167,0.015602032720633367,0.013462610942935525
command_yaw,0.0005162283622574268,6.797188768648862e-05,0.045737780019374806,0.009816755216846502,0.001246331515282557,-0.03723752298477522,0.014573982087002058,0.005458801965138945,0.021078374095899848,-0.0028288714270686553,-0.008263903094626351,-0.0024335065640390297,-0.021078374095899848,0.0024335065640390297,0.04569972129975922
command_throttle,-1.659820383196643e-05,2.0644995402666537e-05,0.01283076095843339,9.485911844986673e-05,4.903060179070193e-06,0.005863772831581464,0.006278919264936426,-0.02433449492227195,-0.0024660468689933056,-0.00041911346327680655,-0.0019969691112737284,0.0003487957560180837,0.0024660468689933056,-0.0003487957560180837,0.012832186867613594
