feature,roll__h1,pitch__h1,yaw__h1,roll_rate__h1,pitch_rate__h1,yaw_rate__h1,roll__h2,pitch__h2,yaw__h2,roll_rate__h2,pitch_rate__h2,yaw_rate__h2
command_roll,1115.5062869179421,1310.3763667237265,-28028.385390701256,-988.5689632742883,-2724.9451970949294,-2887.4722510658803,1722.0618488658006,1539.31208864692,-28978.120133497716,-1317.8699818392408,-2360.215904165726,-4727.422456576388
command_pitch,-2336.4102495142324,-1551.9278809629616,45824.69517226151,2279.946959534824,2340.0828945027124,8139.879304861467,-2804.7842004155827,-1594.1749889253533,46588.40441280788,2277.839448386087,1550.6467303812708,11728.097163788752
command_yaw,1884.7036897014284,-171.60019765434924,-21579.930044398003,-2088.4624921915597,2132.338487885154,-9061.18801297161,1305.0857742895976,-659.421244368448,-20733.06718140888,-1260.979651025647,2799.3826496538068,-11637.794723121795
command_throttle,-0.004740528990359212,-0.002538652117628485,0.926226960065382,-0.0022022765937176284,-0.002670855830233545,0.09020788996085707,-0.004816382233578244,-0.0026349627405282267,0.9326537205872372,-0.002658574207747431,-0.002609674939722877,0.09746154153131725
