{
  "x_schema": "commands_only",
  "y_schema": "future_state_horizon",
  "pooling_mode": "pooled",
  "model_name": "ols_affine",
  "feature_names": [
    "command_roll",
    "command_pitch",
    "command_yaw",
    "command_throttle"
  ],
  "response_names": [
    "roll__h1",
    "pitch__h1",
    "yaw__h1",
    "roll_rate__h1",
    "pitch_rate__h1",
    "yaw_rate__h1",
    "roll__h2",
    "pitch__h2",
    "yaw__h2",
    "roll_rate__h2",
    "pitch_rate__h2",
    "yaw_rate__h2"
  ],
  "schema_metadata": {
    "x_schema": "commands_only",
    "y_schema": "future_state_horizon",
    "feature_count": 4,
    "response_count": 12,
    "strict_raw_linear": true,
    "requested_feature_columns": [
      "command_roll",
      "command_pitch",
      "command_yaw",
      "command_throttle"
    ],
    "requested_response_columns": [
      "roll__h1",
      "pitch__h1",
      "yaw__h1",
      "roll_rate__h1",
      "pitch_rate__h1",
      "yaw_rate__h1",
      "roll__h2",
      "pitch__h2",
      "yaw__h2",
      "roll_rate__h2",
      "pitch_rate__h2",
      "yaw_rate__h2"
    ],
    "dropped_unavailable_features": [],
    "dropped_unavailable_responses": [],
    "partial_feature_columns": {},
    "partial_response_columns": {
      "roll__h1": 0.9972647702407003,
      "pitch__h1": 0.9972647702407003,
      "yaw__h1": 0.9972647702407003,
      "roll_rate__h1": 0.9972647702407003,
      "pitch_rate__h1": 0.9972647702407003,
      "yaw_rate__h1": 0.9972647702407003,
      "roll__h2": 0.9945295404814004,
      "pitch__h2": 0.9945295404814004,
      "yaw__h2": 0.9945295404814004,
      "roll_rate__h2": 0.9945295404814004,
      "pitch_rate__h2": 0.9945295404814004,
      "yaw_rate__h2": 0.9945295404814004
    },
    "dropped_response_leakage_features": [],
    "dropped_zero_variance_features": []
  },
  "repeat_metrics": [
    {
      "repeat_index": 1,
      "train": {
        "r2": 0.2976212652285859,
        "mse": 0.03683622412664293,
        "mae": 0.05393635668001478,
        "residual_mean_abs": 0.05393635668001478,
        "residual_std": 0.1919276533661654,
        "residual_max_abs": 2.2421606976001796
      },
      "val": {
        "r2": 0.03208163315252177,
        "mse": 0.11821346040912725,
        "mae": 0.1527781020525102,
        "residual_mean_abs": 0.1527781020525102,
        "residual_std": 0.34377461732587816,
        "residual_max_abs": 2.247954345620991
      },
      "test": {
        "r2": 0.028523264947376337,
        "mse": 0.11741900136182386,
        "mae": 0.15162891925193112,
        "residual_mean_abs": 0.15162891925193112,
        "residual_std": 0.3426529585111053,
        "residual_max_abs": 2.2282578959339574
      },
      "condition_number": 375757.96529853117,
      "raw_condition_number": 375757.96529853117,
      "raw_singular_values": [
        57.21824004097476,
        32.95562177365715,
        0.00031917315523118713,
        0.00015227419063629474
      ],
      "effective_condition_number": 375757.96529853117,
      "singular_values": [
        57.21824004097476,
        32.95562177365715,
        0.00031917315523118713,
        0.00015227419063629474
      ],
      "effective_singular_values": [
        57.21824004097476,
        32.95562177365715,
        0.00031917315523118713,
        0.00015227419063629474
      ],
      "conditioning_pruned_features": [],
      "conditioning_baseline_drops": [],
      "conditioning_extra_pruned_features": []
    },
    {
      "repeat_index": 2,
      "train": {
        "r2": 0.17947788049558322,
        "mse": 0.07633827958608624,
        "mae": 0.1070151984745479,
        "residual_mean_abs": 0.1070151984745479,
        "residual_std": 0.27629382835323385,
        "residual_max_abs": 2.218160511677736
      },
      "val": {
        "r2": -7.157161371235103,
        "mse": 0.0004357533322677121,
        "mae": 0.012687507417402884,
        "residual_mean_abs": 0.012687507417402884,
        "residual_std": 0.020110968736259408,
        "residual_max_abs": 0.1255676382860509
      },
      "test": {
        "r2": 0.036052643120830896,
        "mse": 0.11772847443742605,
        "mae": 0.15511203686279873,
        "residual_mean_abs": 0.15511203686279873,
        "residual_std": 0.3431035706933472,
        "residual_max_abs": 2.223842337272904
      },
      "condition_number": 309863.138452824,
      "raw_condition_number": 309863.138452824,
      "raw_singular_values": [
        57.1207094997347,
        32.9427464865923,
        0.0003648367070563312,
        0.0001843417380490749
      ],
      "effective_condition_number": 309863.138452824,
      "singular_values": [
        57.1207094997347,
        32.9427464865923,
        0.0003648367070563312,
        0.0001843417380490749
      ],
      "effective_singular_values": [
        57.1207094997347,
        32.9427464865923,
        0.0003648367070563312,
        0.0001843417380490749
      ],
      "conditioning_pruned_features": [],
      "conditioning_baseline_drops": [],
      "conditioning_extra_pruned_features": []
    }
  ],
  "split_records": [
    {
      "repeat_index": 1,
      "train_count": 1090,
      "val_count": 360,
      "test_count": 368
    },
    {
      "repeat_index": 2,
      "train_count": 1087,
      "val_count": 371,
      "test_count": 360
    }
  ],
  "median_test_r2": 0.032287954034103616,
  "median_test_mse": 0.11757373789962496,
  "median_test_mae": 0.15337047805736492,
  "coefficient_stability": 0.25,
  "nonzero_count": 38,
  "sparsity_ratio": 0.20833333333333337,
  "block_sparsity_summary": {
    "feature_blocks": {
      "commands": 4,
      "state": 0,
      "history": 0,
      "controller_params": 0
    }
  },
  "raw_condition_number": 342810.55187567754,
  "effective_condition_number": 342810.55187567754,
  "condition_number": 342810.55187567754,
  "raw_singular_values": [
    57.21824004097476,
    32.95562177365715,
    0.00031917315523118713,
    0.00015227419063629474
  ],
  "singular_values": [
    57.21824004097476,
    32.95562177365715,
    0.00031917315523118713,
    0.00015227419063629474
  ],
  "effective_singular_values": [
    57.21824004097476,
    32.95562177365715,
    0.00031917315523118713,
    0.00015227419063629474
  ],
  "conditioning_pruned_features": [],
  "conditioning_baseline_drops": [],
  "conditioning_extra_pruned_features": [],
  "selection_frequency": [
    [
      1.0,
      1.0,
      1.0,
      1.0,
      1.0,
      1.0,
      1.0,
      1.0,
      1.0,
      1.0,
      1.0,
      1.0
    ],
    [
      1.0,
      1.0,
      1.0,
      1.0,
      1.0,
      1.0,
      1.0,
      1.0,
      1.0,
      1.0,
      1.0,
      1.0
    ],
    [
      1.0,
      1.0,
      1.0,
      1.0,
      1.0,
      1.0,
      1.0,
      1.0,
      1.0,
      1.0,
      1.0,
      1.0
    ],
    [
      0.0,
      0.0,
      1.0,
      0.0,
      0.0,
      0.0,
      0.0,
      0.0,
      1.0,
      0.0,
      0.0,
      0.0
    ]
  ],
  "backend_consistency": {
    "px4": {
      "r2": 0.20785853138240296,
      "mse": 0.06907440958094425,
      "mae": 0.09497419951093933,
      "residual_mean_abs": 0.09497419951093933,
      "residual_std": 0.2628145609193915,
      "residual_max_abs": 2.2358983414469473
    }
  },
  "mode_consistency": {
    "OFFBOARD_ATTITUDE": {
      "r2": 0.03685305705755615,
      "mse": 0.11409560505575647,
      "mae": 0.15076979722977482,
      "residual_mean_abs": 0.15076979722977482,
      "residual_std": 0.33778034881582636,
      "residual_max_abs": 2.2358983414469473
    },
    "POSCTL": {
      "r2": -1.714124598034267,
      "mse": 0.0002589800582480115,
      "mae": 0.009689968783539853,
      "residual_mean_abs": 0.009689968783539853,
      "residual_std": 0.01558567589321339,
      "residual_max_abs": 0.10933294148659216
    }
  },
  "top_influential": {
    "roll__h1": [
      {
        "feature": "command_pitch",
        "weight": -2336.4102495142324,