{
  "x_schema": "commands_only",
  "y_schema": "future_state_horizon",
  "pooling_mode": "pooled",
  "model_name": "lasso_affine",
  "feature_names": [
    "command_roll",
    "command_pitch",
    "command_yaw",
    "command_throttle"
  ],
  "response_names": [
    "roll__h1",
    "pitch__h1",
    "yaw__h1",
    "roll_rate__h1",
    "pitch_rate__h1",
    "yaw_rate__h1",
    "roll__h2",
    "pitch__h2",
    "yaw__h2",
    "roll_rate__h2",
    "pitch_rate__h2",
    "yaw_rate__h2"
  ],
  "schema_metadata": {
    "x_schema": "commands_only",
    "y_schema": "future_state_horizon",
    "feature_count": 4,
    "response_count": 12,
    "strict_raw_linear": true,
    "requested_feature_columns": [
      "command_roll",
      "command_pitch",
      "command_yaw",
      "command_throttle"
    ],
    "requested_response_columns": [
      "roll__h1",
      "pitch__h1",
      "yaw__h1",
      "roll_rate__h1",
      "pitch_rate__h1",
      "yaw_rate__h1",
      "roll__h2",
      "pitch__h2",
      "yaw__h2",
      "roll_rate__h2",
      "pitch_rate__h2",
      "yaw_rate__h2"
    ],
    "dropped_unavailable_features": [],
    "dropped_unavailable_responses": [],
    "partial_feature_columns": {},
    "partial_response_columns": {
      "roll__h1": 0.9947431825648888,
      "pitch__h1": 0.9947431825648888,
      "yaw__h1": 0.9947431825648888,
      "roll_rate__h1": 0.9947431825648888,
      "pitch_rate__h1": 0.9947431825648888,
      "yaw_rate__h1": 0.9947431825648888,
      "roll__h2": 0.9894863651297777,
      "pitch__h2": 0.9894863651297777,
      "yaw__h2": 0.9894863651297777,
      "roll_rate__h2": 0.9894863651297777,
      "pitch_rate__h2": 0.9894863651297777,
      "yaw_rate__h2": 0.9894863651297777
    },
    "dropped_response_leakage_features": [],
    "dropped_zero_variance_features": []
  },
  "repeat_metrics": [
    {
      "repeat_index": 1,
      "train": {
        "r2": 0.9970612263929468,
        "mse": 0.002498597565710236,
        "mae": 0.026124542259664874,
        "residual_mean_abs": 0.026124542259664874,
        "residual_std": 0.04998597368972856,
        "residual_max_abs": 0.530035490744126
      },
      "val": {
        "r2": 0.9983996318038566,
        "mse": 0.0012310497435035254,
        "mae": 0.018778094020899045,
        "residual_mean_abs": 0.018778094020899045,
        "residual_std": 0.03404021871921154,
        "residual_max_abs": 0.12377875875553201
      },
      "test": {
        "r2": 0.9961701066625642,
        "mse": 0.0033101019624135093,
        "mae": 0.02687819488670198,
        "residual_mean_abs": 0.02687819488670198,
        "residual_std": 0.057520747847781925,
        "residual_max_abs": 0.6801621474734247
      },
      "condition_number": 1.0251964522428887,
      "raw_condition_number": 1.0251964522428887,
      "raw_singular_values": [
        74.80487825886094,
        73.93023357023539,
        73.74589834991966,
        72.96638424294726
      ],
      "effective_condition_number": 1.0251964522428887,
      "singular_values": [
        74.80487825886094,
        73.93023357023539,
        73.74589834991966,
        72.96638424294726
      ],
      "effective_singular_values": [
        74.80487825886094,
        73.93023357023539,
        73.74589834991966,
        72.96638424294726
      ],
      "conditioning_pruned_features": [],
      "conditioning_baseline_drops": [],
      "conditioning_extra_pruned_features": []
    },
    {
      "repeat_index": 2,
      "train": {
        "r2": 0.9969171585885088,
        "mse": 0.0026464440742392198,
        "mae": 0.025472274825932603,
        "residual_mean_abs": 0.025472274825932603,
        "residual_std": 0.051443600906616364,
        "residual_max_abs": 0.6744522201085488
      },
      "val": {
        "r2": 0.99727620016616,
        "mse": 0.0023296151219607962,
        "mae": 0.024691997927757375,
        "residual_mean_abs": 0.024691997927757375,
        "residual_std": 0.04802085572148139,
        "residual_max_abs": 0.5349244477934576
      },
      "test": {
        "r2": 0.9979034630464252,
        "mse": 0.00180514265479849,
        "mae": 0.021492857511953633,
        "residual_mean_abs": 0.021492857511953633,
        "residual_std": 0.042437276508625436,
        "residual_max_abs": 0.5048235712596352
      },
      "condition_number": 1.0479341512322031,
      "raw_condition_number": 1.0479341512322031,
      "raw_singular_values": [
        75.52307018563259,
        73.9928359378831,
        73.9151782964166,
        72.0685265355934
      ],
      "effective_condition_number": 1.0479341512322031,
      "singular_values": [
        75.52307018563259,
        73.9928359378831,
        73.9151782964166,
        72.0685265355934
      ],
      "effective_singular_values": [
        75.52307018563259,
        73.9928359378831,
        73.9151782964166,
        72.0685265355934
      ],
      "conditioning_pruned_features": [],
      "conditioning_baseline_drops": [],
      "conditioning_extra_pruned_features": []
    }
  ],
  "split_records": [
    {
      "repeat_index": 1,
      "train_count": 5456,
      "val_count": 1694,
      "test_count": 1885
    },
    {
      "repeat_index": 2,
      "train_count": 5459,
      "val_count": 1694,
      "test_count": 1882
    }
  ],
  "median_test_r2": 0.9970367848544948,
  "median_test_mse": 0.0025576223086059995,
  "median_test_mae": 0.024185526199327807,
  "coefficient_stability": 1.0,
  "nonzero_count": 48,
  "sparsity_ratio": 0.0,
  "block_sparsity_summary": {
    "feature_blocks": {
      "commands": 4,
      "state": 0,
      "history": 0,
      "controller_params": 0
    }
  },
  "raw_condition_number": 1.036565301737546,
  "effective_condition_number": 1.036565301737546,
  "condition_number": 1.036565301737546,
  "raw_singular_values": [
    74.80487825886094,
    73.93023357023539,
    73.74589834991966,
    72.96638424294726
  ],
  "singular_values": [
    74.80487825886094,
    73.93023357023539,
    73.74589834991966,
    72.96638424294726
  ],
  "effective_singular_values": [
    74.80487825886094,
    73.93023357023539,
    73.74589834991966,
    72.96638424294726
  ],
  "conditioning_pruned_features": [],
  "conditioning_baseline_drops": [],
  "conditioning_extra_pruned_features": [],
  "selection_frequency": [
    [
      1.0,
      1.0,
      1.0,
      1.0,
      1.0,
      1.0,
      1.0,
      1.0,
      1.0,
      1.0,
      1.0,
      1.0
    ],
    [
      1.0,
      1.0,
      1.0,
      1.0,
      1.0,
      1.0,
      1.0,
      1.0,
      1.0,
      1.0,
      1.0,
      1.0
    ],
    [
      1.0,
      1.0,
      1.0,
      1.0,
      1.0,
      1.0,
      1.0,
      1.0,
      1.0,
      1.0,
      1.0,
      1.0
    ],
    [
      1.0,
      1.0,
      1.0,
      1.0,
      1.0,
      1.0,
      1.0,
      1.0,
      1.0,
      1.0,
      1.0,
      1.0
    ]
  ],
  "backend_consistency": {
    "ardupilot": {
      "r2": 0.9971962022188217,
      "mse": 0.0024146645326688513,
      "mae": 0.024598608389888182,
      "residual_mean_abs": 0.024598608389888182,
      "residual_std": 0.049134504669045634,
      "residual_max_abs": 0.6773071837909583,
      "sample_count": 9035.0
    }
  },
  "mode_consistency": {
    "GUIDED_NOGPS": {
      "r2": -0.6419093180175377,
      "mse": 0.004063255724251619,
      "mae": 0.03857217938312638,
      "residual_mean_abs": 0.03857217938312638,
      "residual_std": 0.06374014893984968,
      "residual_max_abs": 0.6773071837909583,
      "sample_count": 4528.0
    },
    "STABILIZE": {
      "r2": -113.491039112921,
      "mse": 0.0007583918644889585,
      "mae": 0.010559928678909147,
      "residual_mean_abs": 0.010559928678909147,
      "residual_std": 0.027530177700166837,
      "residual_max_abs": 0.4148612769637907,
      "sample_count": 4507.0
    }
  },
  "scenario_consistency": 0.9926604446221263,
  "scenario_subgroup_metrics": {
    "dynamic": {
      "r2": 0.9986853489877912,
      "mse": 0.0011343048421616525,