actuator_1,actuator_2,actuator_3,actuator_4
-0.20528123122036823,-1.598517627677194,-4.228736042114573,3.63380216174965
