future_state_roll,future_state_pitch,future_state_yaw,future_state_roll_rate,future_state_pitch_rate,future_state_yaw_rate
0.2630322883153558,0.02267609916841188,0.2736157041227658,0.16425238367093237,0.11991873425676286,0.10221005735636582
