actuator_1,actuator_2,actuator_3,actuator_4
-1.7062662661389485,-1.7106116556762514,-1.7583106890122098,-1.7488119179869204
