actuator_1,actuator_2,actuator_3,actuator_4
0.5450481478050397,0.5223221261618515,0.5580543690768954,0.5483145872233922
