feature,window_mean_roll,window_mean_pitch,window_mean_yaw,window_mean_roll_rate,window_mean_pitch_rate,window_mean_yaw_rate,window_peak_roll,window_peak_pitch,window_peak_yaw,window_peak_roll_rate,window_peak_pitch_rate,window_peak_yaw_rate
command_roll,0.1774405472710331,-0.004926414075676825,-0.38048999964971486,0.012898647933846635,-0.0006175012651683139,0.055588467624178683,0.02543643399951233,0.0004152393827790499,-0.2704073365882418,0.022677000257525073,0.009967719492237001,-0.05715300217799302
command_pitch,0.0011022830104733712,0.3672589675773372,-1.1636579099631041,0.02142291846417093,0.023302320276518074,-0.011909449212155216,-0.0008589116481743927,0.1051922200873659,-0.9994332027885737,0.023674527494524044,0.021220789112194747,0.010995586169806953
command_yaw,0.00300983848774962,-0.0008661231951820087,-0.9611865167942029,0.03421703977726333,0.010449358330198031,-0.09855767362213252,-0.000490457613176242,-0.00879849568543884,-0.9536883179224822,0.0035514206033258034,0.035525662282835935,0.09072591841448432
command_throttle,6.980393787029424e-06,-0.0025038448564153426,0.8693620029383583,-0.0010492282038341149,-0.001101641363748406,0.1126412117305404,-0.006246849432674824,-0.004869832364437085,0.8418492531579154,-0.01023272297689992,-0.002460540143473243,-0.12437262641750066
