{
  "x_schema": "commands_only",
  "y_schema": "future_state_horizon",
  "pooling_mode": "pooled",
  "model_name": "ols_affine",
  "feature_names": [
    "command_throttle"
  ],
  "response_names": [
    "roll__h1",
    "pitch__h1",
    "yaw__h1",
    "roll_rate__h1",
    "pitch_rate__h1",
    "yaw_rate__h1",
    "roll__h2",
    "pitch__h2",
    "yaw__h2",
    "roll_rate__h2",
    "pitch_rate__h2",
    "yaw_rate__h2"
  ],
  "schema_metadata": {
    "x_schema": "commands_only",
    "y_schema": "future_state_horizon",
    "feature_count": 4,
    "response_count": 12,
    "strict_raw_linear": true,
    "requested_feature_columns": [
      "command_roll",
      "command_pitch",
      "command_yaw",
      "command_throttle"
    ],
    "requested_response_columns": [
      "roll__h1",
      "pitch__h1",
      "yaw__h1",
      "roll_rate__h1",
      "pitch_rate__h1",
      "yaw_rate__h1",
      "roll__h2",
      "pitch__h2",
      "yaw__h2",
      "roll_rate__h2",
      "pitch_rate__h2",
      "yaw_rate__h2"
    ],
    "dropped_unavailable_features": [],
    "dropped_unavailable_responses": [],
    "partial_feature_columns": {},
    "partial_response_columns": {
      "roll__h1": 0.9947027663331371,
      "pitch__h1": 0.9947027663331371,
      "yaw__h1": 0.9947027663331371,
      "roll_rate__h1": 0.9947027663331371,
      "pitch_rate__h1": 0.9947027663331371,
      "yaw_rate__h1": 0.9947027663331371,
      "roll__h2": 0.9894055326662743,
      "pitch__h2": 0.9894055326662743,
      "yaw__h2": 0.9894055326662743,
      "roll_rate__h2": 0.9894055326662743,
      "pitch_rate__h2": 0.9894055326662743,
      "yaw_rate__h2": 0.9894055326662743
    },
    "dropped_response_leakage_features": [],
    "dropped_zero_variance_features": [
      "command_roll",
      "command_pitch",
      "command_yaw"
    ]
  },
  "repeat_metrics": [
    {
      "repeat_index": 1,
      "train": {
        "r2": 0.008825074636997443,
        "mse": 1.5636244146248826e-10,
        "mae": 6.244980432522869e-06,
        "residual_mean_abs": 6.244980432522869e-06,
        "residual_std": 1.2504496849633231e-05,
        "residual_max_abs": 4.90466484455547e-05
      },
      "val": {
        "r2": -0.9930032047528496,
        "mse": 1.0330554867634525e-05,
        "mae": 0.0015606955014093274,
        "residual_mean_abs": 0.0015606955014093274,
        "residual_std": 0.0028099901960444013,
        "residual_max_abs": 0.00809550489612058
      },
      "test": {
        "r2": -19956290325783.53,
        "mse": 3.868935160791907e-11,
        "mae": 3.8036019529803434e-06,
        "residual_mean_abs": 3.8036019529803434e-06,
        "residual_std": 5.41970852996154e-06,
        "residual_max_abs": 1.2486887501032655e-05
      },
      "condition_number": 1.0,
      "raw_condition_number": 1.0,
      "raw_singular_values": [
        30.561413579872283
      ],
      "effective_condition_number": 1.0,
      "singular_values": [
        30.561413579872283
      ],
      "effective_singular_values": [
        30.561413579872283
      ],
      "conditioning_pruned_features": [],
      "conditioning_baseline_drops": [],
      "conditioning_extra_pruned_features": []
    },
    {
      "repeat_index": 2,
      "train": {
        "r2": 0.009189910081931152,
        "mse": 3.2818762257512495e-06,
        "mae": 0.0009900348204466404,
        "residual_mean_abs": 0.0009900348204466404,
        "residual_std": 0.0018115949397564705,
        "residual_max_abs": 0.006616586498262713
      },
      "val": {
        "r2": -4.320634775149691e+17,
        "mse": 8.376434460325842e-07,
        "mae": 0.0006199032147546963,
        "residual_mean_abs": 0.0006199032147546963,
        "residual_std": 0.000673322694084827,
        "residual_max_abs": 0.0021962558840832504
      },
      "test": {
        "r2": -4.350240380642052e+17,
        "mse": 8.433830987390236e-07,
        "mae": 0.0006193940969673877,
        "residual_mean_abs": 0.0006193940969673877,
        "residual_std": 0.0006780369100434358,
        "residual_max_abs": 0.002561168070946458
      },
      "condition_number": 1.0,
      "raw_condition_number": 1.0,
      "raw_singular_values": [
        30.495901363953806
      ],
      "effective_condition_number": 1.0,
      "singular_values": [
        30.495901363953806
      ],
      "effective_singular_values": [
        30.495901363953806
      ],
      "conditioning_pruned_features": [],
      "conditioning_baseline_drops": [],
      "conditioning_extra_pruned_features": []
    }
  ],
  "split_records": [
    {
      "repeat_index": 1,
      "train_count": 934,
      "val_count": 372,
      "test_count": 375
    },
    {
      "repeat_index": 2,
      "train_count": 930,
      "val_count": 375,
      "test_count": 376
    }
  ],
  "median_test_r2": -2.1752199717726547e+17,
  "median_test_mse": 4.2171089404531573e-07,
  "median_test_mae": 0.000311598849460184,
  "coefficient_stability": 1.0,
  "nonzero_count": 0,
  "sparsity_ratio": 1.0,
  "block_sparsity_summary": {
    "feature_blocks": {
      "commands": 1,
      "state": 0,
      "history": 0,
      "controller_params": 0
    }
  },
  "raw_condition_number": 1.0,
  "effective_condition_number": 1.0,
  "condition_number": 1.0,
  "raw_singular_values": [
    30.561413579872283
  ],
  "singular_values": [
    30.561413579872283
  ],
  "effective_singular_values": [
    30.561413579872283
  ],
  "conditioning_pruned_features": [],
  "conditioning_baseline_drops": [],
  "conditioning_extra_pruned_features": [],
  "selection_frequency": [
    [
      0.0,
      0.0,
      0.0,
      0.0,
      0.0,
      0.0,
      0.0,
      0.0,
      0.0,
      0.0,
      0.0,
      0.0
    ]
  ],
  "backend_consistency": {
    "ardupilot": {
      "r2": 0.0034338754168596886,
      "mse": 2.026336345839564e-06,
      "mae": 0.0005842211637269044,
      "residual_mean_abs": 0.0005842211637269044,
      "residual_std": 0.001423074631946265,
      "residual_max_abs": 0.007356045697191646
    }
  },
  "mode_consistency": {
    "STABILIZE": {
      "r2": 0.0034338754168596886,
      "mse": 2.026336345839564e-06,
      "mae": 0.0005842211637269044,
      "residual_mean_abs": 0.0005842211637269044,
      "residual_std": 0.001423074631946265,
      "residual_max_abs": 0.007356045697191646
    }
  },
  "top_influential": {
    "roll__h1": [
      {
        "feature": "command_throttle",
        "weight": -1.124163341048647e-28,
        "selection_frequency": 0.0
      }
    ],
    "pitch__h1": [
      {
        "feature": "command_throttle",
        "weight": 5.371313584604614e-29,
        "selection_frequency": 0.0
      }
    ],
    "yaw__h1": [
      {
        "feature": "command_throttle",
        "weight": 9.840118123876958e-25,
        "selection_frequency": 0.0
      }
    ],
    "roll_rate__h1": [
      {
        "feature": "command_throttle",
        "weight": 0.0037449072928055914,
        "selection_frequency": 0.0
      }
    ],
    "pitch_rate__h1": [
      {
        "feature": "command_throttle",
        "weight": 0.006811082919279804,
        "selection_frequency": 0.0
      }
    ],
    "yaw_rate__h1": [
      {
        "feature": "command_throttle",
        "weight": 0.005201687057521018,
        "selection_frequency": 0.0
      }
    ],
    "roll__h2": [
      {
        "feature": "command_throttle",
        "weight": -1.124163341048647e-28,
        "selection_frequency": 0.0
      }
    ],
    "pitch__h2": [
      {
        "feature": "command_throttle",
        "weight": 5.371313584604614e-29,
        "selection_frequency": 0.0
      }
    ],
    "yaw__h2": [
      {
        "feature": "command_throttle",
        "weight": 9.840118123876958e-25,
        "selection_frequency": 0.0
      }
    ],
    "roll_rate__h2": [
      {
        "feature": "command_throttle",
        "weight": 0.0037449072928055914,
        "selection_frequency": 0.0
      }
    ],
    "pitch_rate__h2": [
      {
        "feature": "command_throttle",