actuator_1,actuator_2,actuator_3,actuator_4
-31.744812730529205,-31.010879591740085,-31.428712929358085,-31.479376559919015
