actuator_1,actuator_2,actuator_3,actuator_4
5.563542005910905,5.30882500949689,5.682448138985258,5.460266918795524
