actuator_1,actuator_2,actuator_3,actuator_4
-1.1465735294771247,-1.0443248788224717,-0.8933508594434112,-0.9126442968082371
