feature,future_state_roll,future_state_pitch,future_state_yaw,future_state_roll_rate,future_state_pitch_rate,future_state_yaw_rate,future_state_position_x,future_state_position_y,future_state_position_z,future_state_velocity_x,future_state_velocity_y,future_state_velocity_z,future_state_altitude,future_state_vertical_speed,future_state_heading
command_roll,0.00020766962037119957,-0.003140151870323103,-0.009523251842864813,-0.018179609251112262,-0.031207230437147584,-0.01134250263642324,-283106.60799077497,1194167.3253371422,0.969965588500507,0.02736592490619572,0.07782668767139586,0.022136666368198193,-0.969965588500507,-0.022136666368198193,-0.009523251842864813
command_pitch,0.0001828540162278468,-0.00398059232046589,0.00045200815374654355,0.011062170938551007,-0.014886301536746773,-0.03713670852921769,-596269.8498219051,2515121.6236664746,1.1993236442026511,-0.12416918615496254,0.07621639672985489,0.039396550352956416,-1.1993236442026511,-0.039396550352956416,0.00045200815374654355
command_yaw,0.002588631489966516,-0.0016530339397240273,0.025180664106170016,0.07513330466489088,0.0077246389961988975,-0.00308173685646749,-513804.96845563827,2167273.777570613,5.119072539317934,-0.005042750529182566,0.08484700671826671,0.6473096445898406,-5.119072539317934,-0.6473096445898406,0.025180664106170016
command_throttle,-0.06498781888330332,0.006155849389802335,-3.1588918014552108,0.48235963919681624,0.10657236158672986,-1.0153698433261018,4007.0970147523913,-16901.759621940604,1.8689524200376486,-0.00804880134763598,0.05524556847684159,0.529464408188942,-1.8689524200376486,-0.529464408188942,-3.1588918014552108
