{
  "x_schema": "commands_only",
  "y_schema": "future_state_horizon",
  "pooling_mode": "pooled",
  "model_name": "ols_affine",
  "feature_names": [
    "command_roll",
    "command_pitch",
    "command_yaw",
    "command_throttle"
  ],
  "response_names": [
    "roll__h1",
    "pitch__h1",
    "yaw__h1",
    "roll_rate__h1",
    "pitch_rate__h1",
    "yaw_rate__h1",
    "roll__h2",
    "pitch__h2",
    "yaw__h2",
    "roll_rate__h2",
    "pitch_rate__h2",
    "yaw_rate__h2"
  ],
  "schema_metadata": {
    "x_schema": "commands_only",
    "y_schema": "future_state_horizon",
    "feature_count": 4,
    "response_count": 12,
    "strict_raw_linear": true,
    "requested_feature_columns": [
      "command_roll",
      "command_pitch",
      "command_yaw",
      "command_throttle"
    ],
    "requested_response_columns": [
      "roll__h1",
      "pitch__h1",
      "yaw__h1",
      "roll_rate__h1",
      "pitch_rate__h1",
      "yaw_rate__h1",
      "roll__h2",
      "pitch__h2",
      "yaw__h2",
      "roll_rate__h2",
      "pitch_rate__h2",
      "yaw_rate__h2"
    ],
    "dropped_unavailable_features": [],
    "dropped_unavailable_responses": [],
    "partial_feature_columns": {},
    "partial_response_columns": {
      "roll__h1": 0.9947634840286262,
      "pitch__h1": 0.9947634840286262,
      "yaw__h1": 0.9947634840286262,
      "roll_rate__h1": 0.9947634840286262,
      "pitch_rate__h1": 0.9947634840286262,
      "yaw_rate__h1": 0.9947634840286262,
      "roll__h2": 0.9895269680572526,
      "pitch__h2": 0.9895269680572526,
      "yaw__h2": 0.9895269680572526,
      "roll_rate__h2": 0.9895269680572526,
      "pitch_rate__h2": 0.9895269680572526,
      "yaw_rate__h2": 0.9895269680572526
    },
    "dropped_response_leakage_features": [],
    "dropped_zero_variance_features": []
  },
  "repeat_metrics": [
    {
      "repeat_index": 1,
      "train": {
        "r2": 0.998300522748095,
        "mse": 0.0013844190860457944,
        "mae": 0.024187410816685954,
        "residual_mean_abs": 0.024187410816685954,
        "residual_std": 0.037207782600496286,
        "residual_max_abs": 0.1334869236214331
      },
      "val": {
        "r2": 0.9986746262611752,
        "mse": 0.001004268412637814,
        "mae": 0.01772380780471697,
        "residual_mean_abs": 0.01772380780471697,
        "residual_std": 0.031499913933426105,
        "residual_max_abs": 0.1333076021398938
      },
      "test": {
        "r2": 0.9971730581813429,
        "mse": 0.0021443898357708076,
        "mae": 0.02828325809000319,
        "residual_mean_abs": 0.02828325809000319,
        "residual_std": 0.04610446173746645,
        "residual_max_abs": 0.14349322771039397
      },
      "condition_number": 1.4911565692825606,
      "raw_condition_number": 1.4911565692825606,
      "raw_singular_values": [
        68.68394130361682,
        58.52392153096606,
        57.756945682488535,
        46.060851501772675
      ],
      "effective_condition_number": 1.4911565692825606,
      "singular_values": [
        68.68394130361682,
        58.52392153096606,
        57.756945682488535,
        46.060851501772675
      ],
      "effective_singular_values": [
        68.68394130361682,
        58.52392153096606,
        57.756945682488535,
        46.060851501772675
      ],
      "conditioning_pruned_features": [],
      "conditioning_baseline_drops": [],
      "conditioning_extra_pruned_features": []
    },
    {
      "repeat_index": 2,
      "train": {
        "r2": 0.9982814440108831,
        "mse": 0.001452714078616315,
        "mae": 0.025212797458866388,
        "residual_mean_abs": 0.025212797458866388,
        "residual_std": 0.03811448646664828,
        "residual_max_abs": 0.12510023021969174
      },
      "val": {
        "r2": 0.9988228287326331,
        "mse": 0.0008964903166012802,
        "mae": 0.019256235066227867,
        "residual_mean_abs": 0.019256235066227867,
        "residual_std": 0.028653140789737082,
        "residual_max_abs": 0.10226603120753452
      },
      "test": {
        "r2": 0.9981591819704407,
        "mse": 0.0015743862204726105,
        "mae": 0.024995749953362043,
        "residual_mean_abs": 0.024995749953362043,
        "residual_std": 0.03950471617180467,
        "residual_max_abs": 0.11870590082755461
      },
      "condition_number": 1.5285261969838955,
      "raw_condition_number": 1.5285261969838955,
      "raw_singular_values": [
        69.21213905378147,
        58.38547832391179,
        57.952647164507624,
        45.28030935312173
      ],
      "effective_condition_number": 1.5285261969838955,
      "singular_values": [
        69.21213905378147,
        58.38547832391179,
        57.952647164507624,
        45.28030935312173
      ],
      "effective_singular_values": [
        69.21213905378147,
        58.38547832391179,
        57.952647164507624,
        45.28030935312173
      ],
      "conditioning_pruned_features": [],
      "conditioning_baseline_drops": [],
      "conditioning_extra_pruned_features": []
    }
  ],
  "split_records": [
    {
      "repeat_index": 1,
      "train_count": 3400,
      "val_count": 1136,
      "test_count": 1133
    },
    {
      "repeat_index": 2,
      "train_count": 3402,
      "val_count": 1135,
      "test_count": 1132
    }
  ],
  "median_test_r2": 0.9976661200758918,
  "median_test_mse": 0.001859388028121709,
  "median_test_mae": 0.026639504021682615,
  "coefficient_stability": 1.0,
  "nonzero_count": 8,
  "sparsity_ratio": 0.8333333333333334,
  "block_sparsity_summary": {
    "feature_blocks": {
      "commands": 4,
      "state": 0,
      "history": 0,
      "controller_params": 0
    }
  },
  "raw_condition_number": 1.509841383133228,
  "effective_condition_number": 1.509841383133228,
  "condition_number": 1.509841383133228,
  "raw_singular_values": [
    68.68394130361682,
    58.52392153096606,
    57.756945682488535,
    46.060851501772675
  ],
  "singular_values": [
    68.68394130361682,
    58.52392153096606,
    57.756945682488535,
    46.060851501772675
  ],
  "effective_singular_values": [
    68.68394130361682,
    58.52392153096606,
    57.756945682488535,
    46.060851501772675
  ],
  "conditioning_pruned_features": [],
  "conditioning_baseline_drops": [],
  "conditioning_extra_pruned_features": [],
  "selection_frequency": [
    [
      0.0,
      0.0,
      0.0,
      0.0,
      0.0,
      0.0,
      0.0,
      0.0,
      0.0,
      0.0,
      0.0,
      0.0
    ],
    [
      0.0,
      0.0,
      0.0,
      0.0,
      0.0,
      0.0,
      0.0,
      0.0,
      0.0,
      0.0,
      0.0,
      0.0
    ],
    [
      0.0,
      0.0,
      0.0,
      0.0,
      0.0,
      0.0,
      0.0,
      0.0,
      0.0,
      0.0,
      0.0,
      0.0
    ],
    [
      0.0,
      0.0,
      1.0,
      1.0,
      0.3333333333333333,
      1.0,
      0.0,
      0.0,
      1.0,
      1.0,
      0.3333333333333333,
      1.0
    ]
  ],
  "backend_consistency": {
    "ardupilot": {
      "r2": 0.9983897072350129,
      "mse": 0.0013779936613171353,
      "mae": 0.023783260630449353,
      "residual_mean_abs": 0.023783260630449353,
      "residual_std": 0.037120273483171776,
      "residual_max_abs": 0.12758709565383697,
      "sample_count": 5669.0
    }
  },
  "mode_consistency": {
    "GUIDED_NOGPS": {
      "r2": -0.5081537255162658,
      "mse": 0.0019799573600359343,
      "mae": 0.033106994372265046,
      "residual_mean_abs": 0.033106994372265046,
      "residual_std": 0.04447447214180078,
      "residual_max_abs": 0.11897228652327385,
      "sample_count": 2834.0
    },
    "STABILIZE": {
      "r2": -229.7439808010321,
      "mse": 0.0007762422954726637,
      "mae": 0.014462815683604318,
      "residual_mean_abs": 0.014462815683604318,
      "residual_std": 0.02779152869725611,
      "residual_max_abs": 0.12758709565383697,
      "sample_count": 2835.0
    }
  },
  "scenario_consistency": 0.9983253468152717,