feature,future_state_roll,future_state_pitch,future_state_yaw,future_state_roll_rate,future_state_pitch_rate,future_state_yaw_rate,future_state_position_x,future_state_position_y,future_state_position_z,future_state_velocity_x,future_state_velocity_y,future_state_velocity_z,future_state_altitude,future_state_vertical_speed,future_state_heading
command_roll,0.3958529268406442,0.0011084062027964063,-1.148443096268418,0.007624080885840108,-0.014369158099817595,-0.0499272059989207,0.522271983769672,-4.668858403525406,-1.7560086895661389,-0.004366129165122391,0.849781299693787,0.34314696577286924,1.7560086895661389,-0.34314696577286924,-1.1486434077695078
command_pitch,-0.0014965346160865137,0.36293077956177555,-1.2059420957034628,-0.007696307704773446,-0.02171810730223577,0.10283921340188872,4.741441606144658,-0.7618851023104878,0.11408007926651285,-0.734184059478352,0.1206229252921362,0.3194439873570658,-0.11408007926651285,-0.3194439873570658,-1.2061321106723977
command_yaw,0.007494930702634232,0.008750759073929939,-0.4627533705461478,-0.017664591821438546,0.005145230865899448,-0.08650955219001766,-0.0512363115741754,-0.40160242860172474,-0.7551000698309361,0.09612310259653503,-0.04956476985763385,0.14562526809540774,0.7551000698309361,-0.14562526809540774,-0.46390296165272027
command_throttle,-0.0034696404753430743,-0.00178646534850101,0.9630181875060007,-0.0015729643029168856,-0.00045493824720660534,0.11450649579956018,0.22243064285216405,-0.979542507384558,0.13108053256662638,0.05746341722324422,-0.24663589984923195,0.0005257525153297216,-0.13108053256662638,-0.0005257525153297216,0.9628058891014915
