feature,roll__h1,pitch__h1,yaw__h1,roll_rate__h1,pitch_rate__h1,yaw_rate__h1,roll__h2,pitch__h2,yaw__h2,roll_rate__h2,pitch_rate__h2,yaw_rate__h2
command_throttle,-1.3070714474838038e-28,5.156142392028234e-29,1.2390380902603047e-24,0.0037424929046568703,0.006806691652897374,0.005198333264425217,-1.3070714474838038e-28,5.156142392028234e-29,1.2390380902603047e-24,0.0037424929046568703,0.006806691652897374,0.005198333264425217
