{
  "x_schema": "commands_only",
  "y_schema": "future_state_horizon",
  "pooling_mode": "pooled",
  "model_name": "ridge_affine",
  "feature_names": [
    "command_throttle"
  ],
  "response_names": [
    "roll__h1",
    "pitch__h1",
    "yaw__h1",
    "roll_rate__h1",
    "pitch_rate__h1",
    "yaw_rate__h1",
    "roll__h2",
    "pitch__h2",
    "yaw__h2",
    "roll_rate__h2",
    "pitch_rate__h2",
    "yaw_rate__h2"
  ],
  "schema_metadata": {
    "x_schema": "commands_only",
    "y_schema": "future_state_horizon",
    "feature_count": 4,
    "response_count": 12,
    "strict_raw_linear": true,
    "requested_feature_columns": [
      "command_roll",
      "command_pitch",
      "command_yaw",
      "command_throttle"
    ],
    "requested_response_columns": [
      "roll__h1",
      "pitch__h1",
      "yaw__h1",
      "roll_rate__h1",
      "pitch_rate__h1",
      "yaw_rate__h1",
      "roll__h2",
      "pitch__h2",
      "yaw__h2",
      "roll_rate__h2",
      "pitch_rate__h2",
      "yaw_rate__h2"
    ],
    "dropped_unavailable_features": [],
    "dropped_unavailable_responses": [],
    "partial_feature_columns": {},
    "partial_response_columns": {
      "roll__h1": 0.9947027663331371,
      "pitch__h1": 0.9947027663331371,
      "yaw__h1": 0.9947027663331371,
      "roll_rate__h1": 0.9947027663331371,
      "pitch_rate__h1": 0.9947027663331371,
      "yaw_rate__h1": 0.9947027663331371,
      "roll__h2": 0.9894055326662743,
      "pitch__h2": 0.9894055326662743,
      "yaw__h2": 0.9894055326662743,
      "roll_rate__h2": 0.9894055326662743,
      "pitch_rate__h2": 0.9894055326662743,
      "yaw_rate__h2": 0.9894055326662743
    },
    "dropped_response_leakage_features": [],
    "dropped_zero_variance_features": [
      "command_roll",
      "command_pitch",
      "command_yaw"
    ]
  },
  "repeat_metrics": [
    {
      "repeat_index": 1,
      "train": {
        "r2": 0.008825070999799789,
        "mse": 1.5636244203627305e-10,
        "mae": 6.245016128936622e-06,
        "residual_mean_abs": 6.245016128936622e-06,
        "residual_std": 1.2504496872576369e-05,
        "residual_max_abs": 4.9045394623925716e-05
      },
      "val": {
        "r2": -0.9930033260748763,
        "mse": 1.033055549649646e-05,
        "mae": 0.0015606955040646038,
        "residual_mean_abs": 0.0015606955040646038,
        "residual_std": 0.002809990301372194,
        "residual_max_abs": 0.008095504296984295
      },
      "test": {
        "r2": -19955518356108.33,
        "mse": 3.868785498676819e-11,
        "mae": 3.8036787099378525e-06,
        "residual_mean_abs": 3.8036787099378525e-06,
        "residual_std": 5.419535766562111e-06,
        "residual_max_abs": 1.2486288364746932e-05
      },
      "condition_number": 1.0,
      "raw_condition_number": 1.0,
      "raw_singular_values": [
        30.561413579872283
      ],
      "effective_condition_number": 1.0,
      "singular_values": [
        30.561413579872283
      ],
      "effective_singular_values": [
        30.561413579872283
      ],
      "conditioning_pruned_features": [],
      "conditioning_baseline_drops": [],
      "conditioning_extra_pruned_features": []
    },
    {
      "repeat_index": 2,
      "train": {
        "r2": 0.009189906261717451,
        "mse": 3.2818762384050053e-06,
        "mae": 0.0009900407173952898,
        "residual_mean_abs": 0.0009900407173952898,
        "residual_std": 0.0018115949432489056,
        "residual_max_abs": 0.006616502760449542
      },
      "val": {
        "r2": -4.320468904146951e+17,
        "mse": 8.376112885451864e-07,
        "mae": 0.0006199030856925806,
        "residual_mean_abs": 0.0006199030856925806,
        "residual_std": 0.000673298932788606,
        "residual_max_abs": 0.002195869071042949
      },
      "test": {
        "r2": -4.3500319108206534e+17,
        "mse": 8.433426825990909e-07,
        "mae": 0.0006193942961565855,
        "residual_mean_abs": 0.0006193942961565855,
        "residual_std": 0.0006780069236284031,
        "residual_max_abs": 0.002560545982479418
      },
      "condition_number": 1.0,
      "raw_condition_number": 1.0,
      "raw_singular_values": [
        30.495901363953806
      ],
      "effective_condition_number": 1.0,
      "singular_values": [
        30.495901363953806
      ],
      "effective_singular_values": [
        30.495901363953806
      ],
      "conditioning_pruned_features": [],
      "conditioning_baseline_drops": [],
      "conditioning_extra_pruned_features": []
    }
  ],
  "split_records": [
    {
      "repeat_index": 1,
      "train_count": 934,
      "val_count": 372,
      "test_count": 375
    },
    {
      "repeat_index": 2,
      "train_count": 930,
      "val_count": 375,
      "test_count": 376
    }
  ],
  "median_test_r2": -2.1751157330021072e+17,
  "median_test_mse": 4.216906852270388e-07,
  "median_test_mae": 0.0003115989874332617,
  "coefficient_stability": 1.0,
  "nonzero_count": 0,
  "sparsity_ratio": 1.0,
  "block_sparsity_summary": {
    "feature_blocks": {
      "commands": 1,
      "state": 0,
      "history": 0,
      "controller_params": 0
    }
  },
  "raw_condition_number": 1.0,
  "effective_condition_number": 1.0,
  "condition_number": 1.0,
  "raw_singular_values": [
    30.561413579872283
  ],
  "singular_values": [
    30.561413579872283
  ],
  "effective_singular_values": [
    30.561413579872283
  ],
  "conditioning_pruned_features": [],
  "conditioning_baseline_drops": [],
  "conditioning_extra_pruned_features": [],
  "selection_frequency": [
    [
      0.0,
      0.0,
      0.0,
      0.0,
      0.0,
      0.0,
      0.0,
      0.0,
      0.0,
      0.0,
      0.0,
      0.0
    ]
  ],
  "backend_consistency": {
    "ardupilot": {
      "r2": 0.0034332194932356064,
      "mse": 2.0263376795412087e-06,
      "mae": 0.0005842228055164603,
      "residual_mean_abs": 0.0005842228055164603,
      "residual_std": 0.0014230751005375752,
      "residual_max_abs": 0.007356003528716917
    }
  },
  "mode_consistency": {
    "STABILIZE": {
      "r2": 0.0034332194932356064,
      "mse": 2.0263376795412087e-06,
      "mae": 0.0005842228055164603,
      "residual_mean_abs": 0.0005842228055164603,
      "residual_std": 0.0014230751005375752,
      "residual_max_abs": 0.007356003528716917
    }
  },
  "top_influential": {
    "roll__h1": [
      {
        "feature": "command_throttle",
        "weight": -1.3070714474838038e-28,
        "selection_frequency": 0.0
      }
    ],
    "pitch__h1": [
      {
        "feature": "command_throttle",
        "weight": 5.156142392028234e-29,
        "selection_frequency": 0.0
      }
    ],
    "yaw__h1": [
      {
        "feature": "command_throttle",
        "weight": 1.2390380902603047e-24,
        "selection_frequency": 0.0
      }
    ],
    "roll_rate__h1": [
      {
        "feature": "command_throttle",
        "weight": 0.0037424929046568703,
        "selection_frequency": 0.0
      }
    ],
    "pitch_rate__h1": [
      {
        "feature": "command_throttle",
        "weight": 0.006806691652897374,
        "selection_frequency": 0.0
      }
    ],
    "yaw_rate__h1": [
      {
        "feature": "command_throttle",
        "weight": 0.005198333264425217,
        "selection_frequency": 0.0
      }
    ],
    "roll__h2": [
      {
        "feature": "command_throttle",
        "weight": -1.3070714474838038e-28,
        "selection_frequency": 0.0
      }
    ],
    "pitch__h2": [
      {
        "feature": "command_throttle",
        "weight": 5.156142392028234e-29,
        "selection_frequency": 0.0
      }
    ],
    "yaw__h2": [
      {
        "feature": "command_throttle",
        "weight": 1.2390380902603047e-24,
        "selection_frequency": 0.0
      }
    ],
    "roll_rate__h2": [
      {
        "feature": "command_throttle",
        "weight": 0.0037424929046568703,
        "selection_frequency": 0.0
      }
    ],
    "pitch_rate__h2": [
      {
        "feature": "command_throttle",