actuator_1,actuator_2,actuator_3,actuator_4
-2.138561250243715,-2.1344609632136295,-2.2600196663416714,-2.260857407393198
