actuator_1,actuator_2,actuator_3,actuator_4
2.7407566519204867,2.8775805275322988,2.7577199662762935,2.726379914821976
