actuator_1,actuator_2,actuator_3,actuator_4
-1.1465735294771253,-1.04432487882247,-0.8933508594434181,-0.9126442968082356
