actuator_1,actuator_2,actuator_3,actuator_4
-2.585270524465585,-2.427569116472077,-2.549449664311221,-2.546091799421987
