actuator_1,actuator_2,actuator_3,actuator_4
0.5901830411484406,0.5877044732754102,0.5924492400972763,0.5906095381320549
