actuator_1,actuator_2,actuator_3,actuator_4
-0.8047857051019666,-0.6513797148452181,-0.5652259351537403,-0.6160110724743728
