feature,window_mean_roll,window_mean_pitch,window_mean_yaw,window_mean_roll_rate,window_mean_pitch_rate,window_mean_yaw_rate,window_peak_roll,window_peak_pitch,window_peak_yaw,window_peak_roll_rate,window_peak_pitch_rate,window_peak_yaw_rate
command_roll,0.000334246485152977,-0.00042149179953608943,0.0003538327092148832,-0.02516254523550082,0.015465065378161912,-0.0035804386165176573,0.000334246485152977,-0.00042149179953608943,0.0003538327092148832,0.02516254523550082,-0.015559426567669125,-0.0035804386165176573
command_pitch,-0.0004298879153913054,0.0003852578999757993,3.560283555284629e-05,0.009728822338531083,-0.002135576195990434,-0.013511735888637777,-0.0004298879153913054,0.0003852578999757993,3.560283555284629e-05,-0.009912839144700418,0.0016098447466461694,-0.013511735888637777
command_yaw,0.0,-0.0009263346035590938,0.0015248848286403285,-0.04789239668780656,0.03227785178976658,-0.030103231191682504,0.0,-0.0009263346035590938,0.0015248848286403285,0.04738107489042916,-0.03352094031644978,-0.030103231191682504
command_throttle,-0.017751110206453695,0.026658649570745187,-0.03797036365589782,0.8926680534691678,-0.6235056140566219,0.23935177519152193,-0.017751110206453695,0.026658649570745187,-0.03797036365589782,-0.9138883191194664,0.5839852652607952,0.23935177519152193
