feature,future_state_roll,future_state_pitch,future_state_yaw,future_state_roll_rate,future_state_pitch_rate,future_state_yaw_rate,future_state_position_x,future_state_position_y,future_state_position_z,future_state_velocity_x,future_state_velocity_y,future_state_velocity_z,future_state_altitude,future_state_vertical_speed,future_state_heading
command_roll,0.0011397630286327175,0.0018639216730771497,0.004037424561749617,0.0722803655165077,0.0383672971030217,-0.05498290990526159,-1324194.6980143094,5585564.83815839,1.2858136033396685,0.03218376425771221,0.10025575935586692,-0.16471029267363996,-1.2858136033396685,0.16471029267363996,0.004037424561749617
command_pitch,-0.0001941131561333088,-0.009004076161195326,-0.0020529942762543218,-0.022969948857382086,-0.005222266141689871,-0.020893116592642143,-274803.4134855511,1159150.4985520572,1.2311745253228896,-0.03134216929144917,0.09886258922123517,-0.06931132409344917,-1.2311745253228896,0.06931132409344917,-0.0020529942762543218
command_yaw,0.00048074211454156247,0.00020686991016089445,0.016527877102690085,-0.016227000595536053,-0.03444784928661334,-0.002991161290678444,-547649.911753952,2310034.5825244067,1.903062364996849,-0.0062255060175391164,0.05251745409722291,0.6463478088716436,-1.903062364996849,-0.6463478088716436,0.016527877102690085
command_throttle,-0.000734937847921749,-0.0006906745270833001,0.002455712960057951,-0.010638197167396907,0.022781870015732442,-0.17370225866060549,656284.9478544395,-2768267.771225363,-0.30297095048425143,0.010464242056910373,-0.05668831098665033,0.14364380695762793,0.30297095048425143,-0.14364380695762793,0.002455712960057951
