future_state_roll,future_state_pitch,future_state_yaw,future_state_roll_rate,future_state_pitch_rate,future_state_yaw_rate,future_state_position_x,future_state_position_y,future_state_position_z,future_state_velocity_x,future_state_velocity_y,future_state_velocity_z,future_state_altitude,future_state_vertical_speed,future_state_heading
0.2630322883153558,0.02267609916841188,0.2736157041227658,0.16425238367093237,0.11991873425676286,0.10221005735636582,0.7109576506847408,0.3451138398996243,-0.2850107524167539,-0.1425988185740123,0.17467478353112567,-1.3462136233094593,0.2850107524167539,1.3462136233094593,0.26692913482382674
