actuator_1,actuator_2,actuator_3,actuator_4
1.9953056846076607,-0.22448801475236152,1.4184958768916107,-0.16725488391960297
