future_state_roll,future_state_pitch,future_state_yaw,future_state_roll_rate,future_state_pitch_rate,future_state_yaw_rate
-1.2607970223399434e-14,3.084338340286763e-15,8.526512829121202e-14,-2.994271497414047e-13,-1.747144096064801e-13,4.82058837292243e-13
