actuator_1,actuator_2,actuator_3,actuator_4
-46.39368237112379,-46.45705478610385,-46.539992023446956,-46.09895837299359
