feature,future_state_roll,future_state_pitch,future_state_yaw,future_state_roll_rate,future_state_pitch_rate,future_state_yaw_rate
command_roll,0.3956310598141537,0.001138559308897977,-1.1483391057011323,0.007596040890972241,-0.014089689231605437,-0.04965182703922495
command_pitch,-0.0011594176438781574,0.36291007438031386,-1.2057855878569013,-0.0073570105885543465,-0.02138077238319028,0.10251755512620783
command_yaw,0.007399440191252783,0.008656023953338665,-0.4625353736001512,-0.01733667825104013,0.005217686351555114,-0.08617220788744809
command_throttle,-0.0034407374930475274,-0.0017582025412264516,0.9631337015625566,-0.0015459666938032795,-0.00042774168457034825,0.1144944133766686
