feature,roll__h1,pitch__h1,yaw__h1,roll_rate__h1,pitch_rate__h1,yaw_rate__h1,roll__h2,pitch__h2,yaw__h2,roll_rate__h2,pitch_rate__h2,yaw_rate__h2
command_roll,0.00020766962037119957,-0.003140151870323103,-0.009523251842864813,-0.018179609251112262,-0.031207230437147584,-0.01134250263642324,0.00020766962037119957,-0.003140151870323103,-0.009523251842864813,-0.018179609251112262,-0.031207230437147584,-0.01134250263642324
command_pitch,0.0001828540162278468,-0.00398059232046589,0.00045200815374654355,0.011062170938551007,-0.014886301536746773,-0.03713670852921769,0.0001828540162278468,-0.00398059232046589,0.00045200815374654355,0.011062170938551007,-0.014886301536746773,-0.03713670852921769
command_yaw,0.002588631489966516,-0.0016530339397240273,0.025180664106170016,0.07513330466489088,0.0077246389961988975,-0.00308173685646749,0.002588631489966516,-0.0016530339397240273,0.025180664106170016,0.07513330466489088,0.0077246389961988975,-0.00308173685646749
command_throttle,-0.06498781888330332,0.006155849389802335,-3.1588918014552108,0.48235963919681624,0.10657236158672986,-1.0153698433261018,-0.06498781888330332,0.006155849389802335,-3.1588918014552108,0.48235963919681624,0.10657236158672986,-1.0153698433261018
