{
  "x_schema": "commands_only",
  "y_schema": "future_state_horizon",
  "pooling_mode": "pooled",
  "model_name": "ols_affine",
  "feature_names": [
    "command_roll",
    "command_pitch",
    "command_yaw",
    "command_throttle"
  ],
  "response_names": [
    "roll__h1",
    "pitch__h1",
    "yaw__h1",
    "roll_rate__h1",
    "pitch_rate__h1",
    "yaw_rate__h1",
    "roll__h2",
    "pitch__h2",
    "yaw__h2",
    "roll_rate__h2",
    "pitch_rate__h2",
    "yaw_rate__h2"
  ],
  "schema_metadata": {
    "x_schema": "commands_only",
    "y_schema": "future_state_horizon",
    "feature_count": 4,
    "response_count": 12,
    "strict_raw_linear": true,
    "requested_feature_columns": [
      "command_roll",
      "command_pitch",
      "command_yaw",
      "command_throttle"
    ],
    "requested_response_columns": [
      "roll__h1",
      "pitch__h1",
      "yaw__h1",
      "roll_rate__h1",
      "pitch_rate__h1",
      "yaw_rate__h1",
      "roll__h2",
      "pitch__h2",
      "yaw__h2",
      "roll_rate__h2",
      "pitch_rate__h2",
      "yaw_rate__h2"
    ],
    "dropped_unavailable_features": [],
    "dropped_unavailable_responses": [],
    "partial_feature_columns": {},
    "partial_response_columns": {
      "roll__h1": 0.994764968917003,
      "pitch__h1": 0.994764968917003,
      "yaw__h1": 0.994764968917003,
      "roll_rate__h1": 0.994764968917003,
      "pitch_rate__h1": 0.994764968917003,
      "yaw_rate__h1": 0.994764968917003,
      "roll__h2": 0.9895299378340059,
      "pitch__h2": 0.9895299378340059,
      "yaw__h2": 0.9895299378340059,
      "roll_rate__h2": 0.9895299378340059,
      "pitch_rate__h2": 0.9895299378340059,
      "yaw_rate__h2": 0.9895299378340059
    },
    "dropped_response_leakage_features": [],
    "dropped_zero_variance_features": []
  },
  "repeat_metrics": [
    {
      "repeat_index": 1,
      "train": {
        "r2": 0.9974236752468122,
        "mse": 0.0021985947533907225,
        "mae": 0.02457122516523644,
        "residual_mean_abs": 0.02457122516523644,
        "residual_std": 0.04688917522617264,
        "residual_max_abs": 0.5225664186819472
      },
      "val": {
        "r2": 0.9990282448061084,
        "mse": 0.0007441811167139474,
        "mae": 0.01542337827960277,
        "residual_mean_abs": 0.01542337827960277,
        "residual_std": 0.027047118962306885,
        "residual_max_abs": 0.11905983317064356
      },
      "test": {
        "r2": 0.9963770144221045,
        "mse": 0.003119420380374026,
        "mae": 0.026747498864181634,
        "residual_mean_abs": 0.026747498864181634,
        "residual_std": 0.055614138557345594,
        "residual_max_abs": 0.6767892766318369
      },
      "condition_number": 1.0195740037488075,
      "raw_condition_number": 1.0195740037488075,
      "raw_singular_values": [
        74.77458981314675,
        74.1246987029995,
        73.91666500535729,
        73.33905095482305
      ],
      "effective_condition_number": 1.0195740037488075,
      "singular_values": [
        74.77458981314675,
        74.1246987029995,
        73.91666500535729,
        73.33905095482305
      ],
      "effective_singular_values": [
        74.77458981314675,
        74.1246987029995,
        73.91666500535729,
        73.33905095482305
      ],
      "conditioning_pruned_features": [],
      "conditioning_baseline_drops": [],
      "conditioning_extra_pruned_features": []
    },
    {
      "repeat_index": 2,
      "train": {
        "r2": 0.9975219929041789,
        "mse": 0.002132234342934561,
        "mae": 0.02273073082570481,
        "residual_mean_abs": 0.02273073082570481,
        "residual_std": 0.046176123082547336,
        "residual_max_abs": 0.6698838924475012
      },
      "val": {
        "r2": 0.9974955695931179,
        "mse": 0.0021403102845707045,
        "mae": 0.023566598809471196,
        "residual_mean_abs": 0.023566598809471196,
        "residual_std": 0.04625471714656459,
        "residual_max_abs": 0.5283403453155415
      },
      "test": {
        "r2": 0.9976686733409319,
        "mse": 0.0020099052843035856,
        "mae": 0.02357910552302841,
        "residual_mean_abs": 0.02357910552302841,
        "residual_std": 0.04481149135166765,
        "residual_max_abs": 0.5104421241616137
      },
      "condition_number": 1.0509158053743195,
      "raw_condition_number": 1.0509158053743195,
      "raw_singular_values": [
        75.81316569646262,
        74.14752164639657,
        74.04266122232261,
        72.1400946762421
      ],
      "effective_condition_number": 1.0509158053743195,
      "singular_values": [
        75.81316569646262,
        74.14752164639657,
        74.04266122232261,
        72.1400946762421
      ],
      "effective_singular_values": [
        75.81316569646262,
        74.14752164639657,
        74.04266122232261,
        72.1400946762421
      ],
      "conditioning_pruned_features": [],
      "conditioning_baseline_drops": [],
      "conditioning_extra_pruned_features": []
    }
  ],
  "split_records": [
    {
      "repeat_index": 1,
      "train_count": 5482,
      "val_count": 1704,
      "test_count": 1887
    },
    {
      "repeat_index": 2,
      "train_count": 5483,
      "val_count": 1699,
      "test_count": 1891
    }
  ],
  "median_test_r2": 0.9970228438815182,
  "median_test_mse": 0.002564662832338806,
  "median_test_mae": 0.02516330219360502,
  "coefficient_stability": 1.0,
  "nonzero_count": 8,
  "sparsity_ratio": 0.8333333333333334,
  "block_sparsity_summary": {
    "feature_blocks": {
      "commands": 4,
      "state": 0,
      "history": 0,
      "controller_params": 0
    }
  },
  "raw_condition_number": 1.0352449045615635,
  "effective_condition_number": 1.0352449045615635,
  "condition_number": 1.0352449045615635,
  "raw_singular_values": [
    74.77458981314675,
    74.1246987029995,
    73.91666500535729,
    73.33905095482305
  ],
  "singular_values": [
    74.77458981314675,
    74.1246987029995,
    73.91666500535729,
    73.33905095482305
  ],
  "effective_singular_values": [
    74.77458981314675,
    74.1246987029995,
    73.91666500535729,
    73.33905095482305
  ],
  "conditioning_pruned_features": [],
  "conditioning_baseline_drops": [],
  "conditioning_extra_pruned_features": [],
  "selection_frequency": [
    [
      0.0,
      0.0,
      0.0,
      0.0,
      0.0,
      0.0,
      0.0,
      0.0,
      0.0,
      0.0,
      0.0,
      0.0
    ],
    [
      0.0,
      0.0,
      0.0,
      0.0,
      0.0,
      0.0,
      0.0,
      0.0,
      0.0,
      0.0,
      0.0,
      0.0
    ],
    [
      0.0,
      0.0,
      0.0,
      0.0,
      0.0,
      0.0,
      0.0,
      0.0,
      0.0,
      0.0,
      0.0,
      0.0
    ],
    [
      0.0,
      0.0,
      1.0,
      1.0,
      1.0,
      1.0,
      0.0,
      0.0,
      1.0,
      1.0,
      1.0,
      1.0
    ]
  ],
  "backend_consistency": {
    "ardupilot": {
      "r2": 0.9975562443591045,
      "mse": 0.002107314993596807,
      "mae": 0.023154989533149282,
      "residual_mean_abs": 0.023154989533149282,
      "residual_std": 0.04590549435714323,
      "residual_max_abs": 0.6733365845396975,
      "sample_count": 9073.0
    }
  },
  "mode_consistency": {
    "GUIDED_NOGPS": {
      "r2": -0.7268999263160378,
      "mse": 0.0034848776609616564,
      "mae": 0.03567889885977573,
      "residual_mean_abs": 0.03567889885977573,
      "residual_std": 0.05901601742727008,
      "residual_max_abs": 0.6733365845396975,
      "sample_count": 4535.0
    },
    "STABILIZE": {
      "r2": -205.34230137291118,
      "mse": 0.0007306630111156278,
      "mae": 0.010639359564826027,
      "residual_mean_abs": 0.010639359564826027,
      "residual_std": 0.026991482555028895,
      "residual_max_abs": 0.41425236449293834,
      "sample_count": 4538.0
    }
  },
  "scenario_consistency": 0.9931483287642352,
  "scenario_subgroup_metrics": {
    "dynamic": {
      "r2": 0.9990713535397643,
      "mse": 0.0007995996421444891,