actuator_1,actuator_2,actuator_3,actuator_4
-5.102018137745169,-4.981587153753809,-7.331315119885836,-6.750275753379692
