feature,window_mean_roll,window_mean_pitch,window_mean_yaw,window_mean_roll_rate,window_mean_pitch_rate,window_mean_yaw_rate,window_peak_roll,window_peak_pitch,window_peak_yaw,window_peak_roll_rate,window_peak_pitch_rate,window_peak_yaw_rate
command_roll,8.99241488046194e-05,-2.429362107210918e-05,0.0009758891837587227,-1.9937071360227395e-05,0.002657186969433134,-0.002569036457886237,8.99241488046194e-05,-2.429362107210918e-05,0.0009758891837587227,1.754515031769708e-05,-0.002649724023567102,-0.002569036457886237
command_pitch,-0.00035961355722538807,0.00027049903419334824,0.0028775103451407166,0.0014865936747924901,-0.0075192192073337515,0.013031133975599298,-0.00035961355722538807,0.00027049903419334824,0.0028775103451407166,-0.0015094965449727472,0.007477925511643663,0.013031133975599298
command_yaw,-5.282309947609817e-05,8.420012343827249e-05,0.01368653917165894,-0.0010103810516885689,-0.005715681284019893,0.014728062680679348,-5.282309947609817e-05,8.420012343827249e-05,0.01368653917165894,0.0009301383736546416,0.005662436303666985,0.014728062680679348
command_throttle,-0.06659998596222802,0.005274074407047196,-3.130394136639339,0.4553624717341713,0.08351766545763997,-0.9987045258732881,-0.06659998596222802,0.005274074407047196,-3.130394136639339,-0.4380203929115709,-0.0768228075821194,-0.9987045258732881
