future_state_roll,future_state_pitch,future_state_yaw,future_state_roll_rate,future_state_pitch_rate,future_state_yaw_rate
-1.3608558724342856e-13,3.741104648291582e-14,-1.1368683772161603e-12,2.564060075371799e-13,3.1017896584550897e-13,-3.518296765037121e-13
