actuator_1,actuator_2,actuator_3,actuator_4
0.3256310659957451,0.3236976476555339,0.3242388670149741,0.32238801600462713
