{
  "x_schema": "commands_only",
  "y_schema": "actuator_response",
  "pooling_mode": "pooled",
  "model_name": "ols_affine",
  "feature_names": [
    "command_roll",
    "command_pitch",
    "command_yaw",
    "command_throttle"
  ],
  "response_names": [
    "actuator_1",
    "actuator_2",
    "actuator_3",
    "actuator_4"
  ],
  "schema_metadata": {
    "x_schema": "commands_only",
    "y_schema": "actuator_response",
    "feature_count": 4,
    "response_count": 4,
    "strict_raw_linear": true,
    "requested_feature_columns": [
      "command_roll",
      "command_pitch",
      "command_yaw",
      "command_throttle"
    ],
    "requested_response_columns": [
      "actuator_1",
      "actuator_2",
      "actuator_3",
      "actuator_4"
    ],
    "dropped_unavailable_features": [],
    "dropped_unavailable_responses": [],
    "partial_feature_columns": {},
    "partial_response_columns": {},
    "dropped_response_leakage_features": [],
    "dropped_zero_variance_features": []
  },
  "repeat_metrics": [
    {
      "repeat_index": 1,
      "train": {
        "r2": 0.004198280010970223,
        "mse": 0.1226682819254716,
        "mae": 0.3411291322272775,
        "residual_mean_abs": 0.3411291322272775,
        "residual_std": 0.35024032024521623,
        "residual_max_abs": 0.6507043920302433
      },
      "val": {
        "r2": -0.006046217481081584,
        "mse": 0.12713789572901144,
        "mae": 0.3444147555133945,
        "residual_mean_abs": 0.3444147555133945,
        "residual_std": 0.3560614033696982,
        "residual_max_abs": 0.7022114341098502
      },
      "test": {
        "r2": 0.0005392907516286183,
        "mse": 0.1264832807761686,
        "mae": 0.3442849323213795,
        "residual_mean_abs": 0.3442849323213795,
        "residual_std": 0.3551807304401783,
        "residual_max_abs": 0.6505223469403901
      },
      "condition_number": 375755.0706520771,
      "raw_condition_number": 375755.0706520771,
      "raw_singular_values": [
        57.37531138333304,
        33.04653754237835,
        0.00032005004840471145,
        0.0001526933789177221
      ],
      "effective_condition_number": 375755.0706520771,
      "singular_values": [
        57.37531138333304,
        33.04653754237835,
        0.00032005004840471145,
        0.0001526933789177221
      ],
      "effective_singular_values": [
        57.37531138333304,
        33.04653754237835,
        0.00032005004840471145,
        0.0001526933789177221
      ],
      "conditioning_pruned_features": [],
      "conditioning_baseline_drops": [],
      "conditioning_extra_pruned_features": []
    },
    {
      "repeat_index": 2,
      "train": {
        "r2": 0.005108088502103314,
        "mse": 0.12431465210810037,
        "mae": 0.34303448649367474,
        "residual_mean_abs": 0.34303448649367474,
        "residual_std": 0.35258283013796965,
        "residual_max_abs": 0.6427318803644679
      },
      "val": {
        "r2": 0.0022167473837765295,
        "mse": 0.12118231602646092,
        "mae": 0.33957452404554855,
        "residual_mean_abs": 0.33957452404554855,
        "residual_std": 0.3480911365141794,
        "residual_max_abs": 0.4883661113209289
      },
      "test": {
        "r2": 0.0001104417024871962,
        "mse": 0.1263598552377113,
        "mae": 0.3443062130511136,
        "residual_mean_abs": 0.3443062130511136,
        "residual_std": 0.3554191269786216,
        "residual_max_abs": 0.7235816823315576
      },
      "condition_number": 309861.5010767,
      "raw_condition_number": 309861.5010767,
      "raw_singular_values": [
        57.278049397301984,
        33.033695782824466,
        0.000365841391158177,
        0.00018485048706687817
      ],
      "effective_condition_number": 309861.5010767,
      "singular_values": [
        57.278049397301984,
        33.033695782824466,
        0.000365841391158177,
        0.00018485048706687817
      ],
      "effective_singular_values": [
        57.278049397301984,
        33.033695782824466,
        0.000365841391158177,
        0.00018485048706687817
      ],
      "conditioning_pruned_features": [],
      "conditioning_baseline_drops": [],
      "conditioning_extra_pruned_features": []
    }
  ],
  "split_records": [
    {
      "repeat_index": 1,
      "train_count": 1096,
      "val_count": 362,
      "test_count": 370
    },
    {
      "repeat_index": 2,
      "train_count": 1093,
      "val_count": 373,
      "test_count": 362
    }
  ],
  "median_test_r2": 0.00032486622705790724,
  "median_test_mse": 0.12642156800693993,
  "median_test_mae": 0.34429557268624655,
  "coefficient_stability": 0.25,
  "nonzero_count": 12,
  "sparsity_ratio": 0.25,
  "block_sparsity_summary": {
    "feature_blocks": {
      "commands": 4,
      "state": 0,
      "history": 0,
      "controller_params": 0
    }
  },
  "raw_condition_number": 342808.28586438857,
  "effective_condition_number": 342808.28586438857,
  "condition_number": 342808.28586438857,
  "raw_singular_values": [
    57.37531138333304,
    33.04653754237835,
    0.00032005004840471145,
    0.0001526933789177221
  ],
  "singular_values": [
    57.37531138333304,
    33.04653754237835,
    0.00032005004840471145,
    0.0001526933789177221
  ],
  "effective_singular_values": [
    57.37531138333304,
    33.04653754237835,
    0.00032005004840471145,
    0.0001526933789177221
  ],
  "conditioning_pruned_features": [],
  "conditioning_baseline_drops": [],
  "conditioning_extra_pruned_features": [],
  "selection_frequency": [
    [
      1.0,
      1.0,
      1.0,
      1.0
    ],
    [
      1.0,
      1.0,
      1.0,
      1.0
    ],
    [
      1.0,
      1.0,
      1.0,
      1.0
    ],
    [
      0.0,
      0.0,
      0.0,
      0.0
    ]
  ],
  "backend_consistency": {
    "px4": {
      "r2": 0.004358123720801355,
      "mse": 0.1241057805720036,
      "mae": 0.3424918998532034,
      "residual_mean_abs": 0.3424918998532034,
      "residual_std": 0.3522646738453119,
      "residual_max_abs": 0.7128965582208673
    }
  },
  "mode_consistency": {
    "OFFBOARD_ATTITUDE": {
      "r2": 0.0025687638090975407,
      "mse": 0.12586799450487543,
      "mae": 0.34417239449221865,
      "residual_mean_abs": 0.34417239449221865,
      "residual_std": 0.354765967765264,
      "residual_max_abs": 0.7128965582208673
    },
    "POSCTL": {
      "r2": 0.005850428294787657,
      "mse": 0.12141249371747605,
      "mae": 0.33992350901487434,
      "residual_mean_abs": 0.33992350901487434,
      "residual_std": 0.3484025782830084,
      "residual_max_abs": 0.4968505230543301
    }
  },
  "top_influential": {
    "actuator_1": [
      {
        "feature": "command_pitch",
        "weight": -69922.91864232405,
        "selection_frequency": 1.0
      },
      {
        "feature": "command_roll",
        "weight": 60686.56983200445,
        "selection_frequency": 1.0
      },
      {
        "feature": "command_yaw",
        "weight": -11869.888703647652,
        "selection_frequency": 1.0
      },
      {
        "feature": "command_throttle",
        "weight": -0.006636536529457389,
        "selection_frequency": 0.0
      }
    ],
    "actuator_2": [
      {
        "feature": "command_pitch",
        "weight": -70135.05336316691,
        "selection_frequency": 1.0
      },
      {
        "feature": "command_roll",
        "weight": 61028.72045074839,
        "selection_frequency": 1.0
      },
      {
        "feature": "command_yaw",
        "weight": -12300.991563881242,
        "selection_frequency": 1.0
      },
      {
        "feature": "command_throttle",
        "weight": -0.010247697944634237,
        "selection_frequency": 0.0
      }
    ],
    "actuator_3": [
      {
        "feature": "command_pitch",
        "weight": -75127.08698570846,
        "selection_frequency": 1.0
      },
      {
        "feature": "command_roll",
        "weight": 61680.7942457247,