actuator_1,actuator_2,actuator_3,actuator_4
1.7217883800891505,0.7385948239012694,0.6817350493571321,-0.8544458211735856
