feature,window_mean_roll,window_mean_pitch,window_mean_yaw,window_mean_roll_rate,window_mean_pitch_rate,window_mean_yaw_rate,window_peak_roll,window_peak_pitch,window_peak_yaw,window_peak_roll_rate,window_peak_pitch_rate,window_peak_yaw_rate
command_roll,0.004064708706576518,0.004462315965466994,-0.012909653500454046,-0.01201616543915116,-0.07250571116841376,-0.00185200503962221,0.004064708706576518,0.004462315965466994,-0.012909653500454046,0.007731407065712298,0.06467127848901649,-0.00185200503962221
command_pitch,0.0009932348681449671,-0.006979970818445345,0.002961025729586155,0.006335532105500852,-0.0378525517686312,-0.03748884219530395,0.0009932348681449671,-0.006979970818445345,0.002961025729586155,-0.007177736383656056,0.036306573800571146,-0.03748884219530395
command_yaw,0.001997470615437112,0.0009385564458146657,0.0030702645692993603,0.030952450869640206,-0.0028898608015675456,-0.010196847048325413,0.001997470615437112,0.0009385564458146657,0.0030702645692993603,-0.032476638242360946,8.916442780364806e-05,-0.010196847048325413
command_throttle,-0.00448359232727934,-0.009238750578062832,-0.0029203419058027626,0.0033284842837130856,-0.14823875729745212,-0.1605240829880672,-0.00448359232727934,-0.009238750578062832,-0.0029203419058027626,-0.011657594017818188,0.13302317097706767,-0.1605240829880672
