{
  "x_schema": "commands_only",
  "y_schema": "future_state_horizon",
  "pooling_mode": "pooled",
  "model_name": "lasso_affine",
  "feature_names": [
    "command_roll",
    "command_pitch",
    "command_yaw",
    "command_throttle"
  ],
  "response_names": [
    "roll__h1",
    "pitch__h1",
    "yaw__h1",
    "roll_rate__h1",
    "pitch_rate__h1",
    "yaw_rate__h1",
    "roll__h2",
    "pitch__h2",
    "yaw__h2",
    "roll_rate__h2",
    "pitch_rate__h2",
    "yaw_rate__h2"
  ],
  "schema_metadata": {
    "x_schema": "commands_only",
    "y_schema": "future_state_horizon",
    "feature_count": 4,
    "response_count": 12,
    "strict_raw_linear": true,
    "requested_feature_columns": [
      "command_roll",
      "command_pitch",
      "command_yaw",
      "command_throttle"
    ],
    "requested_response_columns": [
      "roll__h1",
      "pitch__h1",
      "yaw__h1",
      "roll_rate__h1",
      "pitch_rate__h1",
      "yaw_rate__h1",
      "roll__h2",
      "pitch__h2",
      "yaw__h2",
      "roll_rate__h2",
      "pitch_rate__h2",
      "yaw_rate__h2"
    ],
    "dropped_unavailable_features": [],
    "dropped_unavailable_responses": [],
    "partial_feature_columns": {},
    "partial_response_columns": {
      "roll__h1": 0.9972652689152234,
      "pitch__h1": 0.9972652689152234,
      "yaw__h1": 0.9972652689152234,
      "roll_rate__h1": 0.9972652689152234,
      "pitch_rate__h1": 0.9972652689152234,
      "yaw_rate__h1": 0.9972652689152234,
      "roll__h2": 0.9945305378304466,
      "pitch__h2": 0.9945305378304466,
      "yaw__h2": 0.9945305378304466,
      "roll_rate__h2": 0.9945305378304466,
      "pitch_rate__h2": 0.9945305378304466,
      "yaw_rate__h2": 0.9945305378304466
    },
    "dropped_response_leakage_features": [],
    "dropped_zero_variance_features": []
  },
  "repeat_metrics": [
    {
      "repeat_index": 1,
      "train": {
        "r2": 0.247174620934974,
        "mse": 0.05728439418939236,
        "mae": 0.08202981750432523,
        "residual_mean_abs": 0.08202981750432523,
        "residual_std": 0.2393415847473906,
        "residual_max_abs": 2.2234349893782634
      },
      "val": {
        "r2": -2.7338410206995176,
        "mse": 0.0001994607674019002,
        "mae": 0.009021170120854197,
        "residual_mean_abs": 0.009021170120854197,
        "residual_std": 0.013509639462273178,
        "residual_max_abs": 0.10924932475866292
      },
      "test": {
        "r2": 0.03524620798984668,
        "mse": 0.11660642270731132,
        "mae": 0.1544372347105381,
        "residual_mean_abs": 0.1544372347105381,
        "residual_std": 0.34147076636464907,
        "residual_max_abs": 2.2038400185297813
      },
      "condition_number": 344943.6960441331,
      "raw_condition_number": 344943.6960441331,
      "raw_singular_values": [
        65.82125320807943,
        37.941568574901616,
        0.00039689488575114833,
        0.00019081738255526218
      ],
      "effective_condition_number": 344943.6960441331,
      "singular_values": [
        65.82125320807943,
        37.941568574901616,
        0.00039689488575114833,
        0.00019081738255526218
      ],
      "effective_singular_values": [
        65.82125320807943,
        37.941568574901616,
        0.00039689488575114833,
        0.00019081738255526218
      ],
      "conditioning_pruned_features": [],
      "conditioning_baseline_drops": [],
      "conditioning_extra_pruned_features": []
    },
    {
      "repeat_index": 2,
      "train": {
        "r2": 0.24208331500757785,
        "mse": 0.05735431248383453,
        "mae": 0.08172478312041213,
        "residual_mean_abs": 0.08172478312041213,
        "residual_std": 0.23948760402959177,
        "residual_max_abs": 2.21813639880708
      },
      "val": {
        "r2": -2.3521912182354114,
        "mse": 0.0001790731392044863,
        "mae": 0.008383559988101448,
        "residual_mean_abs": 0.008383559988101448,
        "residual_std": 0.012749171513356358,
        "residual_max_abs": 0.10932528297598612
      },
      "test": {
        "r2": 0.036276802747281955,
        "mse": 0.11770109745395885,
        "mae": 0.1556363097156522,
        "residual_mean_abs": 0.1556363097156522,
        "residual_std": 0.3430661948494023,
        "residual_max_abs": 2.2238248385493122
      },
      "condition_number": 339943.2544334915,
      "raw_condition_number": 339943.2544334915,
      "raw_singular_values": [
        66.00476048857705,
        38.044337195702035,
        0.00038414511370196474,
        0.00019416405422891135
      ],
      "effective_condition_number": 339943.2544334915,
      "singular_values": [
        66.00476048857705,
        38.044337195702035,
        0.00038414511370196474,
        0.00019416405422891135
      ],
      "effective_singular_values": [
        66.00476048857705,
        38.044337195702035,
        0.00038414511370196474,
        0.00019416405422891135
      ],
      "conditioning_pruned_features": [],
      "conditioning_baseline_drops": [],
      "conditioning_extra_pruned_features": []
    }
  ],
  "split_records": [
    {
      "repeat_index": 1,
      "train_count": 1443,
      "val_count": 371,
      "test_count": 368
    },
    {
      "repeat_index": 2,
      "train_count": 1451,
      "val_count": 371,
      "test_count": 360
    }
  ],
  "median_test_r2": 0.03576150536856432,
  "median_test_mse": 0.11715376008063508,
  "median_test_mae": 0.15503677221309514,
  "coefficient_stability": 1.0,
  "nonzero_count": 33,
  "sparsity_ratio": 0.3125,
  "block_sparsity_summary": {
    "feature_blocks": {
      "commands": 4,
      "state": 0,
      "history": 0,
      "controller_params": 0
    }
  },
  "raw_condition_number": 342443.4752388123,
  "effective_condition_number": 342443.4752388123,
  "condition_number": 342443.4752388123,
  "raw_singular_values": [
    65.82125320807943,
    37.941568574901616,
    0.00039689488575114833,
    0.00019081738255526218
  ],
  "singular_values": [
    65.82125320807943,
    37.941568574901616,
    0.00039689488575114833,
    0.00019081738255526218
  ],
  "effective_singular_values": [
    65.82125320807943,
    37.941568574901616,
    0.00039689488575114833,
    0.00019081738255526218
  ],
  "conditioning_pruned_features": [],
  "conditioning_baseline_drops": [],
  "conditioning_extra_pruned_features": [],
  "selection_frequency": [
    [
      1.0,
      1.0,
      1.0,
      1.0,
      1.0,
      1.0,
      1.0,
      1.0,
      1.0,
      1.0,
      0.8333333333333334,
      1.0
    ],
    [
      0.5,
      0.3333333333333333,
      1.0,
      0.3333333333333333,
      0.6666666666666666,
      0.6666666666666666,
      0.5,
      0.5,
      1.0,
      0.3333333333333333,
      0.6666666666666666,
      0.6666666666666666
    ],
    [
      0.5,
      0.5,
      0.6666666666666666,
      0.5,
      1.0,
      0.8333333333333334,
      0.5,
      0.3333333333333333,
      0.6666666666666666,
      0.6666666666666666,
      0.8333333333333334,
      0.8333333333333334
    ],
    [
      1.0,
      1.0,
      1.0,
      1.0,
      0.8333333333333334,
      1.0,
      1.0,
      1.0,
      1.0,
      1.0,
      1.0,
      1.0
    ]
  ],
  "backend_consistency": {
    "px4": {
      "r2": 0.2446399752283157,
      "mse": 0.05758328757405585,
      "mae": 0.08162219705237145,
      "residual_mean_abs": 0.08162219705237145,
      "residual_std": 0.23996404696432339,
      "residual_max_abs": 2.2236299139637876
    }
  },
  "mode_consistency": {
    "OFFBOARD_ATTITUDE": {
      "r2": 0.03721031466443869,
      "mse": 0.1140532838677833,
      "mae": 0.15269332684897977,
      "residual_mean_abs": 0.15269332684897977,
      "residual_std": 0.337710576782594,
      "residual_max_abs": 2.2236299139637876
    },
    "POSCTL": {
      "r2": -0.8408279118933328,
      "mse": 0.0002790161734958624,
      "mae": 0.009501078265231572,
      "residual_mean_abs": 0.009501078265231572,
      "residual_std": 0.016284161292673578,