feature,window_mean_roll,window_mean_pitch,window_mean_yaw,window_mean_roll_rate,window_mean_pitch_rate,window_mean_yaw_rate,window_peak_roll,window_peak_pitch,window_peak_yaw,window_peak_roll_rate,window_peak_pitch_rate,window_peak_yaw_rate
command_roll,0.07922400382828007,0.06027937019889118,-0.21413000027201254,0.015912133836998632,0.00724006298938033,-0.04970599184201354,0.003551162691731859,0.002736336702508899,-0.1586933242435914,0.005887290410806791,0.002689661151420825,0.061100700143631004
command_pitch,0.09899639746038442,0.07531769526551017,-0.2651097402882663,0.020119968325788988,0.009177932623979625,-0.061748454503128915,0.004176412882010408,0.003194694239916275,-0.19796299259173078,0.007280125234961516,0.0033447846232895935,0.07611288925878992
command_yaw,0.1990914961698156,0.15097543157849097,-0.5380739767065625,0.0402306822069814,0.019497430077676146,-0.13583035779666647,0.008759758323789581,0.0071576733326638225,-0.3984370157754823,0.01665041425715261,0.006671686975755339,0.16486858747629343
command_throttle,-0.0026199849258552333,-0.0013919799709544076,0.9373610365726723,-0.0036116174624402754,-0.002668780651566246,0.11029706121706864,-0.017894406407946713,-0.013859168480231193,0.9110203386129772,-0.008761000458570138,-0.002028792539128769,-0.11633408558807634
