actuator_1,actuator_2,actuator_3,actuator_4
-0.44649099073439213,-0.43464809708182095,-0.2358271112945145,-0.19875867327399455
