feature,future_state_roll,future_state_pitch,future_state_yaw,future_state_roll_rate,future_state_pitch_rate,future_state_yaw_rate
command_roll,0.19780075440535036,-0.005295497260206838,-0.3797161099438081,0.01263106535900366,-0.0006111219239789637,0.055975914767594954
command_pitch,0.0022098666386088832,0.3827994188007573,-1.158288548084393,0.023633095505747242,0.023493883356130868,-0.009971731587512519
command_yaw,0.0038522910459379382,-0.000904147580891629,-0.9524129091945663,0.0347532427324714,0.009552553371235136,-0.09677393390248032
command_throttle,-5.932013620361183e-06,-0.0024953697387042157,0.8724335204771719,-0.0010381591123918318,-0.001019151969549057,0.11424486659540672
