actuator_1,actuator_2,actuator_3,actuator_4
0.6337438170740604,0.6321342742653119,0.6383371720561843,0.6394764556286316
