feature,window_mean_roll,window_mean_pitch,window_mean_yaw,window_mean_roll_rate,window_mean_pitch_rate,window_mean_yaw_rate,window_peak_roll,window_peak_pitch,window_peak_yaw,window_peak_roll_rate,window_peak_pitch_rate,window_peak_yaw_rate
command_roll,0.2931943762878302,0.03967336796203175,-1.8141665130364717,-0.01583605778274374,0.014499481255456134,-0.11740793979137643,0.07808220419173238,0.03574239845909427,-1.7156214405656076,0.06692620021582733,0.06074697339606086,0.13406882443026286
command_pitch,-0.0496042539402121,0.26119191145521853,-0.2899658275899313,0.0025498557591959624,-0.01648224766025708,0.20620216318756365,-0.0008282546905450609,-0.01524089878527575,-0.10676995057635158,0.010656609730059772,0.03601177781617915,-0.18594945560112736
command_yaw,0.16880592694387994,-0.0071514084311785535,2.0448217670507245,0.0691781016153688,-0.007839762516901687,1.0052118871249194,0.10263968413067528,-0.007111431024043493,2.1532458394975356,-0.13341569284510432,-0.06430195439469408,-1.0926428098907293
command_throttle,-0.003881134261369573,0.0010604371846828875,0.8978587596139078,-0.0034148268842616033,-0.0011585114831194564,0.1273824367643384,-0.01771687456092469,-0.010417173646402163,0.867951087883163,-0.016256714620955858,-0.004770692016342259,-0.13712303079214772
