actuator_1,actuator_2,actuator_3,actuator_4
0.29969785210836064,0.2920074858803464,0.2920283711428608,0.2919833863469513
