feature,actuator_1,actuator_2,actuator_3,actuator_4
command_roll,-0.0002110576347822045,6.095105791443939e-05,4.73681273283965e-05,9.772383010473282e-05
command_pitch,-8.362462510214378e-06,-7.448920581936651e-05,5.413613678322453e-05,-0.00016653661959851746
command_yaw,-0.0005355988652223592,7.124466222462617e-05,0.00016421725888425396,2.683609126852113e-05
command_throttle,0.008476700394948265,-0.002327317840287147,-0.002298101005381098,-0.0024740949309463222
