actuator_1,actuator_2,actuator_3,actuator_4
-1.731076374872199,-1.720168971111334,-1.7508135340569402,-1.751074456338463
