actuator_1,actuator_2,actuator_3,actuator_4
0.5089662424461313,0.48471412719492996,0.5070742343729355,0.4962656627151738
