actuator_1,actuator_2,actuator_3,actuator_4
0.9397865720089873,0.9402440273057331,0.9422012732334646,0.9427074980642022
