feature,future_state_roll,future_state_pitch,future_state_yaw,future_state_roll_rate,future_state_pitch_rate,future_state_yaw_rate
command_roll,0.4357980842296282,-0.003733477421335256,-0.6053760340271968,-0.0017986490223457071,-0.011472264207209818,0.171949113336616
command_pitch,0.0005960744098313772,0.306701376699694,-0.48555994565516736,0.029178667351606152,0.016502917127300974,0.11448736328821908
command_yaw,0.005296268650469688,0.00076301456631204,-0.7433155194828882,0.039990733174302656,0.010542148074070357,-0.0718915556700917
command_throttle,-0.01148139752564528,-0.00455932871128613,8.353287429029715,-0.02586775956440522,-0.005335661263137543,1.2926475441094947
