actuator_1,actuator_2,actuator_3,actuator_4
-23.86106269255769,-23.819219106945788,-23.94329247586144,-23.913832232915453
