feature,roll__h1,pitch__h1,yaw__h1,roll_rate__h1,pitch_rate__h1,yaw_rate__h1,roll__h2,pitch__h2,yaw__h2,roll_rate__h2,pitch_rate__h2,yaw_rate__h2
command_roll,0.2710116517012289,0.04977828462711156,-1.8048394805489183,-0.01564979209292192,0.011216691905886199,-0.08483165723293504,0.31508609401159043,0.02909674815189922,-1.8229112920449033,-0.015426074261268198,0.017232685807740337,-0.14955321026010948
command_pitch,-0.05817488592543883,0.24280070787880553,-0.2716872608062805,0.0004543991901701075,-0.01293912131147262,0.19387330489060844,-0.040546720073998926,0.2791731086479936,-0.30783176069050644,0.004385439231230227,-0.01954407469088547,0.21807128787855
command_yaw,0.20891500238495347,-0.009474400885027214,2.06392385728267,0.07215907755663681,0.0017025612014874673,0.9041942688496575,0.128103838923243,-0.003912104380017568,2.024283302101832,0.06480360026082667,-0.01645607382791135,1.10500878970147
command_throttle,-0.003799953872763164,0.001029656178019134,0.8947075881626241,-0.0032998260652973765,-0.0010820161812140029,0.12598492491532368,-0.003928273602315784,0.0010917905963359425,0.900974588687287,-0.0034981275087458625,-0.0012000864049657226,0.12874529632610895
