{
  "x_schema": "commands_only",
  "y_schema": "future_state_horizon",
  "pooling_mode": "pooled",
  "model_name": "lasso_affine",
  "feature_names": [
    "command_roll",
    "command_pitch",
    "command_yaw",
    "command_throttle"
  ],
  "response_names": [
    "roll__h1",
    "pitch__h1",
    "yaw__h1",
    "roll_rate__h1",
    "pitch_rate__h1",
    "yaw_rate__h1",
    "roll__h2",
    "pitch__h2",
    "yaw__h2",
    "roll_rate__h2",
    "pitch_rate__h2",
    "yaw_rate__h2"
  ],
  "schema_metadata": {
    "x_schema": "commands_only",
    "y_schema": "future_state_horizon",
    "feature_count": 4,
    "response_count": 12,
    "strict_raw_linear": true,
    "requested_feature_columns": [
      "command_roll",
      "command_pitch",
      "command_yaw",
      "command_throttle"
    ],
    "requested_response_columns": [
      "roll__h1",
      "pitch__h1",
      "yaw__h1",
      "roll_rate__h1",
      "pitch_rate__h1",
      "yaw_rate__h1",
      "roll__h2",
      "pitch__h2",
      "yaw__h2",
      "roll_rate__h2",
      "pitch_rate__h2",
      "yaw_rate__h2"
    ],
    "dropped_unavailable_features": [],
    "dropped_unavailable_responses": [],
    "partial_feature_columns": {},
    "partial_response_columns": {
      "roll__h1": 0.9974014724989173,
      "pitch__h1": 0.9974014724989173,
      "yaw__h1": 0.9974014724989173,
      "roll_rate__h1": 0.9974014724989173,
      "pitch_rate__h1": 0.9974014724989173,
      "yaw_rate__h1": 0.9974014724989173,
      "roll__h2": 0.9948029449978346,
      "pitch__h2": 0.9948029449978346,
      "yaw__h2": 0.9948029449978346,
      "roll_rate__h2": 0.9948029449978346,
      "pitch_rate__h2": 0.9948029449978346,
      "yaw_rate__h2": 0.9948029449978346
    },
    "dropped_response_leakage_features": [],
    "dropped_zero_variance_features": []
  },
  "repeat_metrics": [
    {
      "repeat_index": 1,
      "train": {
        "r2": 0.2135750081805543,
        "mse": 0.06265126615177424,
        "mae": 0.08993024927620256,
        "residual_mean_abs": 0.08993024927620256,
        "residual_std": 0.2503023494731407,
        "residual_max_abs": 2.2598835892021976
      },
      "val": {
        "r2": 0.22847846221445312,
        "mse": 0.05704721387695978,
        "mae": 0.0837908920950805,
        "residual_mean_abs": 0.0837908920950805,
        "residual_std": 0.23884413755185474,
        "residual_max_abs": 2.220065574101133
      },
      "test": {
        "r2": 0.276693223815514,
        "mse": 0.035617350969110576,
        "mae": 0.058999985563117224,
        "residual_mean_abs": 0.058999985563117224,
        "residual_std": 0.1887186835296486,
        "residual_max_abs": 2.2014269542529665
      },
      "condition_number": 1.585384414170576,
      "raw_condition_number": 1.585384414170576,
      "raw_singular_values": [
        99.97231066145977,
        83.34526053049895,
        82.47849765762226,
        63.05871924050811
      ],
      "effective_condition_number": 1.585384414170576,
      "singular_values": [
        99.97231066145977,
        83.34526053049895,
        82.47849765762226,
        63.05871924050811
      ],
      "effective_singular_values": [
        99.97231066145977,
        83.34526053049895,
        82.47849765762226,
        63.05871924050811
      ],
      "conditioning_pruned_features": [],
      "conditioning_baseline_drops": [],
      "conditioning_extra_pruned_features": []
    },
    {
      "repeat_index": 2,
      "train": {
        "r2": 0.1840274996696204,
        "mse": 0.07419250756028675,
        "mae": 0.10566018503939033,
        "residual_mean_abs": 0.10566018503939033,
        "residual_std": 0.2723830162845818,
        "residual_max_abs": 2.284015181577118
      },
      "val": {
        "r2": 0.27074476999915165,
        "mse": 0.02015748226369029,
        "mae": 0.041423936610175856,
        "residual_mean_abs": 0.041423936610175856,
        "residual_std": 0.14186148315842384,
        "residual_max_abs": 2.142373014985978
      },
      "test": {
        "r2": 0.24666477342326099,
        "mse": 0.038681160403169434,
        "mae": 0.06289115338235533,
        "residual_mean_abs": 0.06289115338235533,
        "residual_std": 0.19667323857320254,
        "residual_max_abs": 2.266157660311594
      },
      "condition_number": 1.516380533580533,
      "raw_condition_number": 1.516380533580533,
      "raw_singular_values": [
        98.32755430252037,
        83.10401271123565,
        82.29656283466517,
        64.84358782313419
      ],
      "effective_condition_number": 1.516380533580533,
      "singular_values": [
        98.32755430252037,
        83.10401271123565,
        82.29656283466517,
        64.84358782313419
      ],
      "effective_singular_values": [
        98.32755430252037,
        83.10401271123565,
        82.29656283466517,
        64.84358782313419
      ],
      "conditioning_pruned_features": [],
      "conditioning_baseline_drops": [],
      "conditioning_extra_pruned_features": []
    }
  ],
  "split_records": [
    {
      "repeat_index": 1,
      "train_count": 6930,
      "val_count": 2277,
      "test_count": 2278
    },
    {
      "repeat_index": 2,
      "train_count": 6888,
      "val_count": 2286,
      "test_count": 2311
    }
  ],
  "median_test_r2": 0.2616789986193875,
  "median_test_mse": 0.037149255686140005,
  "median_test_mae": 0.06094556947273628,
  "coefficient_stability": 0.9166666666666666,
  "nonzero_count": 48,
  "sparsity_ratio": 0.0,
  "block_sparsity_summary": {
    "feature_blocks": {
      "commands": 4,
      "state": 0,
      "history": 0,
      "controller_params": 0
    }
  },
  "raw_condition_number": 1.5508824738755544,
  "effective_condition_number": 1.5508824738755544,
  "condition_number": 1.5508824738755544,
  "raw_singular_values": [
    99.97231066145977,
    83.34526053049895,
    82.47849765762226,
    63.05871924050811
  ],
  "singular_values": [
    99.97231066145977,
    83.34526053049895,
    82.47849765762226,
    63.05871924050811
  ],
  "effective_singular_values": [
    99.97231066145977,
    83.34526053049895,
    82.47849765762226,
    63.05871924050811
  ],
  "conditioning_pruned_features": [],
  "conditioning_baseline_drops": [],
  "conditioning_extra_pruned_features": [],
  "selection_frequency": [
    [
      1.0,
      1.0,
      1.0,
      1.0,
      1.0,
      1.0,
      1.0,
      1.0,
      1.0,
      1.0,
      1.0,
      1.0
    ],
    [
      1.0,
      1.0,
      1.0,
      1.0,
      1.0,
      1.0,
      1.0,
      1.0,
      1.0,
      1.0,
      1.0,
      1.0
    ],
    [
      1.0,
      1.0,
      1.0,
      1.0,
      1.0,
      1.0,
      1.0,
      1.0,
      1.0,
      1.0,
      1.0,
      1.0
    ],
    [
      1.0,
      1.0,
      1.0,
      1.0,
      1.0,
      1.0,
      1.0,
      1.0,
      1.0,
      1.0,
      1.0,
      1.0
    ]
  ],
  "backend_consistency": {
    "px4": {
      "r2": 0.22942133917552376,
      "mse": 0.056215226860128996,
      "mae": 0.08340423095853897,
      "residual_mean_abs": 0.08340423095853897,
      "residual_std": 0.237097137931662,
      "residual_max_abs": 2.2685709097948905,
      "sample_count": 11485.0
    }
  },
  "mode_consistency": {
    "OFFBOARD_ATTITUDE": {
      "r2": 0.04494604477818098,
      "mse": 0.1116064758295681,
      "mae": 0.15113158460052253,
      "residual_mean_abs": 0.15113158460052253,
      "residual_std": 0.334049828576693,
      "residual_max_abs": 2.2685709097948905,
      "sample_count": 5716.0
    },
    "POSCTL": {
      "r2": -7.659032872112114,
      "mse": 0.0013328591864743152,
      "mae": 0.016299090827220194,
      "residual_mean_abs": 0.016299090827220194,
      "residual_std": 0.036172815858109,
      "residual_max_abs": 0.403851527938635,
      "sample_count": 5769.0
    }
  },
  "scenario_consistency": 0.9341597622233491,
  "scenario_subgroup_metrics": {
    "dynamic": {
      "r2": 0.22177841977267954,
      "mse": 0.05641949799717535,
      "mae": 0.08519830017068303,