actuator_1,actuator_2,actuator_3,actuator_4
-41.10670871278046,-40.84407752335207,-40.889125213067885,-41.144381499608926
