future_state_roll,future_state_pitch,future_state_yaw,future_state_roll_rate,future_state_pitch_rate,future_state_yaw_rate
-4.839184608584901e-14,3.802513859341161e-15,-3.979039320256561e-13,-3.4428015993626104e-13,-2.0058954497415016e-13,4.277689313880728e-13
