actuator_1,actuator_2,actuator_3,actuator_4
0.3007246772941977,0.3008803923211094,0.3011636541968533,0.3001228375714398
