feature,actuator_1,actuator_2,actuator_3,actuator_4
command_roll,0.2864460474652417,0.28625371670321775,0.27199115570430965,0.27195507148365144
command_pitch,0.48067279538120894,0.47909612956723163,0.5409408725373791,0.5425417853006776
command_yaw,0.773300225047937,0.7748377154000238,0.7924984982744339,0.7957162929677699
command_throttle,-0.028330093177117828,-0.02835876651263274,-0.044202401903420806,-0.04597305095452614
