{
  "x_schema": "commands_only",
  "y_schema": "actuator_response",
  "pooling_mode": "pooled",
  "model_name": "ridge_affine",
  "feature_names": [
    "command_roll",
    "command_pitch",
    "command_yaw",
    "command_throttle"
  ],
  "response_names": [
    "actuator_1",
    "actuator_2",
    "actuator_3",
    "actuator_4"
  ],
  "schema_metadata": {
    "x_schema": "commands_only",
    "y_schema": "actuator_response",
    "feature_count": 4,
    "response_count": 4,
    "strict_raw_linear": true,
    "requested_feature_columns": [
      "command_roll",
      "command_pitch",
      "command_yaw",
      "command_throttle"
    ],
    "requested_response_columns": [
      "actuator_1",
      "actuator_2",
      "actuator_3",
      "actuator_4"
    ],
    "dropped_unavailable_features": [],
    "dropped_unavailable_responses": [],
    "partial_feature_columns": {},
    "partial_response_columns": {},
    "dropped_response_leakage_features": [],
    "dropped_zero_variance_features": []
  },
  "repeat_metrics": [
    {
      "repeat_index": 1,
      "train": {
        "r2": 0.009911404084763875,
        "mse": 0.12187935706477084,
        "mae": 0.33721889602902816,
        "residual_mean_abs": 0.33721889602902816,
        "residual_std": 0.34911224135623037,
        "residual_max_abs": 0.7084108438882962
      },
      "val": {
        "r2": -0.045024936283964756,
        "mse": 0.12850162317618943,
        "mae": 0.3407220300654746,
        "residual_mean_abs": 0.3407220300654746,
        "residual_std": 0.3584291871244203,
        "residual_max_abs": 0.7892700734470974
      },
      "test": {
        "r2": 0.008822546084572336,
        "mse": 0.12062100908096783,
        "mae": 0.33619864334761157,
        "residual_mean_abs": 0.33619864334761157,
        "residual_std": 0.34725035278997496,
        "residual_max_abs": 0.6789470960398085
      },
      "condition_number": 1.0343243613107034,
      "raw_condition_number": 1.0343243613107034,
      "raw_singular_values": [
        108.0141257415961,
        106.34993239592286,
        106.21247473840474,
        104.42964487921353
      ],
      "effective_condition_number": 1.0343243613107034,
      "singular_values": [
        108.0141257415961,
        106.34993239592286,
        106.21247473840474,
        104.42964487921353
      ],
      "effective_singular_values": [
        108.0141257415961,
        106.34993239592286,
        106.21247473840474,
        104.42964487921353
      ],
      "conditioning_pruned_features": [],
      "conditioning_baseline_drops": [],
      "conditioning_extra_pruned_features": []
    },
    {
      "repeat_index": 2,
      "train": {
        "r2": 0.006143152272175989,
        "mse": 0.12138330018302289,
        "mae": 0.3366295347550682,
        "residual_mean_abs": 0.3366295347550682,
        "residual_std": 0.34840106225874645,
        "residual_max_abs": 0.7041239929022604
      },
      "val": {
        "r2": 0.008674145211505446,
        "mse": 0.1222897863216786,
        "mae": 0.33742644666027616,
        "residual_mean_abs": 0.33742644666027616,
        "residual_std": 0.3496160415527418,
        "residual_max_abs": 0.6914008194345964
      },
      "test": {
        "r2": -0.005596132385782271,
        "mse": 0.1247550950414835,
        "mae": 0.34021472224880683,
        "residual_mean_abs": 0.34021472224880683,
        "residual_std": 0.35320229512972184,
        "residual_max_abs": 0.713456548733815
      },
      "condition_number": 1.0392051977577677,
      "raw_condition_number": 1.0392051977577677,
      "raw_singular_values": [
        108.28590039051922,
        106.28358809642624,
        106.15167701938972,
        104.20069166721008
      ],
      "effective_condition_number": 1.0392051977577677,
      "singular_values": [
        108.28590039051922,
        106.28358809642624,
        106.15167701938972,
        104.20069166721008
      ],
      "effective_singular_values": [
        108.28590039051922,
        106.28358809642624,
        106.15167701938972,
        104.20069166721008
      ],
      "conditioning_pruned_features": [],
      "conditioning_baseline_drops": [],
      "conditioning_extra_pruned_features": []
    }
  ],
  "split_records": [
    {
      "repeat_index": 1,
      "train_count": 11291,
      "val_count": 3546,
      "test_count": 3906
    },
    {
      "repeat_index": 2,
      "train_count": 11287,
      "val_count": 3558,
      "test_count": 3898
    }
  ],
  "median_test_r2": 0.0016132068493950324,
  "median_test_mse": 0.12268805206122566,
  "median_test_mae": 0.3382066827982092,
  "coefficient_stability": 0.75,
  "nonzero_count": 0,
  "sparsity_ratio": 1.0,
  "block_sparsity_summary": {
    "feature_blocks": {
      "commands": 4,
      "state": 0,
      "history": 0,
      "controller_params": 0
    }
  },
  "raw_condition_number": 1.0367647795342356,
  "effective_condition_number": 1.0367647795342356,
  "condition_number": 1.0367647795342356,
  "raw_singular_values": [
    108.0141257415961,
    106.34993239592286,
    106.21247473840474,
    104.42964487921353
  ],
  "singular_values": [
    108.0141257415961,
    106.34993239592286,
    106.21247473840474,
    104.42964487921353
  ],
  "effective_singular_values": [
    108.0141257415961,
    106.34993239592286,
    106.21247473840474,
    104.42964487921353
  ],
  "conditioning_pruned_features": [],
  "conditioning_baseline_drops": [],
  "conditioning_extra_pruned_features": [],
  "selection_frequency": [
    [
      0.0,
      0.0,
      0.0,
      0.0
    ],
    [
      0.0,
      0.0,
      0.0,
      0.0
    ],
    [
      0.0,
      0.0,
      0.0,
      0.0
    ],
    [
      0.0,
      0.0,
      0.0,
      0.0
    ]
  ],
  "backend_consistency": {
    "px4": {
      "r2": 0.003840687699415146,
      "mse": 0.12232708851546217,
      "mae": 0.33759735740592317,
      "residual_mean_abs": 0.33759735740592317,
      "residual_std": 0.3497520093348709,
      "residual_max_abs": 0.7109336963110557,
      "sample_count": 18743.0
    }
  },
  "mode_consistency": {
    "OFFBOARD_ATTITUDE": {
      "r2": 0.010162221626659917,
      "mse": 0.12334479574632636,
      "mae": 0.3396443517236759,
      "residual_mean_abs": 0.3396443517236759,
      "residual_std": 0.3511611570278119,
      "residual_max_abs": 0.7109336963110557,
      "sample_count": 9159.0
    },
    "POSCTL": {
      "r2": -0.003292832590559236,
      "mse": 0.12135451124840409,
      "mae": 0.3356411365215015,
      "residual_mean_abs": 0.3356411365215015,
      "residual_std": 0.34829277960686744,
      "residual_max_abs": 0.6631884675352663,
      "sample_count": 9584.0
    }
  },
  "scenario_consistency": 0.0,
  "scenario_subgroup_metrics": {
    "dynamic": {
      "r2": -0.009934472711860876,
      "mse": 0.1247043663583347,
      "mae": 0.339916319105205,
      "residual_mean_abs": 0.339916319105205,
      "residual_std": 0.35304035564428343,
      "residual_max_abs": 0.7073436414377008,
      "sample_count": 7118.0
    },
    "nominal": {
      "r2": 0.015342742490877526,
      "mse": 0.1210593198577359,
      "mae": 0.33622248168592517,
      "residual_mean_abs": 0.33622248168592517,
      "residual_std": 0.34793579337671376,
      "residual_max_abs": 0.7109336963110557,
      "sample_count": 9353.0
    },
    "throttle_biased": {
      "r2": -0.0054370177909341955,
      "mse": 0.12009820496359039,
      "mae": 0.3359920947446788,
      "residual_mean_abs": 0.3359920947446788,
      "residual_std": 0.34601030864334126,
      "residual_max_abs": 0.6667659119357463,
      "sample_count": 2272.0
    }
  },
  "top_influential": {
    "actuator_1": [
      {
        "feature": "command_yaw",
        "weight": 0.773300225047937,
        "selection_frequency": 0.0
      },
      {
        "feature": "command_pitch",
        "weight": 0.48067279538120894,
        "selection_frequency": 0.0
      },
      {
        "feature": "command_roll",
        "weight": 0.2864460474652417,