future_state_roll,future_state_pitch,future_state_yaw,future_state_roll_rate,future_state_pitch_rate,future_state_yaw_rate,future_state_position_x,future_state_position_y,future_state_position_z,future_state_velocity_x,future_state_velocity_y,future_state_velocity_z,future_state_altitude,future_state_vertical_speed,future_state_heading
2.2991727685342696,-0.051212101430492006,152.30760794439408,-13.004822747428523,-3.4630994829624147,31.747838431527683,263361.5951846689,-1109274.73012585,-94.78152066629251,0.2413361385264361,-4.153528476866531,-40.72925535090406,94.78152066629251,40.72925535090406,152.30760794439408
