feature,roll__h1,pitch__h1,yaw__h1,roll_rate__h1,pitch_rate__h1,yaw_rate__h1,roll__h2,pitch__h2,yaw__h2,roll_rate__h2,pitch_rate__h2,yaw_rate__h2
command_roll,0.004063784162408963,0.004461299397872329,-0.012906722968998748,-0.012013440318678572,-0.07248932708909617,-0.0018516530669357048,0.004063784162408963,0.004461299397872329,-0.012906722968998748,-0.012013440318678572,-0.07248932708909617,-0.0018516530669357048
command_pitch,0.0009930039219091173,-0.006978398287460601,0.002960367980474678,0.0063341069453544,-0.037844105466524794,-0.03748049883090567,0.0009930039219091173,-0.006978398287460601,0.002960367980474678,0.0063341069453544,-0.037844105466524794,-0.03748049883090567
command_yaw,0.001997003246057292,0.0009383290259960511,0.003069596324017266,0.03094545807275452,-0.002889396823035631,-0.01019482003280141,0.001997003246057292,0.0009383290259960511,0.003069596324017266,0.03094545807275452,-0.002889396823035631,-0.01019482003280141
command_throttle,-0.004482570248928005,-0.009236665862476002,-0.0029196632042747233,0.003327784874197364,-0.14820519329690504,-0.16048773675222552,-0.004482570248928005,-0.009236665862476002,-0.0029196632042747233,0.003327784874197364,-0.14820519329690504,-0.16048773675222552
