future_state_roll,future_state_pitch,future_state_yaw,future_state_roll_rate,future_state_pitch_rate,future_state_yaw_rate
4.78365384206092e-05,-6.708733971365691e-05,-0.0001861378204353059,5.000000063792864e-05,-0.0013333333310158874,-0.0008448717936015981
