feature,future_state_roll,future_state_pitch,future_state_yaw,future_state_roll_rate,future_state_pitch_rate,future_state_yaw_rate,future_state_position_x,future_state_position_y,future_state_position_z,future_state_velocity_x,future_state_velocity_y,future_state_velocity_z,future_state_altitude,future_state_vertical_speed,future_state_heading
command_roll,-0.004314412151708285,0.002038836541465503,-0.006186264230460982,0.047357039412685285,2.7166387394748323e-05,-0.058406786356274415,-463116.1876322898,1953462.9584648716,0.8831003468166535,0.027832055441493538,0.06888634980642597,0.010335099123282333,-0.8831003468166535,-0.010335099123282333,-0.006186264230460982
command_pitch,0.001021137681039763,-0.006174188616792543,-0.002562185814963798,-0.0019824629534241373,0.0036648924538651463,-0.011610033148081452,-564074.1423238419,2379317.3469558638,1.1457445903146504,-0.12367328202285795,0.07313468326504291,0.047226585346063735,-1.1457445903146504,-0.047226585346063735,-0.002562185814963798
command_yaw,0.006492851437998059,-0.00031853921511715527,0.026995828481469787,0.012050522923267094,-0.06056643490109973,0.028472861098583952,-582478.1934177884,2456943.2513047773,5.147966434086002,-0.00458488191526528,0.08489155435261751,0.6792580249537831,-5.147966434086002,-0.6792580249537831,0.026995828481469787
command_throttle,-0.06616131057577591,0.007407574366233895,-3.1615869001617,0.4492943924377695,0.11347567284007368,-1.003137419340586,3147.0085559373333,-13273.832082227538,1.868768807660412,-0.00796547455645249,0.055975754470516684,0.5292399622483428,-1.868768807660412,-0.5292399622483428,-3.1615869001617
