{
  "x_schema": "commands_only",
  "y_schema": "actuator_response",
  "pooling_mode": "pooled",
  "model_name": "lasso_affine",
  "feature_names": [
    "command_roll",
    "command_pitch",
    "command_yaw",
    "command_throttle"
  ],
  "response_names": [
    "actuator_1",
    "actuator_2",
    "actuator_3",
    "actuator_4"
  ],
  "schema_metadata": {
    "x_schema": "commands_only",
    "y_schema": "actuator_response",
    "feature_count": 4,
    "response_count": 4,
    "strict_raw_linear": true,
    "requested_feature_columns": [
      "command_roll",
      "command_pitch",
      "command_yaw",
      "command_throttle"
    ],
    "requested_response_columns": [
      "actuator_1",
      "actuator_2",
      "actuator_3",
      "actuator_4"
    ],
    "dropped_unavailable_features": [],
    "dropped_unavailable_responses": [],
    "partial_feature_columns": {},
    "partial_response_columns": {},
    "dropped_response_leakage_features": [],
    "dropped_zero_variance_features": []
  },
  "repeat_metrics": [
    {
      "repeat_index": 1,
      "train": {
        "r2": 0.0015944220356715055,
        "mse": 0.12431860397632435,
        "mae": 0.34420359369667153,
        "residual_mean_abs": 0.34420359369667153,
        "residual_std": 0.3525884342634119,
        "residual_max_abs": 0.6488213828021279
      },
      "val": {
        "r2": -0.0017245195243302813,
        "mse": 0.12166098897547115,
        "mae": 0.3419999974813537,
        "residual_mean_abs": 0.3419999974813537,
        "residual_std": 0.3481667134031148,
        "residual_max_abs": 0.4572426397411104
      },
      "test": {
        "r2": 0.0013240229865731923,
        "mse": 0.1263839717121022,
        "mae": 0.34559206627319783,
        "residual_mean_abs": 0.34559206627319783,
        "residual_std": 0.35545494617242407,
        "residual_max_abs": 0.6428330745127774
      },
      "condition_number": 344943.65618681366,
      "raw_condition_number": 344943.65618681366,
      "raw_singular_values": [
        66.00330973969781,
        38.04685405142574,
        0.0003979922766399125,
        0.0001913451908909782
      ],
      "effective_condition_number": 344943.65618681366,
      "singular_values": [
        66.00330973969781,
        38.04685405142574,
        0.0003979922766399125,
        0.0001913451908909782
      ],
      "effective_singular_values": [
        66.00330973969781,
        38.04685405142574,
        0.0003979922766399125,
        0.0001913451908909782
      ],
      "conditioning_pruned_features": [],
      "conditioning_baseline_drops": [],
      "conditioning_extra_pruned_features": []
    },
    {
      "repeat_index": 2,
      "train": {
        "r2": 0.0014894195904928687,
        "mse": 0.12438980134184552,
        "mae": 0.34446892522956396,
        "residual_mean_abs": 0.34446892522956396,
        "residual_std": 0.352689383653443,
        "residual_max_abs": 0.6423928772864869
      },
      "val": {
        "r2": -0.0017577360484390958,
        "mse": 0.12166502317359114,
        "mae": 0.3420404031300739,
        "residual_mean_abs": 0.3420404031300739,
        "residual_std": 0.3481682735543809,
        "residual_max_abs": 0.45714009078063944
      },
      "test": {
        "r2": 0.0018353143157684437,
        "mse": 0.1261418765100518,
        "mae": 0.34467189042826823,
        "residual_mean_abs": 0.34467189042826823,
        "residual_std": 0.3551296301288639,
        "residual_max_abs": 0.6472280809360779
      },
      "condition_number": 339942.8438358446,
      "raw_condition_number": 339942.8438358446,
      "raw_singular_values": [
        66.18631079023771,
        38.14934159054138,
        0.0003852014535452186,
        0.00019469835000320964
      ],
      "effective_condition_number": 339942.8438358446,
      "singular_values": [
        66.18631079023771,
        38.14934159054138,
        0.0003852014535452186,
        0.00019469835000320964
      ],
      "effective_singular_values": [
        66.18631079023771,
        38.14934159054138,
        0.0003852014535452186,
        0.00019469835000320964
      ],
      "conditioning_pruned_features": [],
      "conditioning_baseline_drops": [],
      "conditioning_extra_pruned_features": []
    }
  ],
  "split_records": [
    {
      "repeat_index": 1,
      "train_count": 1451,
      "val_count": 373,
      "test_count": 370
    },
    {
      "repeat_index": 2,
      "train_count": 1459,
      "val_count": 373,
      "test_count": 362
    }
  ],
  "median_test_r2": 0.001579668651170818,
  "median_test_mse": 0.12626292411107698,
  "median_test_mae": 0.34513197835073306,
  "coefficient_stability": 1.0,
  "nonzero_count": 8,
  "sparsity_ratio": 0.5,
  "block_sparsity_summary": {
    "feature_blocks": {
      "commands": 4,
      "state": 0,
      "history": 0,
      "controller_params": 0
    }
  },
  "raw_condition_number": 342443.25001132913,
  "effective_condition_number": 342443.25001132913,
  "condition_number": 342443.25001132913,
  "raw_singular_values": [
    66.00330973969781,
    38.04685405142574,
    0.0003979922766399125,
    0.0001913451908909782
  ],
  "singular_values": [
    66.00330973969781,
    38.04685405142574,
    0.0003979922766399125,
    0.0001913451908909782
  ],
  "effective_singular_values": [
    66.00330973969781,
    38.04685405142574,
    0.0003979922766399125,
    0.0001913451908909782
  ],
  "conditioning_pruned_features": [],
  "conditioning_baseline_drops": [],
  "conditioning_extra_pruned_features": [],
  "selection_frequency": [
    [
      1.0,
      1.0,
      1.0,
      1.0
    ],
    [
      0.5,
      0.5,
      0.6666666666666666,
      0.6666666666666666
    ],
    [
      0.5,
      0.5,
      0.6666666666666666,
      0.6666666666666666
    ],
    [
      1.0,
      1.0,
      1.0,
      1.0
    ]
  ],
  "backend_consistency": {
    "px4": {
      "r2": 0.001952719479602516,
      "mse": 0.12421509343000928,
      "mae": 0.34407632968276736,
      "residual_mean_abs": 0.34407632968276736,
      "residual_std": 0.3524315740062466,
      "residual_max_abs": 0.6480247318691028
    }
  },
  "mode_consistency": {
    "OFFBOARD_ATTITUDE": {
      "r2": 0.0020518952451825667,
      "mse": 0.12593321926143214,
      "mae": 0.34517873363731577,
      "residual_mean_abs": 0.34517873363731577,
      "residual_std": 0.35485204509699414,
      "residual_max_abs": 0.6480247318691028
    },
    "POSCTL": {
      "r2": 0.0014832179595580808,
      "mse": 0.12247172424385477,
      "mae": 0.34295772879224756,
      "residual_mean_abs": 0.34295772879224756,
      "residual_std": 0.34995563098486326,
      "residual_max_abs": 0.47889627744654384
    }
  },
  "top_influential": {
    "actuator_1": [
      {
        "feature": "command_roll",
        "weight": 0.29984336770019443,
        "selection_frequency": 1.0
      },
      {
        "feature": "command_throttle",
        "weight": 0.0035296332163272815,
        "selection_frequency": 1.0
      },
      {
        "feature": "command_yaw",
        "weight": 7.772247641911927e-05,
        "selection_frequency": 0.5
      },
      {
        "feature": "command_pitch",
        "weight": 3.2279122693281716e-05,
        "selection_frequency": 0.5
      }
    ],
    "actuator_2": [
      {
        "feature": "command_roll",
        "weight": 0.3032973991626091,
        "selection_frequency": 1.0
      },
      {
        "feature": "command_throttle",
        "weight": -0.0008920093292945101,
        "selection_frequency": 1.0
      },
      {
        "feature": "command_yaw",
        "weight": 8.226042377314508e-05,
        "selection_frequency": 0.5
      },
      {
        "feature": "command_pitch",
        "weight": 2.7534917300395985e-05,
        "selection_frequency": 0.5
      }
    ],
    "actuator_3": [
      {
        "feature": "command_roll",
        "weight": 0.3722304031081657,
        "selection_frequency": 1.0
      },
      {
        "feature": "command_throttle",