actuator_1,actuator_2,actuator_3,actuator_4
0.6065255274731679,0.6049619416405569,0.6107440086172757,0.6097029636252169
