feature,delta_state_roll,delta_state_pitch,delta_state_yaw,delta_state_roll_rate,delta_state_pitch_rate,delta_state_yaw_rate,delta_state_position_x,delta_state_position_y,delta_state_position_z,delta_state_velocity_x,delta_state_velocity_y,delta_state_velocity_z,delta_state_altitude,delta_state_vertical_speed,delta_state_heading
command_roll,0.0,0.0,0.0,0.0,0.0,0.0,-459310.7938223404,1937411.8773043496,-0.009588965483745781,-0.007635740007339502,0.22635824475683836,-0.10955165018856035,0.009588965483745781,0.10955165018856035,0.0
command_pitch,0.0,0.0,0.0,0.0,0.0,0.0,240754.09843053482,-1015520.7764431246,-0.00281233088778952,-0.2976054645449284,-0.01262895898548496,-0.08112646182724184,0.00281233088778952,0.08112646182724184,0.0
command_yaw,0.0,0.0,0.0,0.0,0.0,0.0,-465458.3832549381,1963342.9516979943,0.05679942258092151,0.0010231013907143595,-0.003050200567606684,-0.002361845442728683,-0.05679942258092151,0.002361845442728683,0.0
command_throttle,0.0,0.0,0.0,0.0,0.0,0.0,-807.7322752398904,3407.002881526336,-0.017931925008524415,0.004608822744011088,-0.0013570694077335694,0.25997154280542684,0.017931925008524415,-0.25997154280542684,0.0
