feature,delta_state_roll,delta_state_pitch,delta_state_yaw,delta_state_roll_rate,delta_state_pitch_rate,delta_state_yaw_rate,delta_state_position_x,delta_state_position_y,delta_state_position_z,delta_state_velocity_x,delta_state_velocity_y,delta_state_velocity_z,delta_state_altitude,delta_state_vertical_speed,delta_state_heading
command_roll,0.0,0.0,0.0,0.0,0.0,0.0,-208879.75903858588,881072.5448435161,0.0017674894464225373,-0.007156847166379921,0.1282300320483853,-0.030914291888064327,-0.0017674894464225373,0.030914291888064327,0.0
command_pitch,0.0,0.0,0.0,0.0,0.0,0.0,-6079.466942698098,25643.957848152553,0.0069651059826206,-0.19803052645471253,-0.01091673333281635,-0.06260835275223836,-0.0069651059826206,0.06260835275223836,0.0
command_yaw,0.0,0.0,0.0,0.0,0.0,0.0,-204384.80057315057,862112.450974477,0.07340043943774036,-0.0008733810224740277,0.0028718502791451805,-0.12044562372755963,-0.07340043943774036,0.12044562372755963,0.0
command_throttle,0.0,0.0,0.0,0.0,0.0,0.0,701.8792789527669,-2960.5658838838604,0.054938593858233735,-0.0010221918028309796,0.0008304648509800563,0.008329594313116287,-0.054938593858233735,-0.008329594313116287,0.0
