actuator_1,actuator_2,actuator_3,actuator_4
2.237392261103772,2.224828709295668,2.2745034545732903,2.2494601830398864
