future_state_roll,future_state_pitch,future_state_yaw,future_state_roll_rate,future_state_pitch_rate,future_state_yaw_rate
5.6815663285192386e-14,5.245803791353865e-15,3.865352482534945e-12,4.105604745063829e-13,1.724103498856877e-12,-2.066014026524954e-12
