actuator_1,actuator_2,actuator_3,actuator_4
0.298439554105195,0.2911425010866635,0.29499918286217564,0.2904775490559873
