feature,actuator_1,actuator_2,actuator_3,actuator_4
command_roll,0.0,0.0,0.0,0.0
command_pitch,0.0,0.0,0.0,0.0
command_yaw,0.0,0.0,0.0,0.0
command_throttle,0.006614305532646424,-0.003481439865949538,0.00202332658350803,-0.00450683424175575
