{
  "x_schema": "commands_only",
  "y_schema": "actuator_response",
  "pooling_mode": "stratified",
  "model_name": "lasso_affine",
  "feature_names": [
    "command_roll",
    "command_pitch",
    "command_yaw",
    "command_throttle"
  ],
  "response_names": [
    "actuator_1",
    "actuator_2",
    "actuator_3",
    "actuator_4"
  ],
  "schema_metadata": {
    "x_schema": "commands_only",
    "y_schema": "actuator_response",
    "feature_count": 4,
    "response_count": 4,
    "strict_raw_linear": true,
    "requested_feature_columns": [
      "command_roll",
      "command_pitch",
      "command_yaw",
      "command_throttle"
    ],
    "requested_response_columns": [
      "actuator_1",
      "actuator_2",
      "actuator_3",
      "actuator_4"
    ],
    "dropped_unavailable_features": [],
    "dropped_unavailable_responses": [],
    "partial_feature_columns": {},
    "partial_response_columns": {},
    "dropped_response_leakage_features": [],
    "dropped_zero_variance_features": []
  },
  "group_results": [
    {
      "group_key": [
        "GUIDED_NOGPS"
      ],
      "summary": {
        "model_name": "lasso_affine",
        "repeat_metrics": [
          {
            "repeat_index": 1,
            "train": {
              "r2": 0.18089044232660878,
              "mse": 1.5640247047064574e-07,
              "mae": 0.0003202666126905626,
              "residual_mean_abs": 0.0003202666126905626,
              "residual_std": 0.00039547752208013757,
              "residual_max_abs": 0.0009326881319620117
            },
            "val": {
              "r2": -0.22917260105718684,
              "mse": 1.3644809727375031e-07,
              "mae": 0.0002986671145319602,
              "residual_mean_abs": 0.0002986671145319602,
              "residual_std": 0.0003675939921061955,
              "residual_max_abs": 0.0009005203323814159
            },
            "test": {
              "r2": -0.4944780132881297,
              "mse": 2.488555186494012e-07,
              "mae": 0.0004054369200744321,
              "residual_mean_abs": 0.0004054369200744321,
              "residual_std": 0.0004952305744089946,
              "residual_max_abs": 0.0011000059733505818
            },
            "condition_number": 1.4887231015090887,
            "raw_condition_number": 1.4887231015090887,
            "raw_singular_values": [
              49.05405342421651,
              41.514825411888914,
              40.404069701938354,
              32.95042132045335
            ],
            "effective_condition_number": 1.4887231015090887,
            "singular_values": [
              49.05405342421651,
              41.514825411888914,
              40.404069701938354,
              32.95042132045335
            ],
            "effective_singular_values": [
              49.05405342421651,
              41.514825411888914,
              40.404069701938354,
              32.95042132045335
            ],
            "conditioning_pruned_features": [],
            "conditioning_baseline_drops": [],
            "conditioning_extra_pruned_features": []
          },
          {
            "repeat_index": 2,
            "train": {
              "r2": 0.21034724232254476,
              "mse": 1.261899619377272e-07,
              "mae": 0.0002604002482486823,
              "residual_mean_abs": 0.0002604002482486823,
              "residual_std": 0.00035523226477577626,
              "residual_max_abs": 0.000902917345355081
            },
            "val": {
              "r2": -0.0681586471829061,
              "mse": 2.3731598788284877e-07,
              "mae": 0.0003713292055065543,
              "residual_mean_abs": 0.0003713292055065543,
              "residual_std": 0.0004863454177927892,
              "residual_max_abs": 0.0010366259992360405
            },
            "test": {
              "r2": -0.259905697891087,
              "mse": 2.1016847915237776e-07,
              "mae": 0.00034437782636917745,
              "residual_mean_abs": 0.00034437782636917745,
              "residual_std": 0.00045756125658872704,
              "residual_max_abs": 0.0009523683587071563
            },
            "condition_number": 1.5298420801048607,
            "raw_condition_number": 1.5298420801048607,
            "raw_singular_values": [
              49.51280040336023,
              41.5260427454082,
              40.701350476202926,
              32.364647990311816
            ],
            "effective_condition_number": 1.5298420801048607,
            "singular_values": [
              49.51280040336023,
              41.5260427454082,
              40.701350476202926,
              32.364647990311816
            ],
            "effective_singular_values": [
              49.51280040336023,
              41.5260427454082,
              40.701350476202926,
              32.364647990311816
            ],
            "conditioning_pruned_features": [],
            "conditioning_baseline_drops": [],
            "conditioning_extra_pruned_features": []
          }
        ],
        "split_records": [
          {
            "repeat_index": 1,
            "train_count": 1712,
            "val_count": 574,
            "test_count": 574
          },
          {
            "repeat_index": 2,
            "train_count": 1720,
            "val_count": 571,
            "test_count": 569
          }
        ],
        "median_test_r2": -0.3771918555896083,
        "median_test_mse": 2.295119989008895e-07,
        "median_test_mae": 0.00037490737322180476,
        "coefficient_stability": 1.0,
        "nonzero_count": 4,
        "sparsity_ratio": 0.75,
        "block_sparsity_summary": {
          "feature_blocks": {
            "commands": 4,
            "state": 0,
            "history": 0,
            "controller_params": 0
          }
        },
        "raw_condition_number": 1.5092825908069747,
        "effective_condition_number": 1.5092825908069747,
        "condition_number": 1.5092825908069747,
        "raw_singular_values": [
          49.05405342421651,
          41.514825411888914,
          40.404069701938354,
          32.95042132045335
        ],
        "singular_values": [
          49.05405342421651,
          41.514825411888914,
          40.404069701938354,
          32.95042132045335
        ],
        "effective_singular_values": [
          49.05405342421651,
          41.514825411888914,
          40.404069701938354,
          32.95042132045335
        ],
        "conditioning_pruned_features": [],
        "conditioning_baseline_drops": [],
        "conditioning_extra_pruned_features": [],
        "selection_frequency": [
          [
            0.3333333333333333,
            0.0,
            0.0,
            0.0
          ],
          [
            0.0,
            0.16666666666666666,
            0.0,
            0.16666666666666666
          ],
          [
            0.5,
            0.0,
            0.16666666666666666,
            0.0
          ],
          [
            1.0,
            1.0,
            1.0,
            1.0
          ]
        ],
        "backend_consistency": {
          "ardupilot": {
            "r2": 0.14694460468632964,
            "mse": 1.6267771916033546e-07,
            "mae": 0.000315393024525388,
            "residual_mean_abs": 0.000315393024525388,
            "residual_std": 0.00040304325581809675,
            "residual_max_abs": 0.0009695177113729914,
            "sample_count": 2860.0
          }
        },
        "mode_consistency": {
          "GUIDED_NOGPS": {
            "r2": 0.14694460468632964,
            "mse": 1.6267771916033546e-07,
            "mae": 0.000315393024525388,
            "residual_mean_abs": 0.000315393024525388,
            "residual_std": 0.00040304325581809675,
            "residual_max_abs": 0.0009695177113729914,
            "sample_count": 2860.0
          }
        },
        "scenario_consistency": 0.0,