actuator_1,actuator_2,actuator_3,actuator_4
0.6244995605333804,0.6224542847969183,0.6303734667606014,0.6287873407516041
