actuator_1,actuator_2,actuator_3,actuator_4
0.2939326893485976,0.294065454446759,0.29387768442134365,0.293308692980739
