feature,actuator_1,actuator_2,actuator_3,actuator_4
command_roll,-4.623189872823338e-05,2.5232372308034925e-05,4.363402182799657e-05,-0.0006434931451170237
command_pitch,-0.00026522592940767496,-0.00014629946974354375,0.0002879187195250208,-0.00027301083795054035
command_yaw,0.00018579443298542955,-0.00024521929499483945,7.278855296643754e-05,3.4242893015467714e-05
command_throttle,0.00046762200413921225,0.0006065155863514672,0.0002621619149843188,-0.0006105591583967165
