feature,delta_state_roll,delta_state_pitch,delta_state_yaw,delta_state_roll_rate,delta_state_pitch_rate,delta_state_yaw_rate,delta_state_position_x,delta_state_position_y,delta_state_position_z,delta_state_velocity_x,delta_state_velocity_y,delta_state_velocity_z,delta_state_altitude,delta_state_vertical_speed,delta_state_heading
command_roll,0.0,0.0,0.0,0.0,0.0,0.0,-85680.97355346332,361409.2790063141,0.06254004417321592,-0.01218218455447859,0.29497470320835156,0.09106944405266307,-0.06254004417321592,-0.09106944405266307,0.0
command_pitch,0.0,0.0,0.0,0.0,0.0,0.0,-341417.8297262628,1440129.4425872006,0.23164265217782865,-0.24990724056011032,-0.010271793015723332,-0.11147166786357308,-0.23164265217782865,0.11147166786357308,0.0
command_yaw,0.0,0.0,0.0,0.0,0.0,0.0,-846225.2674285385,3569449.713034515,0.497687652394331,0.08051475078745021,0.06665569092180146,-0.17555877041530438,-0.497687652394331,0.17555877041530438,0.0
command_throttle,0.0,0.0,0.0,0.0,0.0,0.0,48388.31371984296,-204106.0874554083,0.07197147830329739,-0.001063543399915469,0.005387189922802824,0.05382101520381573,-0.07197147830329739,-0.05382101520381573,0.0
