actuator_1,actuator_2,actuator_3,actuator_4
-2.1387468817850133,-2.1346461804866648,-2.2602197343582673,-2.261057478511048
