feature,actuator_1,actuator_2,actuator_3,actuator_4
command_roll,0.3922951024020126,0.39216760896905456,0.3457992795847188,0.3455536515351169
command_pitch,0.07143994467233997,0.07056947633184474,0.07208779889751496,0.07502136567530723
command_yaw,0.6124765501933105,0.6134293826496962,0.6057222158284714,0.6081026155958054
command_throttle,-3.156395955150739,-3.1515802429842137,-3.339427423141448,-3.3385331373775204
