roll__h1,pitch__h1,yaw__h1,roll_rate__h1,pitch_rate__h1,yaw_rate__h1,roll__h2,pitch__h2,yaw__h2,roll_rate__h2,pitch_rate__h2,yaw_rate__h2
0.03999999999999947,0.02999999999999979,355.5700000000046,0.00045117728043623465,-0.016576966424952114,0.34672835005777575,0.03999999999999947,0.02999999999999979,355.5700000000046,0.00045117728043623465,-0.016576966424952114,0.34672835005777575
