feature,delta_state_roll,delta_state_pitch,delta_state_yaw,delta_state_roll_rate,delta_state_pitch_rate,delta_state_yaw_rate,delta_state_position_x,delta_state_position_y,delta_state_position_z,delta_state_velocity_x,delta_state_velocity_y,delta_state_velocity_z,delta_state_altitude,delta_state_vertical_speed,delta_state_heading
command_roll,0.007092205437325904,0.006245041151090665,-0.015738357484568324,0.00631800687790648,-0.00032741299772505043,-0.012018835739092387,0.0007890900275026286,0.009178358877453288,-0.00582250417234126,-0.05631507129381941,0.07219360690948129,-0.006902672665373312,0.00582250417234126,0.006902672665373312,-0.015849807246763464
command_pitch,0.00890384151445666,0.007875793265495002,-0.019544550870482867,0.007809232917250199,-0.0004980662137895589,-0.014997317118936492,0.0006578334244285321,0.011848987114579157,-0.007221536084281615,-0.07027100506723573,0.09017861181064468,-0.008652526815439137,0.007221536084281615,0.008652526815439137,-0.01968611688563099
command_yaw,0.017291911320764596,0.01505676898397984,-0.03840592796958728,0.016221655571592015,-0.0011157499372451858,-0.03242147309982531,0.002022333622812674,0.022549530501837535,-0.014796242229248607,-0.14142518414082003,0.18121942549148556,-0.016986363447037613,0.014796242229248607,0.016986363447037613,-0.03874970635113384
command_throttle,-0.00015518128189215518,-0.00012358978982901766,0.012776040590739349,-0.0003379270219108127,0.0005130459719906661,0.009896743899489047,0.01119748512324939,-0.016163978325953038,-0.00282892926220345,-0.0003296323521145574,0.0002904368296188811,0.001019276675786041,0.00282892926220345,-0.001019276675786041,0.012780961783953198
