feature,roll__h1,pitch__h1,yaw__h1,roll_rate__h1,pitch_rate__h1,yaw_rate__h1,roll__h2,pitch__h2,yaw__h2,roll_rate__h2,pitch_rate__h2,yaw_rate__h2
command_roll,-0.0023542472805463837,-0.00451494031712384,0.003203450875231321,0.008674000439853252,-0.014371353052041222,0.004951155691630132,-0.002926119828685708,-0.004485329332353533,0.0028592202843610052,0.007473112308491548,-0.016319551630454225,0.005036043759870635
command_pitch,-0.00291730618825992,-0.0056516893565771885,0.004011323190760443,0.010874255558302693,-0.01789166314848632,0.006172137893686784,-0.003616301127262634,-0.005620292250929863,0.0035816858526913093,0.009366580831568673,-0.020319440257092557,0.006273427550312832
command_yaw,-0.005833816828628441,-0.011355375930541157,0.008008433605335902,0.022213331778364084,-0.03505215635774832,0.01224691386344296,-0.00727037070593464,-0.011271719156243759,0.007149337168650206,0.019323033165935366,-0.04008904319575849,0.01244492437099608
command_throttle,0.02109686107054426,0.003036431099487019,-0.008111199596375011,0.0006654845308018987,-0.00020630343202046115,0.0016428269692140675,0.021053062715644656,0.0031128437116901882,-0.007933186232272663,0.0007497326893474045,-0.0001569311651043567,0.001661153641041229
