{
  "x_schema": "commands_only",
  "y_schema": "future_state_horizon",
  "pooling_mode": "pooled",
  "model_name": "ridge_affine",
  "feature_names": [
    "command_roll",
    "command_pitch",
    "command_yaw",
    "command_throttle"
  ],
  "response_names": [
    "roll__h1",
    "pitch__h1",
    "yaw__h1",
    "roll_rate__h1",
    "pitch_rate__h1",
    "yaw_rate__h1",
    "roll__h2",
    "pitch__h2",
    "yaw__h2",
    "roll_rate__h2",
    "pitch_rate__h2",
    "yaw_rate__h2"
  ],
  "schema_metadata": {
    "x_schema": "commands_only",
    "y_schema": "future_state_horizon",
    "feature_count": 4,
    "response_count": 12,
    "strict_raw_linear": true,
    "requested_feature_columns": [
      "command_roll",
      "command_pitch",
      "command_yaw",
      "command_throttle"
    ],
    "requested_response_columns": [
      "roll__h1",
      "pitch__h1",
      "yaw__h1",
      "roll_rate__h1",
      "pitch_rate__h1",
      "yaw_rate__h1",
      "roll__h2",
      "pitch__h2",
      "yaw__h2",
      "roll_rate__h2",
      "pitch_rate__h2",
      "yaw_rate__h2"
    ],
    "dropped_unavailable_features": [],
    "dropped_unavailable_responses": [],
    "partial_feature_columns": {},
    "partial_response_columns": {
      "roll__h1": 0.9966887417218543,
      "pitch__h1": 0.9966887417218543,
      "yaw__h1": 0.9966887417218543,
      "roll_rate__h1": 0.9966887417218543,
      "pitch_rate__h1": 0.9966887417218543,
      "yaw_rate__h1": 0.9966887417218543,
      "roll__h2": 0.9933774834437086,
      "pitch__h2": 0.9933774834437086,
      "yaw__h2": 0.9933774834437086,
      "roll_rate__h2": 0.9933774834437086,
      "pitch_rate__h2": 0.9933774834437086,
      "yaw_rate__h2": 0.9933774834437086
    },
    "dropped_response_leakage_features": [],
    "dropped_zero_variance_features": []
  },
  "repeat_metrics": [
    {
      "repeat_index": 1,
      "train": {
        "r2": 0.019120959287325046,
        "mse": 0.00010792733289421081,
        "mae": 0.004693509370548163,
        "residual_mean_abs": 0.004693509370548163,
        "residual_std": 0.0103888080593594,
        "residual_max_abs": 0.11475316805769382
      },
      "val": {
        "r2": -0.1321609802890098,
        "mse": 9.218951512259184e-06,
        "mae": 0.0015545948337341647,
        "residual_mean_abs": 0.0015545948337341647,
        "residual_std": 0.003036272628750736,
        "residual_max_abs": 0.013876491304915861
      },
      "test": {
        "r2": -0.07927548556874742,
        "mse": 7.121213121943066e-05,
        "mae": 0.0037406473926465678,
        "residual_mean_abs": 0.0037406473926465678,
        "residual_std": 0.008426040809763072,
        "residual_max_abs": 0.07960125020984561
      },
      "condition_number": 446498.17889490817,
      "raw_condition_number": 446498.17889490817,
      "raw_singular_values": [
        33.10224770757694,
        18.553738078241864,
        0.00015721812683400444,
        7.41374752961046e-05
      ],
      "effective_condition_number": 446498.17889490817,
      "singular_values": [
        33.10224770757694,
        18.553738078241864,
        0.00015721812683400444,
        7.41374752961046e-05
      ],
      "effective_singular_values": [
        33.10224770757694,
        18.553738078241864,
        0.00015721812683400444,
        7.41374752961046e-05
      ],
      "conditioning_pruned_features": [],
      "conditioning_baseline_drops": [],
      "conditioning_extra_pruned_features": []
    },
    {
      "repeat_index": 2,
      "train": {
        "r2": 0.019120959287325046,
        "mse": 0.00010792733289421081,
        "mae": 0.004693509370548163,
        "residual_mean_abs": 0.004693509370548163,
        "residual_std": 0.0103888080593594,
        "residual_max_abs": 0.11475316805769382
      },
      "val": {
        "r2": -0.1321609802890098,
        "mse": 9.218951512259184e-06,
        "mae": 0.0015545948337341647,
        "residual_mean_abs": 0.0015545948337341647,
        "residual_std": 0.003036272628750736,
        "residual_max_abs": 0.013876491304915861
      },
      "test": {
        "r2": -0.07927548556874742,
        "mse": 7.121213121943066e-05,
        "mae": 0.0037406473926465678,
        "residual_mean_abs": 0.0037406473926465678,
        "residual_std": 0.008426040809763072,
        "residual_max_abs": 0.07960125020984561
      },
      "condition_number": 446498.17889490817,
      "raw_condition_number": 446498.17889490817,
      "raw_singular_values": [
        33.10224770757694,
        18.553738078241864,
        0.00015721812683400444,
        7.41374752961046e-05
      ],
      "effective_condition_number": 446498.17889490817,
      "singular_values": [
        33.10224770757694,
        18.553738078241864,
        0.00015721812683400444,
        7.41374752961046e-05
      ],
      "effective_singular_values": [
        33.10224770757694,
        18.553738078241864,
        0.00015721812683400444,
        7.41374752961046e-05
      ],
      "conditioning_pruned_features": [],
      "conditioning_baseline_drops": [],
      "conditioning_extra_pruned_features": []
    }
  ],
  "split_records": [
    {
      "repeat_index": 1,
      "train_count": 360,
      "val_count": 120,
      "test_count": 120
    },
    {
      "repeat_index": 2,
      "train_count": 360,
      "val_count": 120,
      "test_count": 120
    }
  ],
  "median_test_r2": -0.07927548556874742,
  "median_test_mse": 7.121213121943066e-05,
  "median_test_mae": 0.0037406473926465678,
  "coefficient_stability": 1.0,
  "nonzero_count": 0,
  "sparsity_ratio": 1.0,
  "block_sparsity_summary": {
    "feature_blocks": {
      "commands": 4,
      "state": 0,
      "history": 0,
      "controller_params": 0
    }
  },
  "raw_condition_number": 446498.17889490817,
  "effective_condition_number": 446498.17889490817,
  "condition_number": 446498.17889490817,
  "raw_singular_values": [
    33.10224770757694,
    18.553738078241864,
    0.00015721812683400444,
    7.41374752961046e-05
  ],
  "singular_values": [
    33.10224770757694,
    18.553738078241864,
    0.00015721812683400444,
    7.41374752961046e-05
  ],
  "effective_singular_values": [
    33.10224770757694,
    18.553738078241864,
    0.00015721812683400444,
    7.41374752961046e-05
  ],
  "conditioning_pruned_features": [],
  "conditioning_baseline_drops": [],
  "conditioning_extra_pruned_features": [],
  "selection_frequency": [
    [
      0.0,
      0.0,
      0.0,
      0.0,
      0.0,
      0.0,
      0.0,
      0.0,
      0.0,
      0.0,
      0.0,
      0.0
    ],
    [
      0.0,
      0.0,
      0.0,
      0.0,
      0.0,
      0.0,
      0.0,
      0.0,
      0.0,
      0.0,
      0.0,
      0.0
    ],
    [
      0.0,
      0.0,
      0.0,
      0.0,
      0.0,
      0.0,
      0.0,
      0.0,
      0.0,
      0.0,
      0.0,
      0.0
    ],
    [
      0.0,
      0.0,
      0.0,
      0.0,
      0.0,
      0.0,
      0.0,
      0.0,
      0.0,
      0.0,
      0.0,
      0.0
    ]
  ],
  "backend_consistency": {
    "px4": {
      "r2": 0.09307080098576703,
      "mse": 8.084261628286447e-05,
      "mae": 0.003875154067605044,
      "residual_mean_abs": 0.003875154067605044,
      "residual_std": 0.008990775858905242,
      "residual_max_abs": 0.11475316805769382
    }
  },
  "mode_consistency": {
    "OFFBOARD_ATTITUDE": {
      "r2": -0.044795650881326976,
      "mse": 3.876289892627914e-05,
      "mae": 0.002556382129321058,
      "residual_mean_abs": 0.002556382129321058,
      "residual_std": 0.006221985619782988,
      "residual_max_abs": 0.07960125020984561
    },
    "POSCTL": {
      "r2": 0.010020486061013134,
      "mse": 0.00011069403970676688,
      "mae": 0.004810693134934709,
      "residual_mean_abs": 0.004810693134934709,
      "residual_std": 0.010521123499808514,
      "residual_max_abs": 0.11475316805769382
    }
  },
  "top_influential": {
    "roll__h1": [
      {
        "feature": "command_throttle",
        "weight": 0.02109686107054426,