future_state_roll,future_state_pitch,future_state_yaw,future_state_roll_rate,future_state_pitch_rate,future_state_yaw_rate,future_state_position_x,future_state_position_y,future_state_position_z,future_state_velocity_x,future_state_velocity_y,future_state_velocity_z,future_state_altitude,future_state_vertical_speed,future_state_heading
0.03177469581813836,0.002545433230757585,-0.1563688981798858,-0.05160019259706291,0.537177526774064,0.02725522728537678,0.2780433684666975,-0.033111877911620055,0.10574683548766634,0.05599573840624712,-0.028332139062358326,0.10088842344158169,-0.10574683548766634,-0.10088842344158169,-0.17657073419920194
