actuator_1,actuator_2,actuator_3,actuator_4
1.6416934440216109,0.7457417539732929,0.8546258080979577,-0.9090659575454718
