actuator_1,actuator_2,actuator_3,actuator_4
0.6453754514062668,1.9821747285849218,0.5759988394253932,1.1724314243118985
