actuator_1,actuator_2,actuator_3,actuator_4
0.5817243872594413,0.5800308157686636,0.588880782753838,0.5901782991747042
