feature,future_state_roll,future_state_pitch,future_state_yaw,future_state_roll_rate,future_state_pitch_rate,future_state_yaw_rate,future_state_position_x,future_state_position_y,future_state_position_z,future_state_velocity_x,future_state_velocity_y,future_state_velocity_z,future_state_altitude,future_state_vertical_speed,future_state_heading
command_roll,0.4355590675680503,-0.0036448782596855377,-0.6051362796064841,-0.0018833637600662095,-0.011381386163026983,0.17179583662532977,0.07120073877116481,-3.0536143350284988,0.18143609947525652,0.02763991489715112,0.46851701879516694,0.12508252312195053,-0.18143609947525652,-0.12508252312195053,-0.6053006179024452
command_pitch,0.0006591262463881696,0.30662221888537183,-0.48530473171446153,0.028993765828605796,0.016313976151656497,0.11432753685591183,1.3549121249604597,-0.2979630625939836,-0.2228395425716683,0.09200376398921956,0.1046699794949341,0.12534797445912677,0.2228395425716683,-0.12534797445912677,-0.48565818965635044
command_yaw,0.005308780172160737,0.0006088421635246841,-0.7430711201552824,0.03974695277379915,0.010391194824114368,-0.0717377683544212,0.5411724762740232,-0.7903505883826878,-0.2822148612984502,0.1718635326521099,0.013967772693515415,0.2410435196935613,0.2822148612984502,-0.2410435196935613,-0.7445240979857731
command_throttle,-0.011465090326829342,-0.0045484892611666935,8.353044253275957,-0.02576768208620092,-0.005304830372204909,1.2924834074267901,1.2895323314540905,-4.72922180638173,2.8500485180809236,0.5021299345812649,-1.3335905489739877,-1.1106509895353496,-2.8500485180809236,1.1106509895353496,8.35279228755546
