actuator_1,actuator_2,actuator_3,actuator_4
-25.519267342832006,-25.37093758984917,-25.464184398487014,-25.34196097464418
