feature,window_mean_roll,window_mean_pitch,window_mean_yaw,window_mean_roll_rate,window_mean_pitch_rate,window_mean_yaw_rate,window_peak_roll,window_peak_pitch,window_peak_yaw,window_peak_roll_rate,window_peak_pitch_rate,window_peak_yaw_rate
command_roll,0.0006686599340930251,-0.0007199905044480519,0.0005385742740517086,-0.025474160601806697,0.01568047342662386,-0.0038728551160262985,0.0006686599340930251,-0.0007199905044480519,0.0005385742740517086,0.025377533596246588,-0.01585812423119081,-0.0038728551160262985
command_pitch,-0.0008653221824102757,0.00040254687522922334,5.05332123313906e-05,0.010059661395207514,-0.0022642555122814444,-0.014030748885311504,-0.0008653221824102757,0.00040254687522922334,5.05332123313906e-05,-0.010463320007453088,0.0015246398584079764,-0.014030748885311504
command_yaw,0.000302221616105917,-0.001383245686819346,0.002255090701983993,-0.048698189987435254,0.03274850446272542,-0.03090089217195398,0.000302221616105917,-0.001383245686819346,0.002255090701983993,0.04784433071154986,-0.034314515241309025,-0.03090089217195398
command_throttle,-0.018432404884771297,0.02737082153732863,-0.038723868115124446,0.8927918487107568,-0.6241973209502246,0.23974976767978842,-0.018432404884771297,0.02737082153732863,-0.038723868115124446,-0.9145246496394536,0.5843193568717645,0.23974976767978842
