actuator_1,actuator_2,actuator_3,actuator_4
0.3421454424539048,0.33995814335655805,0.3425855264615819,0.3376816954998162
