actuator_1,actuator_2,actuator_3,actuator_4
1.821414893709285,3.26204567993918,1.3108620820718733,1.624227334450016
