actuator_1,actuator_2,actuator_3,actuator_4
0.3268344532820536,0.3249071050502329,0.32545899036871623,0.32360907774547665
