feature,actuator_1,actuator_2,actuator_3,actuator_4
command_roll,0.3124233831804183,0.3141800135291956,0.37711162289142286,0.3799539394418018
command_pitch,0.0,0.0,0.0,0.0
command_yaw,0.000372156118539407,0.00036966906933611653,0.00033826963911484057,0.0003384920449768628
command_throttle,-0.005503952857514175,-0.009107028715142296,-0.03909772310276684,-0.04362691162780195
