{
  "x_schema": "commands_only",
  "y_schema": "actuator_response",
  "pooling_mode": "pooled",
  "model_name": "lasso_affine",
  "feature_names": [
    "command_roll",
    "command_pitch",
    "command_yaw",
    "command_throttle"
  ],
  "response_names": [
    "actuator_1",
    "actuator_2",
    "actuator_3",
    "actuator_4"
  ],
  "schema_metadata": {
    "x_schema": "commands_only",
    "y_schema": "actuator_response",
    "feature_count": 4,
    "response_count": 4,
    "strict_raw_linear": true,
    "requested_feature_columns": [
      "command_roll",
      "command_pitch",
      "command_yaw",
      "command_throttle"
    ],
    "requested_response_columns": [
      "actuator_1",
      "actuator_2",
      "actuator_3",
      "actuator_4"
    ],
    "dropped_unavailable_features": [],
    "dropped_unavailable_responses": [],
    "partial_feature_columns": {},
    "partial_response_columns": {},
    "dropped_response_leakage_features": [],
    "dropped_zero_variance_features": []
  },
  "repeat_metrics": [
    {
      "repeat_index": 1,
      "train": {
        "r2": 0.001999764676649196,
        "mse": 0.12293910702391685,
        "mae": 0.3418823338496784,
        "residual_mean_abs": 0.3418823338496784,
        "residual_std": 0.3506267346109205,
        "residual_max_abs": 0.6506934588613533
      },
      "val": {
        "r2": -0.0010806751554797156,
        "mse": 0.12651038121580047,
        "mae": 0.34396382741646103,
        "residual_mean_abs": 0.34396382741646103,
        "residual_std": 0.355214365184836,
        "residual_max_abs": 0.6555468972685099
      },
      "test": {
        "r2": -0.0016478346291239898,
        "mse": 0.12676006483687915,
        "mae": 0.3449448666709895,
        "residual_mean_abs": 0.3449448666709895,
        "residual_std": 0.3555303291619067,
        "residual_max_abs": 0.6505189886093954
      },
      "condition_number": 375755.0706520771,
      "raw_condition_number": 375755.0706520771,
      "raw_singular_values": [
        57.37531138333304,
        33.04653754237835,
        0.00032005004840471145,
        0.0001526933789177221
      ],
      "effective_condition_number": 375755.0706520771,
      "singular_values": [
        57.37531138333304,
        33.04653754237835,
        0.00032005004840471145,
        0.0001526933789177221
      ],
      "effective_singular_values": [
        57.37531138333304,
        33.04653754237835,
        0.00032005004840471145,
        0.0001526933789177221
      ],
      "conditioning_pruned_features": [],
      "conditioning_baseline_drops": [],
      "conditioning_extra_pruned_features": []
    },
    {
      "repeat_index": 2,
      "train": {
        "r2": 0.0022756552393563556,
        "mse": 0.12466857292262148,
        "mae": 0.34401514406692973,
        "residual_mean_abs": 0.34401514406692973,
        "residual_std": 0.35308437082745747,
        "residual_max_abs": 0.6420818180838721
      },
      "val": {
        "r2": 0.0016766421567399048,
        "mse": 0.12124791263989242,
        "mae": 0.3400773644653428,
        "residual_mean_abs": 0.3400773644653428,
        "residual_std": 0.34817129087881266,
        "residual_max_abs": 0.47290595856396667
      },
      "test": {
        "r2": 0.003959218905489004,
        "mse": 0.12587347059034926,
        "mae": 0.3442952254541955,
        "residual_mean_abs": 0.3442952254541955,
        "residual_std": 0.35475113671970837,
        "residual_max_abs": 0.6474940542617068
      },
      "condition_number": 309861.5010767,
      "raw_condition_number": 309861.5010767,
      "raw_singular_values": [
        57.278049397301984,
        33.033695782824466,
        0.000365841391158177,
        0.00018485048706687817
      ],
      "effective_condition_number": 309861.5010767,
      "singular_values": [
        57.278049397301984,
        33.033695782824466,
        0.000365841391158177,
        0.00018485048706687817
      ],
      "effective_singular_values": [
        57.278049397301984,
        33.033695782824466,
        0.000365841391158177,
        0.00018485048706687817
      ],
      "conditioning_pruned_features": [],
      "conditioning_baseline_drops": [],
      "conditioning_extra_pruned_features": []
    }
  ],
  "split_records": [
    {
      "repeat_index": 1,
      "train_count": 1096,
      "val_count": 362,
      "test_count": 370
    },
    {
      "repeat_index": 2,
      "train_count": 1093,
      "val_count": 373,
      "test_count": 362
    }
  ],
  "median_test_r2": 0.001155692138182507,
  "median_test_mse": 0.12631676771361422,
  "median_test_mae": 0.3446200460625925,
  "coefficient_stability": 1.0,
  "nonzero_count": 8,
  "sparsity_ratio": 0.5,
  "block_sparsity_summary": {
    "feature_blocks": {
      "commands": 4,
      "state": 0,
      "history": 0,
      "controller_params": 0
    }
  },
  "raw_condition_number": 342808.28586438857,
  "effective_condition_number": 342808.28586438857,
  "condition_number": 342808.28586438857,
  "raw_singular_values": [
    57.37531138333304,
    33.04653754237835,
    0.00032005004840471145,
    0.0001526933789177221
  ],
  "singular_values": [
    57.37531138333304,
    33.04653754237835,
    0.00032005004840471145,
    0.0001526933789177221
  ],
  "effective_singular_values": [
    57.37531138333304,
    33.04653754237835,
    0.00032005004840471145,
    0.0001526933789177221
  ],
  "conditioning_pruned_features": [],
  "conditioning_baseline_drops": [],
  "conditioning_extra_pruned_features": [],
  "selection_frequency": [
    [
      1.0,
      1.0,
      1.0,
      1.0
    ],
    [
      0.0,
      0.0,
      0.0,
      0.0
    ],
    [
      1.0,
      1.0,
      1.0,
      1.0
    ],
    [
      1.0,
      1.0,
      1.0,
      1.0
    ]
  ],
  "backend_consistency": {
    "px4": {
      "r2": 0.0029328407332728235,
      "mse": 0.12428344069450091,
      "mae": 0.3430836800266073,
      "residual_mean_abs": 0.3430836800266073,
      "residual_std": 0.3525190216760885,
      "residual_max_abs": 0.6515204757651083
    }
  },
  "mode_consistency": {
    "OFFBOARD_ATTITUDE": {
      "r2": 0.0031066700361133126,
      "mse": 0.1258001149603319,
      "mae": 0.3444692150828993,
      "residual_mean_abs": 0.3444692150828993,
      "residual_std": 0.3546716401586237,
      "residual_max_abs": 0.6515204757651083
    },
    "POSCTL": {
      "r2": 0.0013229141112709453,
      "mse": 0.12196542539195149,
      "mae": 0.3409660918700337,
      "residual_mean_abs": 0.3409660918700337,
      "residual_std": 0.34919934213585896,
      "residual_max_abs": 0.49394913426861475
    }
  },
  "top_influential": {
    "actuator_1": [
      {
        "feature": "command_roll",
        "weight": 0.3124233831804183,
        "selection_frequency": 1.0
      },
      {
        "feature": "command_throttle",
        "weight": -0.005503952857514175,
        "selection_frequency": 1.0
      },
      {
        "feature": "command_yaw",
        "weight": 0.000372156118539407,
        "selection_frequency": 1.0
      }
    ],
    "actuator_2": [
      {
        "feature": "command_roll",
        "weight": 0.3141800135291956,
        "selection_frequency": 1.0
      },
      {
        "feature": "command_throttle",
        "weight": -0.009107028715142296,
        "selection_frequency": 1.0
      },
      {
        "feature": "command_yaw",
        "weight": 0.00036966906933611653,
        "selection_frequency": 1.0
      }
    ],
    "actuator_3": [
      {
        "feature": "command_roll",
        "weight": 0.37711162289142286,
        "selection_frequency": 1.0
      },
      {
        "feature": "command_throttle",
        "weight": -0.03909772310276684,
        "selection_frequency": 1.0
      },
      {
        "feature": "command_yaw",
        "weight": 0.00033826963911484057,
        "selection_frequency": 1.0
      }
    ],
    "actuator_4": [
      {
        "feature": "command_roll",
        "weight": 0.3799539394418018,