feature,future_state_roll,future_state_pitch,future_state_yaw,future_state_roll_rate,future_state_pitch_rate,future_state_yaw_rate,future_state_position_x,future_state_position_y,future_state_position_z,future_state_velocity_x,future_state_velocity_y,future_state_velocity_z,future_state_altitude,future_state_vertical_speed,future_state_heading
command_roll,0.3959127140090605,0.0011088052819095589,-1.148626335952582,0.007625230119200441,-0.014371330793990954,-0.04993568398854098,0.5223480834754461,-4.66955562119419,-1.7562714776361645,-0.004368536196489706,0.8499117711561848,0.3431990919176958,1.7562714776361645,-0.3431990919176958,-1.1488266776113119
command_pitch,-0.0014962139721267453,0.3629853149942603,-1.2061286195889083,-0.0076974396734153135,-0.021721411891627664,0.10285308828935835,4.742187345923505,-0.7620025859335898,0.11405594948467246,-0.734285198948417,0.1206445322135215,0.31949333238636446,-0.11405594948467246,-0.31949333238636446,-1.206318659835495
command_yaw,0.007496692338251952,0.008752424610317893,-0.46289552377726906,-0.017667165919756797,0.0051460319148230165,-0.08653012754683169,-0.05128313845518552,-0.40159689349845773,-0.755195060235178,0.09612538448153024,-0.049554256132533905,0.14564724604666748,0.755195060235178,-0.14564724604666748,-0.4640452765400366
command_throttle,-0.0034702137064263677,-0.0017865467128485516,0.9631639746234331,-0.001573191468000976,-0.00045499246909106925,0.11452391109687535,0.2224660931989934,-0.9796908406036541,0.13110129747463298,0.0574718214686719,-0.24667374219559393,0.0005257937774111022,-0.13110129747463298,-0.0005257937774111022,0.9629516441513606
