feature,future_state_roll,future_state_pitch,future_state_yaw,future_state_roll_rate,future_state_pitch_rate,future_state_yaw_rate,future_state_position_x,future_state_position_y,future_state_position_z,future_state_velocity_x,future_state_velocity_y,future_state_velocity_z,future_state_altitude,future_state_vertical_speed,future_state_heading
command_roll,0.08064076890268593,0.061627237810786085,-0.21750268519134414,0.017594837837252485,0.007231925418673195,-0.05251437455207819,0.5741789991692369,-0.7916924913959607,-0.10424977861323553,-0.022818342219509534,0.12377841929189945,0.0006615726035867813,0.10424977861323553,-0.0006615726035867813,-0.21736222282080286
command_pitch,0.10077585623407811,0.0770245151454061,-0.2692951963663247,0.022195368224294208,0.009143177123354853,-0.06524816891327635,0.715350263335455,-0.9839158299709319,-0.16174902974436178,-0.03248314245033963,0.15787023371721678,0.0002833385039207204,0.16174902974436178,-0.0002833385039207204,-0.2691302579249199
command_yaw,0.20249273394019968,0.15419787145092287,-0.5462772457788674,0.044655073708466164,0.019499197937171003,-0.14339731211389622,1.4229564496967524,-1.9572746807887234,-0.36886656772095117,-0.05954963713611387,0.3084447330540015,-0.00447358990684529,0.36886656772095117,0.00447358990684529,-0.5460257267169473
command_throttle,-0.002654495753620765,-0.0014194810126952548,0.9405443013478328,-0.003667878411021371,-0.0025363305350961938,0.11269635831106811,0.607648304704957,-0.9338631611735756,-0.7997305393108896,0.11548410370881233,-0.19041004900994932,0.00891841437946786,0.7997305393108896,-0.00891841437946786,0.9403236389107213
