actuator_1,actuator_2,actuator_3,actuator_4
-6.191885265389059,-6.209056892749227,-6.133561554329457,-6.198994214732391
