feature,actuator_1,actuator_2,actuator_3,actuator_4
command_roll,-0.0004185946501147465,-0.0004839561980633088,-0.0005111160337675995,-0.00045710102178330884
command_pitch,-0.0013491864758810375,-0.0013723094317228933,-0.001218524200828739,-0.00112793901251384
command_yaw,-0.004510823587662922,-0.0043933516217166055,-0.004628750829955236,-0.004354693987235963
command_throttle,-0.33162774230349573,-0.3319315637557697,-0.33224983990848156,-0.3316791308690765
roll,0.9503317972604548,0.915892920978234,0.9432386317917159,0.9531347201090363
pitch,0.007328695547075964,0.0058657656530339275,-0.00659480091479446,0.02687376405308886
yaw,0.01283384964227622,0.013471314207024394,0.012820965012575146,0.012866549646292651
roll_rate,-0.0037436541927263296,-0.010317099841668969,-0.004500222060671805,-0.004277672743250856
pitch_rate,0.010995829801556764,0.011428289123303565,0.006208263617469766,0.016629529622306436
yaw_rate,-0.016289410317226274,-0.017547685501659922,-0.016724365082223414,-0.015904923644102686
position_x,-1.1411903725745991e-10,-1.1495771191619826e-10,-1.099723646305489e-10,-1.145138424583793e-10
position_y,9.628149167822358e-16,1.0638896173128054e-15,6.754063771007233e-16,7.374525673239304e-16
position_z,2.2754277401410452e-05,2.6253901836610643e-05,2.281490611877324e-05,2.3041381949751817e-05
velocity_x,0.0010755804324857846,0.00112420939544022,0.001106576584135172,0.000998808904785438
velocity_y,-0.0008649609365688606,-0.0007974888548666037,-0.0008582884847168206,-0.0008839440074931005
velocity_z,0.00036792447033507487,0.00037965721885451506,0.0003334841898506754,0.0003773429646663349
altitude,-6.313066056666033e-05,-5.7161760715211896e-05,-6.298079968351226e-05,-6.171673636768371e-05
vertical_speed,0.0,0.0,0.0,0.0
heading,0.005100724537207098,0.00451761883087997,0.004953293731464178,0.005085671395718084
