actuator_1,actuator_2,actuator_3,actuator_4
0.6228514842258209,0.6208958437037372,0.6287798974223597,0.6272582043779238
