feature,future_state_roll,future_state_pitch,future_state_yaw,future_state_roll_rate,future_state_pitch_rate,future_state_yaw_rate,future_state_position_x,future_state_position_y,future_state_position_z,future_state_velocity_x,future_state_velocity_y,future_state_velocity_z,future_state_altitude,future_state_vertical_speed,future_state_heading
command_roll,-0.002926119828685708,-0.004485329332353533,0.0028592202843610052,0.007473112308491548,-0.016319551630454225,0.005036043759870635,-0.015926211327116604,0.012569661698168196,0.0028785214887175076,-0.036343076768191436,-0.044201582028566076,0.06332910948298405,-0.0028785214887175076,-0.06332910948298405,0.0028724281360096933
command_pitch,-0.003616301127262634,-0.005620292250929863,0.0035816858526913093,0.009366580831568673,-0.020319440257092557,0.006273427550312832,-0.019780832836847933,0.015601771952840997,0.0016543864533492087,-0.04550232865675962,-0.05531594992291191,0.07964021989421499,-0.0016543864533492087,-0.07964021989421499,0.003598147501068465
command_yaw,-0.00727037070593464,-0.011271719156243759,0.007149337168650206,0.019323033165935366,-0.04008904319575849,0.01244492437099608,-0.0400410154976332,0.030738460775574027,0.004959026409733465,-0.09104403514355744,-0.11073083761613471,0.15906161976242145,-0.004959026409733465,-0.15906161976242145,0.007182114280831944
command_throttle,0.021053062715644656,0.0031128437116901882,-0.007933186232272663,0.0007497326893474045,-0.0001569311651043567,0.001661153641041229,-0.2206249511755807,-0.040379836488865034,-1.2467748564828929,-0.01085619647372565,0.039045834435098264,0.0964587739418419,1.2467748564828929,-0.0964587739418419,-0.007929506088696038
