feature,future_state_roll,future_state_pitch,future_state_yaw,future_state_roll_rate,future_state_pitch_rate,future_state_yaw_rate
command_roll,-0.005803345791174772,-0.010548471513249127,0.005648881257508356,0.020497917440193126,-0.04626731214403249,0.012963313804006768
command_pitch,0.0,-4.521228081143569e-06,2.529991464435527e-06,8.415832850469125e-06,0.0,0.0
command_yaw,0.0,-1.0394475339050665e-05,0.0,0.0001965887107530328,0.0,0.0
command_throttle,0.019861584272269903,0.00189074161438355,-0.006719161662528468,0.0,0.0,0.0007970481235452422
