actuator_1,actuator_2,actuator_3,actuator_4
-1.0999749042401903,-1.319844835400723,-1.1526080614489882,-1.327753183023996
