actuator_1,actuator_2,actuator_3,actuator_4
0.6465357946766244,2.0032189152103874,0.5771548288080123,1.147657229220862
