feature,future_state_roll,future_state_pitch,future_state_yaw,future_state_roll_rate,future_state_pitch_rate,future_state_yaw_rate,future_state_position_x,future_state_position_y,future_state_position_z,future_state_velocity_x,future_state_velocity_y,future_state_velocity_z,future_state_altitude,future_state_vertical_speed,future_state_heading
command_roll,-1116.8075086020208,-1358.769911913688,-2020.3429370080244,-1932.8105956163483,-1457.9899560545268,16667.207906100855,33684.51173929937,-40524.143063083975,135991.81730353477,47554.969148671196,-49598.850633301576,3107.8070771983357,-135991.81730353477,-3107.8070771983357,-1875.0412255728709
command_pitch,197.8123557012099,932.1890594840143,9113.516820605704,916.4704187538246,582.4070779119733,8540.138825582173,-16676.090487293553,11710.564130966895,-92332.75683417953,-59929.40342564167,66662.30790105385,-878.4977606497887,92332.75683417953,878.4977606497887,9007.429890199615
command_yaw,1710.4975179696867,1468.6384223334508,-12908.83364896636,2941.7002429624054,1953.2390095305702,-58733.85276087869,-54331.948514314085,73457.35368157638,-124167.92586783784,382.6594952549229,-9806.820064414971,-6496.498614161396,124167.92586783784,6496.498614161396,-13059.411231396107
command_throttle,687.171724354632,64.86037607343354,-249.074185452077,57.393590694508454,526.9846888930657,-12.87325429409918,3494.4656893658907,4396.019724709388,-31141.361487512735,590.7724382629502,476.9955991455324,481.59347043306707,31141.361487512735,-481.59347043306707,-249.5774377001083
