actuator_1,actuator_2,actuator_3,actuator_4
1.904008917457554,2.083617177605737,2.0029190393889262,1.9386962705807638
