future_state_roll,future_state_pitch,future_state_yaw,future_state_roll_rate,future_state_pitch_rate,future_state_yaw_rate
0.07200664912203222,0.04451344654869832,357.6903325849139,0.3578590974195769,-0.4638130236008663,1.232424919579657
