actuator_1,actuator_2,actuator_3,actuator_4
0.49987794560980203,1.6900642676082427,0.4524585956840964,0.9498496649830701
