actuator_1,actuator_2,actuator_3,actuator_4
-5.21048041473391,-5.196905492428092,-5.317777550640656,-5.31249103654919
