feature,actuator_1,actuator_2,actuator_3,actuator_4
command_roll,0.7892017525413734,0.7855218715987372,1.0097282243288512,0.9999749782076133
command_pitch,1.1843859521879707,1.184490887010802,1.1093763221040822,1.0994242942986352
command_yaw,0.9619592583007099,0.9649715275978856,0.002794262330509556,0.004442553372211194
command_throttle,-2.6882842827975884,-2.684246627855739,-2.8410398847231546,-2.8646956858131
