actuator_1,actuator_2,actuator_3,actuator_4
3.527859826339672,4.341672933738922,-4.671004040580538,5.124429885662614
