feature,window_mean_roll,window_mean_pitch,window_mean_yaw,window_mean_roll_rate,window_mean_pitch_rate,window_mean_yaw_rate,window_peak_roll,window_peak_pitch,window_peak_yaw,window_peak_roll_rate,window_peak_pitch_rate,window_peak_yaw_rate
command_roll,0.4131489119510269,-0.0034303771734812702,-0.6040409116233927,-0.00047761763478609224,-0.010805645880241903,0.16841101356566338,0.061774652774748785,0.006836610709263609,-0.38345824063629474,0.030613435591463324,0.01731293744646805,-0.17416187079980194
command_pitch,-0.0012006735562743432,0.2806245204477778,-0.49109557105972534,0.027773001994563944,0.016869236737900535,0.10597614773848471,-0.003012881398499679,0.07412712224347305,-0.3682180887848176,-0.0060032223925594545,0.006291606743799754,-0.12329700654159208
command_yaw,0.0046836527518420564,0.0006767778428998595,-0.7582108874114861,0.03903210088680596,0.011102626278874783,-0.08008734859315852,-0.007186129323983389,-0.016650600767286576,-0.7806450406660222,0.0008768612296785015,0.017527476397228698,0.06116663097454353
command_throttle,-0.01088348746126953,-0.0054116239394684,8.329209565802547,-0.02456036383595622,-0.0061032421600498744,1.2753177456245575,-0.0891417063899053,-0.06290738481188389,8.225397911801986,-0.20814606417230172,-0.11261436120744148,-1.4238614937413263
