actuator_1,actuator_2,actuator_3,actuator_4
12.551307935698794,12.287540088131598,12.72333882390195,12.474678153853452
