actuator_1,actuator_2,actuator_3,actuator_4
-33.093959760670316,79.76634980342668,86.95463081857632,-136.54623532343206
