feature,future_state_roll,future_state_pitch,future_state_yaw,future_state_roll_rate,future_state_pitch_rate,future_state_yaw_rate
command_roll,-9.768038644929848e-25,-3.8375178031030193e-25,8.413103028470996e-21,-7.150598944977702e-06,-1.3048446386791698e-05,-1.0045196113407326e-05
command_pitch,-1.2201497406611165e-24,-4.7948937867620975e-25,1.0508933067699038e-20,-8.93824868924549e-06,-1.631055797978607e-05,-1.2556495139455234e-05
command_yaw,-2.440299481322273e-24,-9.589787573524357e-25,2.1017866135398422e-20,-1.7876497378491698e-05,-3.2621115959573464e-05,-2.5112990278911494e-05
command_throttle,8.139137663714591e-23,3.1981837638069084e-23,-7.010114699379657e-19,-0.00019862774807983876,-0.00036245684370183137,-0.0002790332250487701
