actuator_1,actuator_2,actuator_3,actuator_4
5.216497092604014,5.053329002774387,0.6323980381156011,-3.6541995881301315
