future_state_roll,future_state_pitch,future_state_yaw,future_state_roll_rate,future_state_pitch_rate,future_state_yaw_rate
-5.256906021600116e-14,8.642392357316453e-15,-2.0463630789890885e-12,6.374623051641493e-13,1.2890036260593263e-13,-6.460387780293786e-13
