future_state_roll,future_state_pitch,future_state_yaw,future_state_roll_rate,future_state_pitch_rate,future_state_yaw_rate,future_state_position_x,future_state_position_y,future_state_position_z,future_state_velocity_x,future_state_velocity_y,future_state_velocity_z,future_state_altitude,future_state_vertical_speed,future_state_heading
2.5455671564757467,-0.15440346203087296,297.01951887061597,-1.392576510580228,-2.6206076949060355,26.13862158442778,302229.78385979123,-1274144.971564876,-176.46452373988808,0.02783276544059482,-5.382822634229498,-51.515846209638745,176.46452373988808,51.515846209638745,297.01951887061597
