actuator_1,actuator_2,actuator_3,actuator_4
0.9394860699179506,0.9399485940450059,0.9419719829582127,0.9425337415967874
