feature,window_mean_roll,window_mean_pitch,window_mean_yaw,window_mean_roll_rate,window_mean_pitch_rate,window_mean_yaw_rate,window_peak_roll,window_peak_pitch,window_peak_yaw,window_peak_roll_rate,window_peak_pitch_rate,window_peak_yaw_rate
command_roll,0.41319519001458543,-0.003430676893309927,-0.6040907807366901,-0.0004777177760535412,-0.010806880955006048,0.16843274447502052,0.06178139420004073,0.006837263143835533,-0.3834835216783737,0.030616319642727506,0.01731458464384033,-0.17418459756041532
command_pitch,-0.0012007808097752996,0.28065626618209727,-0.49111403805603765,0.027776027350215726,0.016871105647629277,0.1059938027092381,-0.0030136097147837673,0.07413523231679797,-0.36822316693811136,-0.00600489478358756,0.006291745256260417,-0.1233172593321872
command_yaw,0.004684233628188533,0.000677023432538688,-0.7582386973709495,0.03903628745082984,0.011103813997157139,-0.08008721506020128,-0.007187487712561005,-0.016652946061789946,-0.7806759336219403,0.0008753850891623435,0.01752846728872072,0.06116323193673678
command_throttle,-0.010884054775148156,-0.005410918773005823,8.330143701545978,-0.02456289871919295,-0.006103852794935489,1.2754619371490576,-0.08915170041074738,-0.06291428717442658,8.226320984394702,-0.2081697186407267,-0.11262712213520476,-1.4240226675562861
