feature,delta_state_roll,delta_state_pitch,delta_state_yaw,delta_state_roll_rate,delta_state_pitch_rate,delta_state_yaw_rate,delta_state_position_x,delta_state_position_y,delta_state_position_z,delta_state_velocity_x,delta_state_velocity_y,delta_state_velocity_z,delta_state_altitude,delta_state_vertical_speed,delta_state_heading
command_roll,0.0,0.0,0.0,0.0,0.0,0.0,-73907.37358082659,311747.35815853404,0.043127221473642785,-0.0024381221869104663,0.1828051061402216,0.05386414126734468,-0.043127221473642785,-0.05386414126734468,0.0
command_pitch,0.0,0.0,0.0,0.0,0.0,0.0,-302990.51097782794,1278039.7263543769,0.14348696871588804,-0.15624073583559395,-0.012682493095496194,-0.04668113396188939,-0.14348696871588804,0.04668113396188939,0.0
command_yaw,0.0,0.0,0.0,0.0,0.0,0.0,-742834.4992309847,3133338.771688325,0.30850464882482953,0.04335233685619913,0.02235515245727989,-0.14808159614289124,-0.30850464882482953,0.14808159614289124,0.0
command_throttle,0.0,0.0,0.0,0.0,0.0,0.0,464.48516151451815,-1959.2441759730932,0.056169557010882235,-0.0005813831022421052,0.0004371610643794008,0.007915438450255736,-0.056169557010882235,-0.007915438450255736,0.0
