feature,future_state_roll,future_state_pitch,future_state_yaw,future_state_roll_rate,future_state_pitch_rate,future_state_yaw_rate,future_state_position_x,future_state_position_y,future_state_position_z,future_state_velocity_x,future_state_velocity_y,future_state_velocity_z,future_state_altitude,future_state_vertical_speed,future_state_heading
command_roll,-631.7167879303331,-73.47796181001684,-12138.537823787981,-1695.7178063074598,-1795.3589994997897,7979.315171236951,24580.78504137454,-52584.26330589698,274681.24582227226,25063.008981337996,-17353.507040412158,8204.511338235729,-274681.24582227226,-8204.511338235729,-11992.980309978782
command_pitch,-447.97423579602616,-95.68814757398354,20196.023832695682,1406.8851941477103,373.2280041373817,6603.589551946634,-15019.000256800155,39101.96554951747,-215876.72054289922,-30658.856650562273,25403.262323236006,-2268.84986542285,215876.72054289922,2268.84986542285,20141.510555638302
command_yaw,2475.84526670533,375.5329874412389,-10047.282953057793,1425.6607553711988,3741.9987615762175,-33155.86706502044,-31409.69626509297,53250.87063200389,-254951.0012838311,-1340.0412403976088,-7421.7821064786995,-15973.590892557097,254951.0012838311,15973.590892557097,-10302.14939681747
command_throttle,-0.002633769225021277,-0.0014053450372271542,0.9402134615599911,-0.0036940921895880024,-0.002541568238661139,0.11261184630111193,0.6078480322083926,-0.9338559885246258,-0.799209015244959,0.11573165834652427,-0.1906489633480703,0.009026377721343619,0.799209015244959,-0.009026377721343619,0.9399929286866977
