feature,future_state_roll,future_state_pitch,future_state_yaw,future_state_roll_rate,future_state_pitch_rate,future_state_yaw_rate,future_state_position_x,future_state_position_y,future_state_position_z,future_state_velocity_x,future_state_velocity_y,future_state_velocity_z,future_state_altitude,future_state_vertical_speed,future_state_heading
command_roll,0.2414793667847171,0.1841624493089904,-0.6505993249856215,0.05239212700015984,0.021519122496557276,-0.16092795107269786,1.715059216349465,-2.361187886992745,-0.3768149940549061,-0.07159706078030917,0.37250645455689957,-0.0007464701277666332,0.3768149940549061,0.0007464701277666332,-0.6502241827685311
command_pitch,1.0989148963057288e-05,6.764457239506338e-06,-0.0002058181768727741,2.5213582775000746e-05,8.568226046541328e-06,-4.4708987536933385e-05,0.0,-2.69787874463801e-06,-0.0026065007381978604,-0.0003278186178011036,0.0002603892736692017,-4.4886597035358574e-05,0.0026065007381978604,4.4886597035358574e-05,-0.00020617252477943667
command_yaw,5.1945710928234825e-05,8.209295054952537e-07,-0.00036345526063006836,6.344704345881045e-05,0.00010051395884122211,-0.0009161976626798329,0.0,0.0,-0.003760842200170025,-2.8020652132351744e-05,9.32392817368541e-05,-0.00022748404703482012,0.003760842200170025,0.00022748404703482012,-0.0003678418902487657
command_throttle,-0.0025742092863948575,-0.001338649092918816,0.9408538006629404,-0.0035879028934044863,-0.0024558674217969867,0.11266173523717427,0.6078245649063297,-0.9341745546150466,-0.7999868059363001,0.1154505904030035,-0.19040783895692123,0.008843724805224513,0.7999868059363001,-0.008843724805224513,0.940633046360046
