actuator_1,actuator_2,actuator_3,actuator_4
240.06591350496745,53.784049560067444,-75.53516765583593,198.81713928936614
