actuator_1,actuator_2,actuator_3,actuator_4
0.5631676613028951,0.5559413102307149,0.5586998509749034,0.5522277223886881
