feature,future_state_roll,future_state_pitch,future_state_yaw,future_state_roll_rate,future_state_pitch_rate,future_state_yaw_rate
command_roll,0.08064076890268593,0.061627237810786085,-0.21750268519134414,0.017594837837252485,0.007231925418673195,-0.05251437455207819
command_pitch,0.10077585623407811,0.0770245151454061,-0.2692951963663247,0.022195368224294208,0.009143177123354853,-0.06524816891327635
command_yaw,0.20249273394019968,0.15419787145092287,-0.5462772457788674,0.044655073708466164,0.019499197937171003,-0.14339731211389622
command_throttle,-0.002654495753620765,-0.0014194810126952548,0.9405443013478328,-0.003667878411021371,-0.0025363305350961938,0.11269635831106811
