feature,actuator_1,actuator_2,actuator_3,actuator_4
command_roll,10168.771466200404,10583.534213008272,2272.728083308204,1806.9933427528485
command_pitch,-10163.055683880983,-10538.436013015667,-7981.908842755216,-7696.543769518594
command_yaw,-5095.088065358832,-5381.225948437739,10282.911031503669,10876.531598037602
command_throttle,0.003835056769242992,-0.0006691211257639981,-0.020203695409748455,-0.028830472448067978
