future_state_roll,future_state_pitch,future_state_yaw,future_state_roll_rate,future_state_pitch_rate,future_state_yaw_rate
2.5850341705520217,0.037232263738068434,128.36368318953305,0.11152058433639939,0.03235615034090617,0.06865654468322167
