feature,window_mean_roll,window_mean_pitch,window_mean_yaw,window_mean_roll_rate,window_mean_pitch_rate,window_mean_yaw_rate,window_peak_roll,window_peak_pitch,window_peak_yaw,window_peak_roll_rate,window_peak_pitch_rate,window_peak_yaw_rate
command_roll,0.08824510602931199,0.06637918249557245,-0.22131459837254563,0.0017280732951306809,0.018142224737797145,-0.02014845799258477,0.0017995076010127063,0.0008225350171664064,-0.16056009425353307,0.010856954179579343,0.005007572935782616,0.027974502155681508
command_pitch,0.11009736028618029,0.08283776764757976,-0.27117736774268997,0.0023815658309546866,0.022882455599619357,-0.024211121047057547,0.002007892632331444,0.0007960788387018937,-0.19713654548348453,0.013235821035087667,0.006200253410448064,0.03386691490682332
command_yaw,0.2209684760786661,0.16577360445533185,-0.5543279490466761,0.003914938083207748,0.04619972647132485,-0.053381437971412544,0.00471398793118299,0.0024247930942045545,-0.40249913608783794,0.02786903065099336,0.01253109165163535,0.07313314079966982
command_throttle,-0.004741534398265981,-0.0025469919130487093,0.9289434816391167,-0.0024424803139129047,-0.002698826920003167,0.09376074774539789,-0.017992291286765147,-0.015145628296574065,0.9017391295037158,-0.006678636166084509,-0.0054246634273732944,-0.09935633581110226
