actuator_1,actuator_2,actuator_3,actuator_4
0.7086110607362519,0.691951860126049,0.7157669010992594,0.6983718490198798
