{
  "x_schema": "commands_only",
  "y_schema": "future_state_horizon",
  "pooling_mode": "pooled",
  "model_name": "ridge_affine",
  "feature_names": [
    "command_roll",
    "command_pitch",
    "command_yaw",
    "command_throttle"
  ],
  "response_names": [
    "roll__h1",
    "pitch__h1",
    "yaw__h1",
    "roll_rate__h1",
    "pitch_rate__h1",
    "yaw_rate__h1",
    "roll__h2",
    "pitch__h2",
    "yaw__h2",
    "roll_rate__h2",
    "pitch_rate__h2",
    "yaw_rate__h2"
  ],
  "schema_metadata": {
    "x_schema": "commands_only",
    "y_schema": "future_state_horizon",
    "feature_count": 4,
    "response_count": 12,
    "strict_raw_linear": true,
    "requested_feature_columns": [
      "command_roll",
      "command_pitch",
      "command_yaw",
      "command_throttle"
    ],
    "requested_response_columns": [
      "roll__h1",
      "pitch__h1",
      "yaw__h1",
      "roll_rate__h1",
      "pitch_rate__h1",
      "yaw_rate__h1",
      "roll__h2",
      "pitch__h2",
      "yaw__h2",
      "roll_rate__h2",
      "pitch_rate__h2",
      "yaw_rate__h2"
    ],
    "dropped_unavailable_features": [],
    "dropped_unavailable_responses": [],
    "partial_feature_columns": {},
    "partial_response_columns": {
      "roll__h1": 0.9972647702407003,
      "pitch__h1": 0.9972647702407003,
      "yaw__h1": 0.9972647702407003,
      "roll_rate__h1": 0.9972647702407003,
      "pitch_rate__h1": 0.9972647702407003,
      "yaw_rate__h1": 0.9972647702407003,
      "roll__h2": 0.9945295404814004,
      "pitch__h2": 0.9945295404814004,
      "yaw__h2": 0.9945295404814004,
      "roll_rate__h2": 0.9945295404814004,
      "pitch_rate__h2": 0.9945295404814004,
      "yaw_rate__h2": 0.9945295404814004
    },
    "dropped_response_leakage_features": [],
    "dropped_zero_variance_features": []
  },
  "repeat_metrics": [
    {
      "repeat_index": 1,
      "train": {
        "r2": 0.29693368551250654,
        "mse": 0.036872284216837255,
        "mae": 0.05351811570732234,
        "residual_mean_abs": 0.05351811570732234,
        "residual_std": 0.1920215722694647,
        "residual_max_abs": 2.242213422222448
      },
      "val": {
        "r2": 0.03273963508797595,
        "mse": 0.11813309755166926,
        "mae": 0.152739431601936,
        "residual_mean_abs": 0.152739431601936,
        "residual_std": 0.34365898712361187,
        "residual_max_abs": 2.2480073878445865
      },
      "test": {
        "r2": 0.031895870804349746,
        "mse": 0.11701136626627892,
        "mae": 0.15142678909833726,
        "residual_mean_abs": 0.15142678909833726,
        "residual_std": 0.34205968924317015,
        "residual_max_abs": 2.228310644476901
      },
      "condition_number": 375757.96529853117,
      "raw_condition_number": 375757.96529853117,
      "raw_singular_values": [
        57.21824004097476,
        32.95562177365715,
        0.00031917315523118713,
        0.00015227419063629474
      ],
      "effective_condition_number": 375757.96529853117,
      "singular_values": [
        57.21824004097476,
        32.95562177365715,
        0.00031917315523118713,
        0.00015227419063629474
      ],
      "effective_singular_values": [
        57.21824004097476,
        32.95562177365715,
        0.00031917315523118713,
        0.00015227419063629474
      ],
      "conditioning_pruned_features": [],
      "conditioning_baseline_drops": [],
      "conditioning_extra_pruned_features": []
    },
    {
      "repeat_index": 2,
      "train": {
        "r2": 0.17846047467649773,
        "mse": 0.07643293518161945,
        "mae": 0.10683105311282336,
        "residual_mean_abs": 0.10683105311282336,
        "residual_std": 0.2764650704548758,
        "residual_max_abs": 2.2181342650432962
      },
      "val": {
        "r2": -6.02188241117756,
        "mse": 0.00037510704033054615,
        "mae": 0.011902498499526376,
        "residual_mean_abs": 0.011902498499526376,
        "residual_std": 0.01858390147485167,
        "residual_max_abs": 0.10953463175273884
      },
      "test": {
        "r2": 0.037574803155631,
        "mse": 0.11754257053150446,
        "mae": 0.15502580935096666,
        "residual_mean_abs": 0.15502580935096666,
        "residual_std": 0.3428348392859414,
        "residual_max_abs": 2.223816155394084
      },
      "condition_number": 309863.138452824,
      "raw_condition_number": 309863.138452824,
      "raw_singular_values": [
        57.1207094997347,
        32.9427464865923,
        0.0003648367070563312,
        0.0001843417380490749
      ],
      "effective_condition_number": 309863.138452824,
      "singular_values": [
        57.1207094997347,
        32.9427464865923,
        0.0003648367070563312,
        0.0001843417380490749
      ],
      "effective_singular_values": [
        57.1207094997347,
        32.9427464865923,
        0.0003648367070563312,
        0.0001843417380490749
      ],
      "conditioning_pruned_features": [],
      "conditioning_baseline_drops": [],
      "conditioning_extra_pruned_features": []
    }
  ],
  "split_records": [
    {
      "repeat_index": 1,
      "train_count": 1090,
      "val_count": 360,
      "test_count": 368
    },
    {
      "repeat_index": 2,
      "train_count": 1087,
      "val_count": 371,
      "test_count": 360
    }
  ],
  "median_test_r2": 0.03473533697999037,
  "median_test_mse": 0.11727696839889169,
  "median_test_mae": 0.15322629922465197,
  "coefficient_stability": 1.0,
  "nonzero_count": 2,
  "sparsity_ratio": 0.9583333333333334,
  "block_sparsity_summary": {
    "feature_blocks": {
      "commands": 4,
      "state": 0,
      "history": 0,
      "controller_params": 0
    }
  },
  "raw_condition_number": 342810.55187567754,
  "effective_condition_number": 342810.55187567754,
  "condition_number": 342810.55187567754,
  "raw_singular_values": [
    57.21824004097476,
    32.95562177365715,
    0.00031917315523118713,
    0.00015227419063629474
  ],
  "singular_values": [
    57.21824004097476,
    32.95562177365715,
    0.00031917315523118713,
    0.00015227419063629474
  ],
  "effective_singular_values": [
    57.21824004097476,
    32.95562177365715,
    0.00031917315523118713,
    0.00015227419063629474
  ],
  "conditioning_pruned_features": [],
  "conditioning_baseline_drops": [],
  "conditioning_extra_pruned_features": [],
  "selection_frequency": [
    [
      0.0,
      0.0,
      0.0,
      0.0,
      0.0,
      0.0,
      0.0,
      0.0,
      0.0,
      0.0,
      0.0,
      0.0
    ],
    [
      0.0,
      0.0,
      0.0,
      0.0,
      0.0,
      0.0,
      0.0,
      0.0,
      0.0,
      0.0,
      0.0,
      0.0
    ],
    [
      0.0,
      0.0,
      0.0,
      0.0,
      0.0,
      0.0,
      0.0,
      0.0,
      0.0,
      0.0,
      0.0,
      0.0
    ],
    [
      0.0,
      0.0,
      1.0,
      0.0,
      0.0,
      0.0,
      0.0,
      0.0,
      1.0,
      0.0,
      0.0,
      0.0
    ]
  ],
  "backend_consistency": {
    "px4": {
      "r2": 0.2077316027977968,
      "mse": 0.06908547770120808,
      "mae": 0.0948927101728237,
      "residual_mean_abs": 0.0948927101728237,
      "residual_std": 0.2628361052043139,
      "residual_max_abs": 2.2359117716193353
    }
  },
  "mode_consistency": {
    "OFFBOARD_ATTITUDE": {
      "r2": 0.03662926302866676,
      "mse": 0.11412211597947491,
      "mae": 0.15080142977271102,
      "residual_mean_abs": 0.15080142977271102,
      "residual_std": 0.3378196320000639,
      "residual_max_abs": 2.2359117716193353
    },
    "POSCTL": {
      "r2": -1.582742600549624,
      "mse": 0.0002464436708669914,
      "mae": 0.009435571312912469,
      "residual_mean_abs": 0.009435571312912469,
      "residual_std": 0.015192271925067497,
      "residual_max_abs": 0.1093176836736844
    }
  },
  "top_influential": {
    "roll__h1": [
      {
        "feature": "command_yaw",
        "weight": 0.2169219980936706,
        "selection_frequency": 0.0
      },
      {
        "feature": "command_pitch",