actuator_1,actuator_2,actuator_3,actuator_4
0.8061442219062978,0.7887266088954036,0.7959729656890568,0.7810932429873589
