future_state_roll,future_state_pitch,future_state_yaw,future_state_roll_rate,future_state_pitch_rate,future_state_yaw_rate,future_state_position_x,future_state_position_y,future_state_position_z,future_state_velocity_x,future_state_velocity_y,future_state_velocity_z,future_state_altitude,future_state_vertical_speed,future_state_heading
-0.3374542968199953,0.0018028157904820055,102.75029134446112,0.07986753423123888,-0.003056566253216715,-24.051447299054296,-6842628.563644081,28862801.07565411,0.7425545116095998,2.8840951841292846,-5.586385482687748,2.863996705607121,-0.7425545116095998,-2.863996705607121,102.75029134446112
