feature,window_mean_roll,window_mean_pitch,window_mean_yaw,window_mean_roll_rate,window_mean_pitch_rate,window_mean_yaw_rate,window_peak_roll,window_peak_pitch,window_peak_yaw,window_peak_roll_rate,window_peak_pitch_rate,window_peak_yaw_rate
command_roll,0.17755301372450574,-0.005045813547552296,-0.38059058496996473,0.013017067446074917,-0.0006398222643881207,0.05570494246546771,0.02555386736042597,0.0005341174601633712,-0.27051374410866424,0.022794807047923013,0.010086307834355046,-0.05726937899409752
command_pitch,0.0012483079554531434,0.36738008618671675,-1.1637541168191423,0.021562741755980473,0.023441851059553646,-0.011860939878400409,-0.0009092414922675327,0.10532696917376957,-0.9995376318758601,0.023814337692036513,0.021360656054494446,0.010947358608420249
command_yaw,0.0031383352533150854,-0.0008973285158316967,-0.9612708554468776,0.03434363967520473,0.010577157742152527,-0.09868121917584208,-0.0005967016557881693,-0.008928976429893936,-0.9537728462359549,0.003520323014091331,0.03565219851147422,0.09084998825350779
command_throttle,7.2741518218739595e-06,-0.002513696318212893,0.8693254373022883,-0.0010589550544748204,-0.001111566540013737,0.11264522557701134,-0.00625677823058084,-0.004879577463460518,0.8418141415363856,-0.01024215071701931,-0.0024701913356274608,-0.12437601109556998
