feature,future_state_roll,future_state_pitch,future_state_yaw,future_state_roll_rate,future_state_pitch_rate,future_state_yaw_rate
command_roll,0.44199772295248035,0.04905730251499481,-0.8098689958148955,-0.06184859749077791,0.008883569609414246,-0.19022858103705126
command_pitch,-0.039735571745274714,0.39460766247385126,-2.2582008000446336,0.01998978071838914,-0.018021609142476358,0.015198832867689603
command_yaw,0.22268866999926779,-0.02356329256409823,-0.46937901811025795,0.1000497902572507,-0.05663030266902277,2.2550566296849013
command_throttle,-0.0022006830725868343,0.040376172609749086,17.803990746405017,-0.0713115611950782,-0.017523430960912967,2.8181269480021363
