actuator_1,actuator_2,actuator_3,actuator_4
827.3373362936065,810.5199571150172,137.5645770498775,-79.86558228644536
