actuator_1,actuator_2,actuator_3,actuator_4
70.66288164436575,277.2121475993334,140.06507451598998,-438.8052445515478
