actuator_1,actuator_2,actuator_3,actuator_4
-21.710600290926813,-21.88101378229009,-21.76786615289261,-22.003390437378396
