actuator_1,actuator_2,actuator_3,actuator_4
0.2945955075177542,0.2968527573087395,0.4367296872444384,-0.36086812812695146
