feature,future_state_roll,future_state_pitch,future_state_yaw,future_state_roll_rate,future_state_pitch_rate,future_state_yaw_rate
command_roll,0.0011397630286327175,0.0018639216730771497,0.004037424561749617,0.0722803655165077,0.0383672971030217,-0.05498290990526159
command_pitch,-0.0001941131561333088,-0.009004076161195326,-0.0020529942762543218,-0.022969948857382086,-0.005222266141689871,-0.020893116592642143
command_yaw,0.00048074211454156247,0.00020686991016089445,0.016527877102690085,-0.016227000595536053,-0.03444784928661334,-0.002991161290678444
command_throttle,-0.000734937847921749,-0.0006906745270833001,0.002455712960057951,-0.010638197167396907,0.022781870015732442,-0.17370225866060549
