future_state_roll,future_state_pitch,future_state_yaw,future_state_roll_rate,future_state_pitch_rate,future_state_yaw_rate
0.028333333333179098,-3.755676325489787e-15,-2.9274360713316128e-12,-4.37927472063393e-13,1.4163080430673602e-12,-4.550915200240979e-12
