feature,roll__h1,pitch__h1,yaw__h1,roll_rate__h1,pitch_rate__h1,yaw_rate__h1,roll__h2,pitch__h2,yaw__h2,roll_rate__h2,pitch_rate__h2,yaw_rate__h2
command_roll,0.16198785000127272,0.12214580380668329,-0.18766489550301318,0.004166826458379257,0.016202779012889534,-0.10492810889317179,0.16883474081002176,0.12871823445008146,-0.20355879042897218,0.006361894588865623,0.01572397477552267,-0.12562524303653994
command_pitch,0.20262858192728858,0.1528548280391273,-0.2336967752296745,0.005332414478698393,0.020267451794458435,-0.13140466806676815,0.21109682867315369,0.16099533844741842,-0.25334391991193334,0.008068460636009451,0.01964302556585925,-0.1569713772795693
command_yaw,0.4059933528912096,0.30627987619199293,-0.47418091223487296,0.011122201482503397,0.04103371920217988,-0.2836121133606551,0.4226875291606267,0.3224141119297081,-0.5133697977287086,0.01712442217745003,0.039995044361454395,-0.33732761008221707
command_throttle,0.022084431350022624,-0.006495897614603414,19.679497418600796,-0.04428701632366001,-0.05609791275876955,2.374502037387538,0.007325489763015594,-0.014686440946488688,19.767564975804138,-0.04108484137158438,-0.054369760644588,2.492892801680949
