feature,future_state_roll,future_state_pitch,future_state_yaw,future_state_roll_rate,future_state_pitch_rate,future_state_yaw_rate
command_roll,-1116.8075086020208,-1358.769911913688,-2020.3429370080244,-1932.8105956163483,-1457.9899560545268,16667.207906100855
command_pitch,197.8123557012099,932.1890594840143,9113.516820605704,916.4704187538246,582.4070779119733,8540.138825582173
command_yaw,1710.4975179696867,1468.6384223334508,-12908.83364896636,2941.7002429624054,1953.2390095305702,-58733.85276087869
command_throttle,687.171724354632,64.86037607343354,-249.074185452077,57.393590694508454,526.9846888930657,-12.87325429409918
