feature,delta_state_roll,delta_state_pitch,delta_state_yaw,delta_state_roll_rate,delta_state_pitch_rate,delta_state_yaw_rate,delta_state_position_x,delta_state_position_y,delta_state_position_z,delta_state_velocity_x,delta_state_velocity_y,delta_state_velocity_z,delta_state_altitude,delta_state_vertical_speed,delta_state_heading
command_roll,0.09729918141002174,-0.041895019816883206,-0.03931215117988127,-0.002440645802692872,0.011444422018067594,-0.12097647560219615,-0.06003603991710595,-0.01445620964428216,0.05140813495073805,-0.06391455826679625,0.21350705299045863,0.0030384434231441396,-0.05140813495073805,-0.0030384434231441396,-0.03979833816573255
command_pitch,0.028145467737407982,0.08084821081066332,-0.07727492044247558,0.009352492730676858,-0.012152735807689496,0.04413696198219673,0.0447165589231948,-0.10101548093698448,-0.008219904824309553,-0.2051612348008358,-0.040320835954792286,0.04548379077094145,0.008219904824309553,-0.04548379077094145,-0.07839208330728241
command_yaw,-0.16459452182192638,0.010352828955499148,-0.0897020401584534,-0.010139118847715858,-0.035649032964991896,0.3825652873802906,-0.07137360034255782,0.14146824400818175,-0.0041285610033633,0.03401985309510849,0.23104374467295624,-0.010995888568592635,0.0041285610033633,0.010995888568592635,-0.0914372527342189
command_throttle,-0.00027894868043160245,0.00012808447925629507,0.012545482367901277,-0.00043146975256209123,-0.000301838127350463,0.005950138003905226,0.00322820032266722,-0.019164673890560324,7.95974067566361e-05,-2.2945491840643657e-05,-0.0028795165740753827,0.0004276991833978492,-7.95974067566361e-05,-0.0004276991833978492,0.01254727937178525
