feature,future_state_roll,future_state_pitch,future_state_yaw,future_state_roll_rate,future_state_pitch_rate,future_state_yaw_rate,future_state_position_x,future_state_position_y,future_state_position_z,future_state_velocity_x,future_state_velocity_y,future_state_velocity_z,future_state_altitude,future_state_vertical_speed,future_state_heading
command_roll,0.0010420586813100212,0.001681446905702442,0.0037203793747464004,0.07191272801011976,0.03801265493534941,-0.054787284838439795,-1324495.7791303801,5586834.824815496,1.2858152579507829,0.03190036858377787,0.09998734823607743,-0.1646296767569326,-1.2858152579507829,0.1646296767569326,0.0037203793747464004
command_pitch,-0.00020311691058652197,-0.00881042712678618,-0.0019292786947164187,-0.022646032435819915,-0.005081325724896586,-0.020569480017588716,-274860.1824071538,1159389.957177346,1.2312575663381717,-0.03135811191998753,0.09868729674054597,-0.06926336527937552,-1.2312575663381717,0.06926336527937552,-0.0019292786947164187
command_yaw,0.0004618787641997486,5.26825519074729e-05,0.015986721117460256,-0.01626406404656216,-0.034155050105374604,-0.0030472651391817923,-547762.6526050541,2310510.133571605,1.9031554291680324,-0.005887387533744237,0.052188159983624985,0.6459398131558305,-1.9031554291680324,-0.6459398131558305,0.015986721117460256
command_throttle,-0.0007440388266885215,-0.0005843960066865974,0.0025912863960322607,-0.01025726595888737,0.023153074106040172,-0.17313101685599652,656440.312606713,-2768923.1138914432,-0.3028059896071431,0.010474671161990124,-0.05646314681893498,0.14305957287611135,0.3028059896071431,-0.14305957287611135,0.0025912863960322607
