feature,future_state_roll,future_state_pitch,future_state_yaw,future_state_roll_rate,future_state_pitch_rate,future_state_yaw_rate
command_roll,0.4357492773676722,-0.003733151624289785,-0.6053260755066309,-0.001798399396917396,-0.011470957598718984,0.17192694303082343
command_pitch,0.0005959771426363332,0.30666667687744475,-0.4855422116075146,0.029175486325727962,0.016501086889642094,0.11446867011112716
command_yaw,0.005295612519056869,0.0007627362046325226,-0.7432895325134,0.0399864379694492,0.01054101714891465,-0.07189272936735047
command_throttle,-0.011480808864501318,-0.0045602268503318584,8.352350606957595,-0.025865092392450745,-0.005335132655379656,1.2925013161844225
