feature,future_state_roll,future_state_pitch,future_state_yaw,future_state_roll_rate,future_state_pitch_rate,future_state_yaw_rate
command_roll,0.0,0.0,0.0012196904126868277,0.0,0.0022486327705494398,-0.0020380504248599736
command_pitch,-9.328416387572759e-05,0.0001441232764820306,0.002645020678936153,0.0013691046719374288,-0.007198304366151931,0.01272801427843236
command_yaw,0.0,0.0,0.012903734821330407,-0.0007418241681889364,-0.004763121796909538,0.013668613067472819
command_throttle,-0.06659400019579567,0.005257351607589461,-3.1309296201257806,0.45542540850216684,0.08351607366431801,-0.9988648254468827
