actuator_1,actuator_2,actuator_3,actuator_4
4.18274039330001,2.335046602600014,0.30084141092110867,-1.45009847799159
