feature,window_mean_roll,window_mean_pitch,window_mean_yaw,window_mean_roll_rate,window_mean_pitch_rate,window_mean_yaw_rate,window_peak_roll,window_peak_pitch,window_peak_yaw,window_peak_roll_rate,window_peak_pitch_rate,window_peak_yaw_rate
command_roll,0.41184382875140246,0.06283279697830182,-0.8030562313078858,-0.060797648366399636,0.006413658870847808,-0.13289435964975566,0.06953955338404892,0.023468148618537993,-0.6901269323514161,0.01627085533900198,0.034851315924978955,0.14002855281910714
command_pitch,-0.05323974031572151,0.36983755221172354,-2.2185193637142255,0.016157733414427843,-0.015989634556139415,-0.0005204508120962882,0.04025458469805124,-0.004019709173724221,-1.9036957695735066,0.06277716438915334,0.07849129888357008,0.035583791722477574
command_yaw,0.2793369383908941,-0.026527833004698888,-0.423676673756171,0.1057755440198503,-0.047492955052654384,2.0611152223043243,0.22148842861561052,0.02111564775268731,-0.15719398091543216,-0.1497480299193374,-0.03852679652195475,-2.165172842137684
command_throttle,-0.006295880584416741,0.04520396883845952,17.742981813697707,-0.06587432167318148,-0.016251621549807214,2.81903701573953,-0.3637795201645275,-0.23295707295916832,17.38051792109715,-0.4313258333856618,-0.1957210326888611,-3.0877240657138336
