feature,roll__h1,pitch__h1,yaw__h1,roll_rate__h1,pitch_rate__h1,yaw_rate__h1,roll__h2,pitch__h2,yaw__h2,roll_rate__h2,pitch_rate__h2,yaw_rate__h2
command_roll,0.15731585598520428,-0.004796392163077553,-0.38148353206492863,0.013403741978172552,-0.0006685528057754934,0.05543719462023613,0.19779017146380728,-0.005295234932027028,-0.37969763787500094,0.012630392913977294,-0.0006110917230007411,0.05597269031069932
command_pitch,0.00028688321183002703,0.3519811705666396,-1.1692640783082693,0.01949363425566424,0.023391056534250904,-0.013748378930744697,0.0022097326990762585,0.3827790018067933,-1.158244155330016,0.023631849256296716,0.023492645584856416,-0.009973500826056034
command_yaw,0.002424589193758439,-0.0008905525441921524,-0.9701723911400006,0.033935889061745085,0.011602264437068036,-0.10059269625137834,0.003852081312871733,-0.0009041044874712401,-0.9523693197537548,0.03475139028866439,0.009552051047237022,-0.09676974210030576
command_throttle,2.0482521385056167e-05,-0.002532126025868808,0.8662638644230137,-0.00107980299769873,-0.0012040342219962416,0.11105169040577419,-5.934217741308573e-06,-0.0024952666105569773,0.8723870101815625,-0.001038107111250912,-0.0010190988580312328,0.11423876074824843
