{
  "x_schema": "commands_only",
  "y_schema": "future_state_horizon",
  "pooling_mode": "pooled",
  "model_name": "ridge_affine",
  "feature_names": [
    "command_roll",
    "command_pitch",
    "command_yaw",
    "command_throttle"
  ],
  "response_names": [
    "roll__h1",
    "pitch__h1",
    "yaw__h1",
    "roll_rate__h1",
    "pitch_rate__h1",
    "yaw_rate__h1",
    "roll__h2",
    "pitch__h2",
    "yaw__h2",
    "roll_rate__h2",
    "pitch_rate__h2",
    "yaw_rate__h2"
  ],
  "schema_metadata": {
    "x_schema": "commands_only",
    "y_schema": "future_state_horizon",
    "feature_count": 4,
    "response_count": 12,
    "strict_raw_linear": true,
    "requested_feature_columns": [
      "command_roll",
      "command_pitch",
      "command_yaw",
      "command_throttle"
    ],
    "requested_response_columns": [
      "roll__h1",
      "pitch__h1",
      "yaw__h1",
      "roll_rate__h1",
      "pitch_rate__h1",
      "yaw_rate__h1",
      "roll__h2",
      "pitch__h2",
      "yaw__h2",
      "roll_rate__h2",
      "pitch_rate__h2",
      "yaw_rate__h2"
    ],
    "dropped_unavailable_features": [],
    "dropped_unavailable_responses": [],
    "partial_feature_columns": {},
    "partial_response_columns": {
      "roll__h1": 0.9974390439097263,
      "pitch__h1": 0.9974390439097263,
      "yaw__h1": 0.9974390439097263,
      "roll_rate__h1": 0.9974390439097263,
      "pitch_rate__h1": 0.9974390439097263,
      "yaw_rate__h1": 0.9974390439097263,
      "roll__h2": 0.9948780878194526,
      "pitch__h2": 0.9948780878194526,
      "yaw__h2": 0.9948780878194526,
      "roll_rate__h2": 0.9948780878194526,
      "pitch_rate__h2": 0.9948780878194526,
      "yaw_rate__h2": 0.9948780878194526
    },
    "dropped_response_leakage_features": [],
    "dropped_zero_variance_features": []
  },
  "repeat_metrics": [
    {
      "repeat_index": 1,
      "train": {
        "r2": 0.2192251009262941,
        "mse": 0.06009509489716282,
        "mae": 0.08474310099121361,
        "residual_mean_abs": 0.08474310099121361,
        "residual_std": 0.2451430090725877,
        "residual_max_abs": 2.2543293359119296
      },
      "val": {
        "r2": 0.19180081511110858,
        "mse": 0.053007520583842366,
        "mae": 0.07817302531499082,
        "residual_mean_abs": 0.07817302531499082,
        "residual_std": 0.2301974775316899,
        "residual_max_abs": 2.227447161086467
      },
      "test": {
        "r2": 0.25516774888992433,
        "mse": 0.04255719673659346,
        "mae": 0.06559011671253573,
        "residual_mean_abs": 0.06559011671253573,
        "residual_std": 0.2062887432887286,
        "residual_max_abs": 2.2385532881099963
      },
      "condition_number": 1.0344355648714072,
      "raw_condition_number": 1.0344355648714072,
      "raw_singular_values": [
        107.74174252029438,
        106.07695115620976,
        105.93918976799208,
        104.1551027237622
      ],
      "effective_condition_number": 1.0344355648714072,
      "singular_values": [
        107.74174252029438,
        106.07695115620976,
        105.93918976799208,
        104.1551027237622
      ],
      "effective_singular_values": [
        107.74174252029438,
        106.07695115620976,
        105.93918976799208,
        104.1551027237622
      ],
      "conditioning_pruned_features": [],
      "conditioning_baseline_drops": [],
      "conditioning_extra_pruned_features": []
    },
    {
      "repeat_index": 2,
      "train": {
        "r2": 0.25600237935639913,
        "mse": 0.045301292830937374,
        "mae": 0.0654415017944367,
        "residual_mean_abs": 0.0654415017944367,
        "residual_std": 0.2128410036410686,
        "residual_max_abs": 2.251851050439315
      },
      "val": {
        "r2": 0.23741475551540137,
        "mse": 0.049489385207950105,
        "mae": 0.07174889535898211,
        "residual_mean_abs": 0.07174889535898211,
        "residual_std": 0.22244585232664443,
        "residual_max_abs": 2.224975867201448
      },
      "test": {
        "r2": 0.12633868493692746,
        "mse": 0.08610518181186545,
        "mae": 0.11687716366672238,
        "residual_mean_abs": 0.11687716366672238,
        "residual_std": 0.29343368101167766,
        "residual_max_abs": 2.2290537744222534
      },
      "condition_number": 1.0393196970002343,
      "raw_condition_number": 1.0393196970002343,
      "raw_singular_values": [
        108.01315690396432,
        106.01037795774717,
        105.87814042079856,
        103.92678712403925
      ],
      "effective_condition_number": 1.0393196970002343,
      "singular_values": [
        108.01315690396432,
        106.01037795774717,
        105.87814042079856,
        103.92678712403925
      ],
      "effective_singular_values": [
        108.01315690396432,
        106.01037795774717,
        105.87814042079856,
        103.92678712403925
      ],
      "conditioning_pruned_features": [],
      "conditioning_baseline_drops": [],
      "conditioning_extra_pruned_features": []
    }
  ],
  "split_records": [
    {
      "repeat_index": 1,
      "train_count": 11233,
      "val_count": 3528,
      "test_count": 3886
    },
    {
      "repeat_index": 2,
      "train_count": 11229,
      "val_count": 3540,
      "test_count": 3878
    }
  ],
  "median_test_r2": 0.1907532169134259,
  "median_test_mse": 0.06433118927422946,
  "median_test_mae": 0.09123364018962905,
  "coefficient_stability": 0.875,
  "nonzero_count": 2,
  "sparsity_ratio": 0.9583333333333334,
  "block_sparsity_summary": {
    "feature_blocks": {
      "commands": 4,
      "state": 0,
      "history": 0,
      "controller_params": 0
    }
  },
  "raw_condition_number": 1.0368776309358207,
  "effective_condition_number": 1.0368776309358207,
  "condition_number": 1.0368776309358207,
  "raw_singular_values": [
    107.74174252029438,
    106.07695115620976,
    105.93918976799208,
    104.1551027237622
  ],
  "singular_values": [
    107.74174252029438,
    106.07695115620976,
    105.93918976799208,
    104.1551027237622
  ],
  "effective_singular_values": [
    107.74174252029438,
    106.07695115620976,
    105.93918976799208,
    104.1551027237622
  ],
  "conditioning_pruned_features": [],
  "conditioning_baseline_drops": [],
  "conditioning_extra_pruned_features": [],
  "selection_frequency": [
    [
      0.0,
      0.0,
      0.0,
      0.0,
      0.0,
      0.0,
      0.0,
      0.0,
      0.0,
      0.0,
      0.0,
      0.0
    ],
    [
      0.0,
      0.0,
      0.0,
      0.0,
      0.0,
      0.0,
      0.0,
      0.0,
      0.0,
      0.0,
      0.0,
      0.0
    ],
    [
      0.0,
      0.0,
      0.0,
      0.0,
      0.0,
      0.0,
      0.0,
      0.0,
      0.0,
      0.0,
      0.0,
      0.0
    ],
    [
      0.0,
      0.0,
      1.0,
      0.0,
      0.0,
      0.0,
      0.0,
      0.0,
      1.0,
      0.0,
      0.0,
      0.0
    ]
  ],
  "backend_consistency": {
    "px4": {
      "r2": 0.2285550464366174,
      "mse": 0.054700631279315653,
      "mae": 0.07831789314092394,
      "residual_mean_abs": 0.07831789314092394,
      "residual_std": 0.23388161782417669,
      "residual_max_abs": 2.2530901931756224,
      "sample_count": 18647.0
    }
  },
  "mode_consistency": {
    "OFFBOARD_ATTITUDE": {
      "r2": 0.035592465727315226,
      "mse": 0.11078554302757965,
      "mae": 0.1475047073915746,
      "residual_mean_abs": 0.1475047073915746,
      "residual_std": 0.3328355001224106,
      "residual_max_abs": 2.2530901931756224,
      "sample_count": 9111.0
    },
    "POSCTL": {
      "r2": -2.945108776418729,
      "mse": 0.001115309242986627,
      "mae": 0.012214593577409028,
      "residual_mean_abs": 0.012214593577409028,
      "residual_std": 0.033292377990773926,
      "residual_max_abs": 0.5791586369450235,
      "sample_count": 9536.0
    }
  },
  "scenario_consistency": 0.9264256176869381,
  "scenario_subgroup_metrics": {
    "dynamic": {
      "r2": 0.22031547690911268,