actuator_1,actuator_2,actuator_3,actuator_4
0.29660938898152667,0.8330795925399505,-3.0016942633059593,0.2867643518699363
