feature,future_state_roll,future_state_pitch,future_state_yaw,future_state_roll_rate,future_state_pitch_rate,future_state_yaw_rate,future_state_position_x,future_state_position_y,future_state_position_z,future_state_velocity_x,future_state_velocity_y,future_state_velocity_z,future_state_altitude,future_state_vertical_speed,future_state_heading
command_roll,0.4357492773676722,-0.003733151624289785,-0.6053260755066309,-0.001798399396917396,-0.011470957598718984,0.17192694303082343,0.07127450719719514,-3.0533347267145414,0.18126201420589497,0.027707006825288413,0.46862759204522925,0.12531027933777572,-0.18126201420589497,-0.12531027933777572,-0.6054903946653394
command_pitch,0.0005959771426363332,0.30666667687744475,-0.4855422116075146,0.029175486325727962,0.016501086889642094,0.11446867011112716,1.3548395675360958,-0.2981735859582928,-0.22284571523541835,0.09201500969386384,0.10491938012040039,0.12559335972493216,0.22284571523541835,-0.12559335972493216,-0.48589562749606147
command_yaw,0.005295612519056869,0.0007627362046325226,-0.7432895325134,0.0399864379694492,0.01054101714891465,-0.07189272936735047,0.541169329570851,-0.7904887550267633,-0.28230198007749674,0.1719096058483917,0.0142189738822904,0.24126756275625239,0.28230198007749674,-0.24126756275625239,-0.744742343366842
command_throttle,-0.011480808864501318,-0.0045602268503318584,8.352350606957595,-0.025865092392450745,-0.005335132655379656,1.2925013161844225,1.289428909357142,-4.72885576652661,2.8497398856937446,0.5022135141683611,-1.3336843860767955,-1.1107713985722456,-2.8497398856937446,1.1107713985722456,8.352098677288941
