feature,future_state_roll,future_state_pitch,future_state_yaw,future_state_roll_rate,future_state_pitch_rate,future_state_yaw_rate,future_state_position_x,future_state_position_y,future_state_position_z,future_state_velocity_x,future_state_velocity_y,future_state_velocity_z,future_state_altitude,future_state_vertical_speed,future_state_heading
command_roll,8.625951843503835e-05,-0.0002024948562398183,0.0013183709461829225,-0.005913014537155229,0.0011006175358551599,-0.0010403488425159099,1062794.3713146811,-4482956.973959423,2.2575366361670164,-0.510575947586634,-0.00441584342540816,0.5332406033161349,-2.2575366361670164,-0.5332406033161349,0.0013183709461829225
command_pitch,-0.00012219644543847252,0.001001679771613401,0.005372341344966319,0.02552513568144506,-0.004949886922464092,0.007314899499632838,4431381.9586662315,-18691943.984890215,2.81182285691575,-0.053471712382930844,-0.5798819001374491,1.3887969783203478,-2.81182285691575,-1.3887969783203478,0.005372341344966319
command_yaw,3.110502286783834e-05,0.0008769132027082067,0.012908944472022791,0.021411073357233832,-0.006149573972497579,0.007502292317594056,9814400.011684135,-41397973.83254051,8.388608141343418,-0.8146297315549953,2.15629983840875,2.983852687577218,-8.388608141343418,-2.983852687577218,0.012908944472022791
command_throttle,-0.06558356572822296,0.005595941161667343,-3.12852683485485,0.4438058400060311,0.07130705644266506,-0.9944959866163119,-3858.731601414696,16276.239874080682,1.9132159185348896,-0.0232141099071587,0.04292647620552667,0.5422197104454555,-1.9132159185348896,-0.5422197104454555,-3.12852683485485
