actuator_1,actuator_2,actuator_3,actuator_4
1.7149089418737833,0.733656905655944,0.7023391533642114,-0.8532139778911884
