actuator_1,actuator_2,actuator_3,actuator_4
13806.626427918934,11119.483926002102,-85640.76012087113,-7814.585482584645
