actuator_1,actuator_2,actuator_3,actuator_4
-18.554578425438947,-18.136061969198934,-18.57334670523607,-18.68573837639311
