actuator_1,actuator_2,actuator_3,actuator_4
-5.309152150603703,-5.297818463657027,-5.663993819804974,-5.652275690023313
