feature,window_mean_roll,window_mean_pitch,window_mean_yaw,window_mean_roll_rate,window_mean_pitch_rate,window_mean_yaw_rate,window_peak_roll,window_peak_pitch,window_peak_yaw,window_peak_roll_rate,window_peak_pitch_rate,window_peak_yaw_rate
command_roll,1418.7840678918735,1424.8442276853234,-28503.25276209938,-1153.219472556765,-2542.580550630327,-3807.4473538211396,945.6832630541867,976.8564119121155,-15162.607090040627,1563.9985626106904,450.4196747697188,4492.689163776458
command_pitch,-2570.597224964909,-1573.0514349441576,46206.549792534555,2278.8932039604556,1945.3648124419906,9933.988234325123,-1944.5828735192683,-2145.698324811638,27913.325554182164,-3468.88987936735,-568.043900448422,-11153.847847696481
command_yaw,1594.8947319955114,-415.510721011398,-21156.49861290346,-1674.721071608602,2465.860568769481,-10349.491368046714,1524.9647081123776,1849.2567971468573,-17921.242204470225,3027.8591327464846,10.075139400313446,11076.16234077478
command_throttle,-0.0047784556119674325,-0.002586807429081257,0.9294403403262192,-0.002430425400736757,-0.002640265384972863,0.09383471574605956,-0.01798768646698791,-0.015150977195207067,0.9020229565403732,-0.0066955863433360565,-0.005436322635105423,-0.09944056678287871
