actuator_1,actuator_2,actuator_3,actuator_4
0.30072410222536583,0.3008798161276186,0.30116279416892866,0.3001219498872949
