feature,actuator_1,actuator_2,actuator_3,actuator_4
command_roll,0.28646132488058074,0.28626898121457933,0.2720056087876052,0.2719695385727601
command_pitch,0.4806979474770103,0.4791211957548147,0.5409688961815832,0.5425698690637627
command_yaw,0.7733411296557415,0.7748787029009248,0.7925403074014914,0.7957582476110621
command_throttle,-0.02833155091606865,-0.028360225924336697,-0.044204697753991766,-0.045975441030514465
