{
  "x_schema": "commands_only",
  "y_schema": "actuator_response",
  "pooling_mode": "pooled",
  "model_name": "ols_affine",
  "feature_names": [
    "command_roll",
    "command_pitch",
    "command_yaw",
    "command_throttle"
  ],
  "response_names": [
    "actuator_1",
    "actuator_2",
    "actuator_3",
    "actuator_4"
  ],
  "schema_metadata": {
    "x_schema": "commands_only",
    "y_schema": "actuator_response",
    "feature_count": 4,
    "response_count": 4,
    "strict_raw_linear": true,
    "requested_feature_columns": [
      "command_roll",
      "command_pitch",
      "command_yaw",
      "command_throttle"
    ],
    "requested_response_columns": [
      "actuator_1",
      "actuator_2",
      "actuator_3",
      "actuator_4"
    ],
    "dropped_unavailable_features": [],
    "dropped_unavailable_responses": [],
    "partial_feature_columns": {},
    "partial_response_columns": {},
    "dropped_response_leakage_features": [],
    "dropped_zero_variance_features": []
  },
  "repeat_metrics": [
    {
      "repeat_index": 1,
      "train": {
        "r2": 0.009911404112221911,
        "mse": 0.12187935706139076,
        "mae": 0.3372187227510682,
        "residual_mean_abs": 0.3372187227510682,
        "residual_std": 0.3491122413513894,
        "residual_max_abs": 0.7084124747674445
      },
      "val": {
        "r2": -0.045029284656845414,
        "mse": 0.12850215787440947,
        "mae": 0.3407220458589465,
        "residual_mean_abs": 0.3407220458589465,
        "residual_std": 0.3584299274733231,
        "residual_max_abs": 0.7892901963774428
      },
      "test": {
        "r2": 0.008822692244970676,
        "mse": 0.120620991294027,
        "mae": 0.33619847642000833,
        "residual_mean_abs": 0.33619847642000833,
        "residual_std": 0.34725033097646124,
        "residual_max_abs": 0.6789467992786866
      },
      "condition_number": 1.0343243613107034,
      "raw_condition_number": 1.0343243613107034,
      "raw_singular_values": [
        108.0141257415961,
        106.34993239592286,
        106.21247473840474,
        104.42964487921353
      ],
      "effective_condition_number": 1.0343243613107034,
      "singular_values": [
        108.0141257415961,
        106.34993239592286,
        106.21247473840474,
        104.42964487921353
      ],
      "effective_singular_values": [
        108.0141257415961,
        106.34993239592286,
        106.21247473840474,
        104.42964487921353
      ],
      "conditioning_pruned_features": [],
      "conditioning_baseline_drops": [],
      "conditioning_extra_pruned_features": []
    },
    {
      "repeat_index": 2,
      "train": {
        "r2": 0.006143152289469156,
        "mse": 0.12138330018091081,
        "mae": 0.3366294296901914,
        "residual_mean_abs": 0.3366294296901914,
        "residual_std": 0.34840106225571527,
        "residual_max_abs": 0.7041248854255381
      },
      "val": {
        "r2": 0.008674065948063303,
        "mse": 0.12228979609960314,
        "mae": 0.33742628750776976,
        "residual_mean_abs": 0.33742628750776976,
        "residual_std": 0.34961605808478574,
        "residual_max_abs": 0.6914011359857015
      },
      "test": {
        "r2": -0.005597166408157772,
        "mse": 0.12475522332316198,
        "mae": 0.34021471111120744,
        "residual_mean_abs": 0.34021471111120744,
        "residual_std": 0.35320247957063294,
        "residual_max_abs": 0.7134579669448291
      },
      "condition_number": 1.0392051977577677,
      "raw_condition_number": 1.0392051977577677,
      "raw_singular_values": [
        108.28590039051922,
        106.28358809642624,
        106.15167701938972,
        104.20069166721008
      ],
      "effective_condition_number": 1.0392051977577677,
      "singular_values": [
        108.28590039051922,
        106.28358809642624,
        106.15167701938972,
        104.20069166721008
      ],
      "effective_singular_values": [
        108.28590039051922,
        106.28358809642624,
        106.15167701938972,
        104.20069166721008
      ],
      "conditioning_pruned_features": [],
      "conditioning_baseline_drops": [],
      "conditioning_extra_pruned_features": []
    }
  ],
  "split_records": [
    {
      "repeat_index": 1,
      "train_count": 11291,
      "val_count": 3546,
      "test_count": 3906
    },
    {
      "repeat_index": 2,
      "train_count": 11287,
      "val_count": 3558,
      "test_count": 3898
    }
  ],
  "median_test_r2": 0.0016127629184064518,
  "median_test_mse": 0.12268810730859449,
  "median_test_mae": 0.3382065937656079,
  "coefficient_stability": 0.75,
  "nonzero_count": 0,
  "sparsity_ratio": 1.0,
  "block_sparsity_summary": {
    "feature_blocks": {
      "commands": 4,
      "state": 0,
      "history": 0,
      "controller_params": 0
    }
  },
  "raw_condition_number": 1.0367647795342356,
  "effective_condition_number": 1.0367647795342356,
  "condition_number": 1.0367647795342356,
  "raw_singular_values": [
    108.0141257415961,
    106.34993239592286,
    106.21247473840474,
    104.42964487921353
  ],
  "singular_values": [
    108.0141257415961,
    106.34993239592286,
    106.21247473840474,
    104.42964487921353
  ],
  "effective_singular_values": [
    108.0141257415961,
    106.34993239592286,
    106.21247473840474,
    104.42964487921353
  ],
  "conditioning_pruned_features": [],
  "conditioning_baseline_drops": [],
  "conditioning_extra_pruned_features": [],
  "selection_frequency": [
    [
      0.0,
      0.0,
      0.0,
      0.0
    ],
    [
      0.0,
      0.0,
      0.0,
      0.0
    ],
    [
      0.0,
      0.0,
      0.0,
      0.0
    ],
    [
      0.0,
      0.0,
      0.0,
      0.0
    ]
  ],
  "backend_consistency": {
    "px4": {
      "r2": 0.0038403766169551323,
      "mse": 0.1223271267159901,
      "mae": 0.33759724145257364,
      "residual_mean_abs": 0.33759724145257364,
      "residual_std": 0.34975206397431086,
      "residual_max_abs": 0.7109352208561369,
      "sample_count": 18743.0
    }
  },
  "mode_consistency": {
    "OFFBOARD_ATTITUDE": {
      "r2": 0.010162480037747001,
      "mse": 0.12334476354543097,
      "mae": 0.3396443023197399,
      "residual_mean_abs": 0.3396443023197399,
      "residual_std": 0.3511611000194107,
      "residual_max_abs": 0.7109352208561369,
      "sample_count": 9159.0
    },
    "POSCTL": {
      "r2": -0.003293704641752271,
      "mse": 0.12135461672842238,
      "mae": 0.3356409569698549,
      "residual_mean_abs": 0.3356409569698549,
      "residual_std": 0.3482929182500432,
      "residual_max_abs": 0.6632016114713107,
      "sample_count": 9584.0
    }
  },
  "scenario_consistency": 0.0,
  "scenario_subgroup_metrics": {
    "dynamic": {
      "r2": -0.009935738060997457,
      "mse": 0.1247045226007114,
      "mae": 0.33991626925357904,
      "residual_mean_abs": 0.33991626925357904,
      "residual_std": 0.3530405758064741,
      "residual_max_abs": 0.7073449378832847,
      "sample_count": 7118.0
    },
    "nominal": {
      "r2": 0.015343127316651772,
      "mse": 0.12105927254508357,
      "mae": 0.33622228860402226,
      "residual_mean_abs": 0.33622228860402226,
      "residual_std": 0.34793572540073786,
      "residual_max_abs": 0.7109352208561369,
      "sample_count": 9353.0
    },
    "throttle_biased": {
      "r2": -0.00543718867013987,
      "mse": 0.12009822537489961,
      "mae": 0.33599208921003154,
      "residual_mean_abs": 0.33599208921003154,
      "residual_std": 0.3460103433810926,
      "residual_max_abs": 0.6667651062414311,
      "sample_count": 2272.0
    }
  },
  "top_influential": {
    "actuator_1": [
      {
        "feature": "command_yaw",
        "weight": 0.7733411296557415,
        "selection_frequency": 0.0
      },
      {
        "feature": "command_pitch",
        "weight": 0.4806979474770103,
        "selection_frequency": 0.0
      },
      {
        "feature": "command_roll",
        "weight": 0.28646132488058074,