actuator_1,actuator_2,actuator_3,actuator_4
-1.2423738956852872,-1.2203877179162392,-1.5379789842465807,-1.553683094843447
