actuator_1,actuator_2,actuator_3,actuator_4
0.29393276266824786,0.29406554969446286,0.29387772476192764,0.293308598332913
