feature,actuator_1,actuator_2,actuator_3,actuator_4
command_roll,-4.6242520709399354e-05,2.5237745358411658e-05,4.3643707927719926e-05,-0.0006436373615159566
command_pitch,-0.00026528596939739035,-0.0001463330376398317,0.00028798307636969736,-0.00027307147906091393
command_yaw,0.00018583484329407152,-0.00024527594445987634,7.280491501664483e-05,3.425114612809069e-05
command_throttle,0.0004677272791913851,0.0006066523099690769,0.0002622202666224403,-0.0006106956792937914
