future_state_roll,future_state_pitch,future_state_yaw,future_state_roll_rate,future_state_pitch_rate,future_state_yaw_rate
0.020487319746144636,0.01505336035057208,1.4176657453795514,-3.7635247642567315e-05,0.5459262668845665,0.4123481424020087
