actuator_1,actuator_2,actuator_3,actuator_4
3.527859826339669,4.341672933738919,-4.67100404058054,5.1244298856626145
