actuator_1,actuator_2,actuator_3,actuator_4
12.062192283784185,11.969248458181678,11.272189880512919,11.208313386421693
