feature,future_state_roll,future_state_pitch,future_state_yaw,future_state_roll_rate,future_state_pitch_rate,future_state_yaw_rate
command_roll,0.16883474081002176,0.12871823445008146,-0.20355879042897218,0.006361894588865623,0.01572397477552267,-0.12562524303653994
command_pitch,0.21109682867315369,0.16099533844741842,-0.25334391991193334,0.008068460636009451,0.01964302556585925,-0.1569713772795693
command_yaw,0.4226875291606267,0.3224141119297081,-0.5133697977287086,0.01712442217745003,0.039995044361454395,-0.33732761008221707
command_throttle,0.007325489763015594,-0.014686440946488688,19.767564975804138,-0.04108484137158438,-0.054369760644588,2.492892801680949
