feature,future_state_roll,future_state_pitch,future_state_yaw,future_state_roll_rate,future_state_pitch_rate,future_state_yaw_rate,future_state_position_x,future_state_position_y,future_state_position_z,future_state_velocity_x,future_state_velocity_y,future_state_velocity_z,future_state_altitude,future_state_vertical_speed,future_state_heading
command_roll,7.876132625153291e-05,-0.002990850840622574,-0.009376407391746272,-0.01803099881683754,-0.031058310969911865,-0.011195558611940253,-283106.6079755859,1194167.3253226767,0.969818246644669,0.027217322010859663,0.07767933674918094,0.02198944515972892,-0.969818246644669,-0.02198944515972892,-0.009376407391746272
command_pitch,0.0001553319780145437,-0.0037863644822496868,0.0004790909818296004,0.010867167190111665,-0.01469239490202396,-0.036941597684639386,-596269.8496265151,2515121.6234711567,1.199128177526673,-0.12397416754050916,0.07602092954808715,0.03936915910602133,-1.199128177526673,-0.03936915910602133,0.0004790909818296004
command_yaw,0.0023420592273141346,-0.001577366390172042,0.025107335229105392,0.07488631253534876,0.007479441309397365,-0.0031544586763589634,-513804.9682017866,2167273.7773169335,5.118824382203779,-0.004795752579894964,0.084598850487683,0.6470621134118671,-5.118824382203779,-0.6470621134118671,0.025107335229105392
command_throttle,-0.06497659731552907,0.006145259904571909,-3.1588814790300273,0.4823489448430158,0.10656168910474456,-1.0153593861173582,4007.0970036596846,-16901.75961084955,1.8689418798917665,-0.008038107019554529,0.055235028335012884,0.5294540027451629,-1.8689418798917665,-0.5294540027451629,-3.1588814790300273
