feature,window_mean_roll,window_mean_pitch,window_mean_yaw,window_mean_roll_rate,window_mean_pitch_rate,window_mean_yaw_rate,window_peak_roll,window_peak_pitch,window_peak_yaw,window_peak_roll_rate,window_peak_pitch_rate,window_peak_yaw_rate
command_roll,-0.004314412151708285,0.002038836541465503,-0.006186264230460982,0.047357039412685285,2.7166387394748323e-05,-0.058406786356274415,-0.004314412151708285,0.002038836541465503,-0.006186264230460982,-0.047185031132172775,0.0002342851399531748,-0.058406786356274415
command_pitch,0.001021137681039763,-0.006174188616792543,-0.002562185814963798,-0.0019824629534241373,0.0036648924538651463,-0.011610033148081452,0.001021137681039763,-0.006174188616792543,-0.002562185814963798,0.00121428273985902,-0.005083343747615036,-0.011610033148081452
command_yaw,0.006492851437998059,-0.00031853921511715527,0.026995828481469787,0.012050522923267094,-0.06056643490109973,0.028472861098583952,0.006492851437998059,-0.00031853921511715527,0.026995828481469787,-0.010253662680655647,0.0638005214862804,0.028472861098583952
command_throttle,-0.06616131057577591,0.007407574366233895,-3.1615869001617,0.4492943924377695,0.11347567284007368,-1.003137419340586,-0.06616131057577591,0.007407574366233895,-3.1615869001617,-0.4308756373860033,-0.10494669109456775,-1.003137419340586
