actuator_1,actuator_2,actuator_3,actuator_4
0.31112711459258535,0.3112898114409888,0.3096802448171083,0.3120912229643878
