feature,actuator_1,actuator_2,actuator_3,actuator_4
command_roll,0.10494600271480164,0.13271103125686065,0.08843038848659959,0.13824045312962716
command_pitch,0.0005506306964829413,0.0005441357132413958,0.0005611138986975446,0.0005467653136057108
command_yaw,0.0,0.0,0.0,0.0
command_throttle,0.44726192703794954,0.4501962747669121,0.44506502420367455,0.4514577382705238
