{
  "x_schema": "commands_only",
  "y_schema": "actuator_response",
  "pooling_mode": "pooled",
  "model_name": "lasso_affine",
  "feature_names": [
    "command_roll",
    "command_pitch",
    "command_yaw",
    "command_throttle"
  ],
  "response_names": [
    "actuator_1",
    "actuator_2",
    "actuator_3",
    "actuator_4"
  ],
  "schema_metadata": {
    "x_schema": "commands_only",
    "y_schema": "actuator_response",
    "feature_count": 4,
    "response_count": 4,
    "strict_raw_linear": true,
    "requested_feature_columns": [
      "command_roll",
      "command_pitch",
      "command_yaw",
      "command_throttle"
    ],
    "requested_response_columns": [
      "actuator_1",
      "actuator_2",
      "actuator_3",
      "actuator_4"
    ],
    "dropped_unavailable_features": [],
    "dropped_unavailable_responses": [],
    "partial_feature_columns": {},
    "partial_response_columns": {},
    "dropped_response_leakage_features": [],
    "dropped_zero_variance_features": []
  },
  "repeat_metrics": [
    {
      "repeat_index": 1,
      "train": {
        "r2": 0.021107935552388102,
        "mse": 0.11703475571605297,
        "mae": 0.32796790730546244,
        "residual_mean_abs": 0.32796790730546244,
        "residual_std": 0.342103428389797,
        "residual_max_abs": 0.4933412571666772
      },
      "val": {
        "r2": -7.4903865549379915,
        "mse": 3.353021603202751e-06,
        "mae": 0.0016704850679780656,
        "residual_mean_abs": 0.0016704850679780656,
        "residual_std": 0.001735035898174018,
        "residual_max_abs": 0.0025853781165728895
      },
      "test": {
        "r2": -0.7473652522567389,
        "mse": 0.1729311132279398,
        "mae": 0.27254728427708563,
        "residual_mean_abs": 0.27254728427708563,
        "residual_std": 0.3146037840887141,
        "residual_max_abs": 0.7924488123422371
      },
      "condition_number": 446496.47878049844,
      "raw_condition_number": 446496.47878049844,
      "raw_singular_values": [
        33.19395575136449,
        18.605410544948327,
        0.00015765364827675363,
        7.434315236264815e-05
      ],
      "effective_condition_number": 446496.47878049844,
      "singular_values": [
        33.19395575136449,
        18.605410544948327,
        0.00015765364827675363,
        7.434315236264815e-05
      ],
      "effective_singular_values": [
        33.19395575136449,
        18.605410544948327,
        0.00015765364827675363,
        7.434315236264815e-05
      ],
      "conditioning_pruned_features": [],
      "conditioning_baseline_drops": [],
      "conditioning_extra_pruned_features": []
    },
    {
      "repeat_index": 2,
      "train": {
        "r2": 0.021107935552388102,
        "mse": 0.11703475571605297,
        "mae": 0.32796790730546244,
        "residual_mean_abs": 0.32796790730546244,
        "residual_std": 0.342103428389797,
        "residual_max_abs": 0.4933412571666772
      },
      "val": {
        "r2": -7.4903865549379915,
        "mse": 3.353021603202751e-06,
        "mae": 0.0016704850679780656,
        "residual_mean_abs": 0.0016704850679780656,
        "residual_std": 0.001735035898174018,
        "residual_max_abs": 0.0025853781165728895
      },
      "test": {
        "r2": -0.7473652522567389,
        "mse": 0.1729311132279398,
        "mae": 0.27254728427708563,
        "residual_mean_abs": 0.27254728427708563,
        "residual_std": 0.3146037840887141,
        "residual_max_abs": 0.7924488123422371
      },
      "condition_number": 446496.47878049844,
      "raw_condition_number": 446496.47878049844,
      "raw_singular_values": [
        33.19395575136449,
        18.605410544948327,
        0.00015765364827675363,
        7.434315236264815e-05
      ],
      "effective_condition_number": 446496.47878049844,
      "singular_values": [
        33.19395575136449,
        18.605410544948327,
        0.00015765364827675363,
        7.434315236264815e-05
      ],
      "effective_singular_values": [
        33.19395575136449,
        18.605410544948327,
        0.00015765364827675363,
        7.434315236264815e-05
      ],
      "conditioning_pruned_features": [],
      "conditioning_baseline_drops": [],
      "conditioning_extra_pruned_features": []
    }
  ],
  "split_records": [
    {
      "repeat_index": 1,
      "train_count": 362,
      "val_count": 121,
      "test_count": 121
    },
    {
      "repeat_index": 2,
      "train_count": 362,
      "val_count": 121,
      "test_count": 121
    }
  ],
  "median_test_r2": -0.7473652522567389,
  "median_test_mse": 0.1729311132279398,
  "median_test_mae": 0.27254728427708563,
  "coefficient_stability": 1.0,
  "nonzero_count": 12,
  "sparsity_ratio": 0.25,
  "block_sparsity_summary": {
    "feature_blocks": {
      "commands": 4,
      "state": 0,
      "history": 0,
      "controller_params": 0
    }
  },
  "raw_condition_number": 446496.47878049844,
  "effective_condition_number": 446496.47878049844,
  "condition_number": 446496.47878049844,
  "raw_singular_values": [
    33.19395575136449,
    18.605410544948327,
    0.00015765364827675363,
    7.434315236264815e-05
  ],
  "singular_values": [
    33.19395575136449,
    18.605410544948327,
    0.00015765364827675363,
    7.434315236264815e-05
  ],
  "effective_singular_values": [
    33.19395575136449,
    18.605410544948327,
    0.00015765364827675363,
    7.434315236264815e-05
  ],
  "conditioning_pruned_features": [],
  "conditioning_baseline_drops": [],
  "conditioning_extra_pruned_features": [],
  "selection_frequency": [
    [
      1.0,
      1.0,
      1.0,
      1.0
    ],
    [
      0.5,
      0.5,
      0.5,
      0.5
    ],
    [
      0.16666666666666666,
      0.16666666666666666,
      0.16666666666666666,
      0.16666666666666666
    ],
    [
      1.0,
      1.0,
      1.0,
      1.0
    ]
  ],
  "backend_consistency": {
    "px4": {
      "r2": 0.007584366167766032,
      "mse": 0.10478750328709582,
      "mae": 0.2514979015485598,
      "residual_mean_abs": 0.2514979015485598,
      "residual_std": 0.3191116431040886,
      "residual_max_abs": 0.7924488123422371
    }
  },
  "mode_consistency": {
    "OFFBOARD_ATTITUDE": {
      "r2": -0.25822602793267,
      "mse": 0.08336682687650109,
      "mae": 0.13221361963586517,
      "residual_mean_abs": 0.13221361963586517,
      "residual_std": 0.25740913320766584,
      "residual_max_abs": 0.7924488123422371
    },
    "POSCTL": {
      "r2": 0.001579400693904387,
      "mse": 0.12001863580567734,
      "mae": 0.336314770557303,
      "residual_mean_abs": 0.336314770557303,
      "residual_std": 0.3464370586166109,
      "residual_max_abs": 0.4933412571666772
    }
  },
  "top_influential": {
    "actuator_1": [
      {
        "feature": "command_throttle",
        "weight": 0.44726192703794954,
        "selection_frequency": 1.0
      },
      {
        "feature": "command_roll",
        "weight": 0.10494600271480164,
        "selection_frequency": 1.0
      },
      {
        "feature": "command_pitch",
        "weight": 0.0005506306964829413,
        "selection_frequency": 0.5
      }
    ],
    "actuator_2": [
      {
        "feature": "command_throttle",
        "weight": 0.4501962747669121,
        "selection_frequency": 1.0
      },
      {
        "feature": "command_roll",
        "weight": 0.13271103125686065,
        "selection_frequency": 1.0
      },
      {
        "feature": "command_pitch",
        "weight": 0.0005441357132413958,
        "selection_frequency": 0.5
      }
    ],
    "actuator_3": [
      {
        "feature": "command_throttle",
        "weight": 0.44506502420367455,
        "selection_frequency": 1.0
      },
      {
        "feature": "command_roll",
        "weight": 0.08843038848659959,
        "selection_frequency": 1.0
      },
      {
        "feature": "command_pitch",
        "weight": 0.0005611138986975446,
        "selection_frequency": 0.5
      }
    ],