actuator_1,actuator_2,actuator_3,actuator_4
-1.3748542174225005,-1.3662438004130202,-1.3675249719640554,-1.3675782708254505
