actuator_1,actuator_2,actuator_3,actuator_4
-105969.82994372887,-1023820.9669631342,-766693.2079682646,342762.48858660844
