feature,future_state_roll,future_state_pitch,future_state_yaw,future_state_roll_rate,future_state_pitch_rate,future_state_yaw_rate
command_roll,0.268606391719032,0.20290466193786577,-0.6704229803270183,0.008213433778369549,0.053102875191792284,-0.0706554982111199
command_pitch,0.0,0.0,-7.044533788889553e-05,4.371727208151909e-06,1.8423648765306135e-05,0.0
command_yaw,2.7666960282337584e-05,0.0,-0.0009310769210777032,-2.3766249313529927e-05,6.485948933858361e-05,-0.00042946658811162064
command_throttle,-0.004663541542856095,-0.002481116161076938,0.9325504238733144,-0.0025626322526413163,-0.002552821532676476,0.09731865669337644
