future_state_roll,future_state_pitch,future_state_yaw,future_state_roll_rate,future_state_pitch_rate,future_state_yaw_rate
0.11520631143084545,0.013458257221450942,0.24511514286285907,0.461494728946811,0.3391486502219688,0.08770579041991726
