actuator_1,actuator_2,actuator_3,actuator_4
0.29969574658671316,0.2920080619628218,0.29202894226373166,0.2919839981300666
