actuator_1,actuator_2,actuator_3,actuator_4
0.15235221778515662,0.16097905207335117,0.32140512910011143,0.33673649855660326
