actuator_1,actuator_2,actuator_3,actuator_4
-1.0552526033930052,-0.9065001550863374,-2.0463488484470242,-1.339745111943782
