feature,delta_state_roll,delta_state_pitch,delta_state_yaw,delta_state_roll_rate,delta_state_pitch_rate,delta_state_yaw_rate,delta_state_position_x,delta_state_position_y,delta_state_position_z,delta_state_velocity_x,delta_state_velocity_y,delta_state_velocity_z,delta_state_altitude,delta_state_vertical_speed,delta_state_heading
command_roll,0.0,0.0,0.0,0.0,0.0,0.0,-69973.98542843536,295155.99147473887,0.04308866276313665,-0.005200159010231984,0.1835016952076755,0.05592686925144152,-0.04308866276313665,-0.05592686925144152,0.0
command_pitch,0.0,0.0,0.0,0.0,0.0,0.0,-296343.35176138615,1250001.4419512548,0.14456927297276095,-0.15623025435188542,-0.01308161512108414,-0.04982360650933873,-0.14456927297276095,0.04982360650933873,0.0
command_yaw,0.0,0.0,0.0,0.0,0.0,0.0,-738402.1062638969,3114642.5723059676,0.31213549984182687,0.051226839222022764,0.021286486282387357,-0.14231346606927187,-0.31213549984182687,0.14231346606927187,0.0
command_throttle,0.0,0.0,0.0,0.0,0.0,0.0,447.00422961766225,-1885.5080768934806,0.056188723673673224,-0.0005683875638254198,0.0004506689923533852,0.007943965596715844,-0.056188723673673224,-0.007943965596715844,0.0
