future_state_roll,future_state_pitch,future_state_yaw,future_state_roll_rate,future_state_pitch_rate,future_state_yaw_rate,future_state_position_x,future_state_position_y,future_state_position_z,future_state_velocity_x,future_state_velocity_y,future_state_velocity_z,future_state_altitude,future_state_vertical_speed,future_state_heading
0.01089156480052483,0.000865081967374375,1.5785768640585829,-9.413636743937771e-06,1.5673693605986188e-05,0.0010673425415775942,0.05727003295594404,-0.04630712596612755,-1.161113516450264,0.015494445837394611,-0.0014582616611453778,-0.015801265771691615,1.161113516450264,0.015801265771691615,1.578576261196674
