feature,future_state_roll,future_state_pitch,future_state_yaw,future_state_roll_rate,future_state_pitch_rate,future_state_yaw_rate,future_state_position_x,future_state_position_y,future_state_position_z,future_state_velocity_x,future_state_velocity_y,future_state_velocity_z,future_state_altitude,future_state_vertical_speed,future_state_heading
command_roll,-0.005803345791174772,-0.010548471513249127,0.005648881257508356,0.020497917440193126,-0.04626731214403249,0.012963313804006768,-0.045530903945690294,0.03445280804702482,0.00413333473286015,-0.10711563574571441,-0.1298763367013815,0.18850210768329193,-0.00413333473286015,-0.18850210768329193,0.005688402111256913
command_pitch,0.0,-4.521228081143569e-06,2.529991464435527e-06,8.415832850469125e-06,0.0,0.0,0.0,0.0,0.0,-2.4531787863352083e-05,-2.1320701887457713e-05,0.0001596689920150298,0.0,-0.0001596689920150298,2.5139434251924044e-06
command_yaw,0.0,-1.0394475339050665e-05,0.0,0.0001965887107530328,0.0,0.0,-7.516921862711347e-05,0.0,0.0,-1.3016246002602888e-05,-3.2900314297770996e-05,0.0,0.0,0.0,0.0
command_throttle,0.019861584272269903,0.00189074161438355,-0.006719161662528468,0.0,0.0,0.0007970481235452422,-0.22013564441903943,-0.03922275261220454,-1.2476890363137363,-0.010004004399727219,0.03789038376965906,0.09575026124769183,1.2476890363137363,-0.09575026124769183,-0.0067154768262261836
