actuator_1,actuator_2,actuator_3,actuator_4
-34.907632434588876,-34.00509712894186,-34.75616304829404,-34.95850902137134
