future_state_roll,future_state_pitch,future_state_yaw,future_state_roll_rate,future_state_pitch_rate,future_state_yaw_rate,future_state_position_x,future_state_position_y,future_state_position_z,future_state_velocity_x,future_state_velocity_y,future_state_velocity_z,future_state_altitude,future_state_vertical_speed,future_state_heading
-0.016364244641990124,-0.0018125769922111958,4.208878357311616,-0.29406977884284247,-0.2961496965976518,1.7165695658925657,2.568288972967968,-4.585045991195562,1.7520981718023678,0.4600784793362477,-0.7410342397127471,-0.40730824727903403,-1.7520981718023678,0.40730824727903403,4.198655166240571
