actuator_1,actuator_2,actuator_3,actuator_4
0.5630976806973258,0.5558744392864423,0.5586066992254004,0.5521379403879076
