feature,window_mean_roll,window_mean_pitch,window_mean_yaw,window_mean_roll_rate,window_mean_pitch_rate,window_mean_yaw_rate,window_peak_roll,window_peak_pitch,window_peak_yaw,window_peak_roll_rate,window_peak_pitch_rate,window_peak_yaw_rate
command_roll,0.00013051398070527606,-0.0014182956905586486,0.006542575372109962,-0.016245852073426627,0.02070701884896788,-0.016640304045735875,0.00013051398070527606,-0.0014182956905586486,0.006542575372109962,0.016274848493890517,-0.02068765191990554,-0.016640304045735875
command_pitch,-0.0017219192851739356,-0.0009330807978379727,0.003950058137079244,0.001878285948203881,0.0010048998886968573,-0.005632598318398634,-0.0017219192851739356,-0.0009330807978379727,0.003950058137079244,-0.0018674682384906716,-0.00099549012001458,-0.005632598318398634
command_yaw,-0.001887211073118131,-0.0050367698883117505,0.020272082463799402,-0.03952772518815906,0.050001258789854515,-0.04723069196841557,-0.001887211073118131,-0.0050367698883117505,0.020272082463799402,0.039611663429090394,-0.04994246745302713,-0.04723069196841557
command_throttle,0.07549294464588553,0.0658873258261782,-0.2776563154724755,0.6607896443221756,-0.7753847488911846,0.6919298510366981,0.07549294464588553,0.0658873258261782,-0.2776563154724755,-0.6577074428154327,0.7774635538587712,0.6919298510366981
