window_mean_roll,window_mean_pitch,window_mean_yaw,window_mean_roll_rate,window_mean_pitch_rate,window_mean_yaw_rate,window_peak_roll,window_peak_pitch,window_peak_yaw,window_peak_roll_rate,window_peak_pitch_rate,window_peak_yaw_rate
0.03999999999999947,0.02999999999999979,355.5700000000046,0.00045117728043623465,-0.016576966424952114,0.34672835005777575,0.03999999999999947,0.02999999999999979,355.5700000000046,0.00045117728043623465,-0.016576966424952114,0.34672835005777575
