actuator_1,actuator_2,actuator_3,actuator_4
0.6472563572629513,1.9990733340645668,0.583354387927065,1.1399388111953306
