actuator_1,actuator_2,actuator_3,actuator_4
0.6133269493761129,0.6114822784326047,0.6204884443590821,0.6192024811369922
