actuator_1,actuator_2,actuator_3,actuator_4
-2.151979607637139,-2.005917538166434,-2.0575771831254595,-2.0653405753746363
