actuator_1,actuator_2,actuator_3,actuator_4
0.6968400234715062,0.6766642118397287,0.6939425964414105,0.6796283099337659
