actuator_1,actuator_2,actuator_3,actuator_4
-31.739950760455958,-32.5517629212963,-31.399106319971924,-32.457574059529456
