actuator_1,actuator_2,actuator_3,actuator_4
-7.087401001275227,-7.128609160289814,-7.236304196078217,-7.088394498286337
