feature,future_state_roll,future_state_pitch,future_state_yaw,future_state_roll_rate,future_state_pitch_rate,future_state_yaw_rate,future_state_position_x,future_state_position_y,future_state_position_z,future_state_velocity_x,future_state_velocity_y,future_state_velocity_z,future_state_altitude,future_state_vertical_speed,future_state_heading
command_roll,0.19767878707951447,-0.005175847682793692,-0.3795969975293321,0.012511952791872718,-0.0005887681524306011,0.05585623766255414,0.1812567315516877,-0.740844241749727,0.5643176703127263,-0.05822329925224733,0.06733270122038167,0.08057264288331817,-0.5643176703127263,-0.08057264288331817,-0.37981371902479233
command_pitch,0.0020637599572016965,0.3826587068331207,-1.1581475896876987,0.023492136971250167,0.023353119741723005,-0.01002187376454566,2.5771811641805025,-0.21544508700156587,-0.6850595317799357,-0.12333430378549823,0.18102674335164873,0.31729454644801847,0.6850595317799357,-0.31729454644801847,-1.1586689391310205
command_yaw,0.00372362362620868,-0.0008728981969737035,-0.9522844789949964,0.03462481256049524,0.009424197066978127,-0.0966460831070666,0.33456390088930765,-0.125665760187922,-1.5312513592541972,0.11832192443322523,0.09759439646665355,0.22895173979657205,1.5312513592541972,-0.22895173979657205,-0.9534530028771834
command_throttle,-6.228682993632837e-06,-0.002485413125446071,0.8724237403419355,-0.00102837897735654,-0.0010091686895086919,0.11423483222991651,0.1179202667176321,-0.2563060985912932,-0.15632442706633995,0.0629810841413892,-0.10385313621470793,-0.055176464462300165,0.15632442706633995,0.055176464462300165,0.8720294100805881
