feature,future_state_roll,future_state_pitch,future_state_yaw,future_state_roll_rate,future_state_pitch_rate,future_state_yaw_rate,future_state_position_x,future_state_position_y,future_state_position_z,future_state_velocity_x,future_state_velocity_y,future_state_velocity_z,future_state_altitude,future_state_vertical_speed,future_state_heading
command_roll,0.003771045779807936,0.004363244847342141,-0.012672358184754835,-0.01155082804183328,-0.07204095393620923,-0.0017786730528699586,-897098.3191187021,3784036.1225548354,1.4388331843495399,0.028209691085094128,0.13417585680847807,-0.15561737619560442,-1.4388331843495399,0.15561737619560442,-0.012672358184754835
command_pitch,0.0007969746371644123,-0.006786772399453014,0.002837952553473701,0.006266644478712038,-0.03752631720820319,-0.03716247304130088,-405094.60365464835,1708729.9055126538,1.303136949415268,-0.013645453800560604,0.1000055294739973,-0.06798179207619981,-1.303136949415268,0.06798179207619981,0.002837952553473701
command_yaw,0.0016564858731267069,0.000598678251758644,0.0028637280835158915,0.030834808381786358,-0.0026907675853299782,-0.009642004382633287,-451524.8197697748,1904570.701568685,1.7443930748816454,-0.005057401094716435,0.046017331698210734,0.5984896626708477,-1.7443930748816454,-0.5984896626708477,0.0028637280835158915
command_throttle,-0.004238378530741279,-0.008997046419578363,-0.002728297576382329,0.003474448774919547,-0.1476131454156965,-0.15990029097097594,481414.3090678775,-2030648.6781735886,-0.06661593960215911,0.01147618614474936,-0.05627260323735635,0.22315990787564957,0.06661593960215911,-0.22315990787564957,-0.002728297576382329
