actuator_1,actuator_2,actuator_3,actuator_4
5.160214705090551,5.1579079446426555,0.6041043468057348,-3.7056824232602343
