actuator_1,actuator_2,actuator_3,actuator_4
1.7854762809635256,7.146034714707603,-12.093596360577912,4.863894837039327
