future_state_roll,future_state_pitch,future_state_yaw,future_state_roll_rate,future_state_pitch_rate,future_state_yaw_rate
2.886579864025407e-14,2.310651670001107e-15,3.979039320256561e-13,9.41746680638289e-14,1.1515094433534045e-14,-6.684652831268068e-13
