actuator_1,actuator_2,actuator_3,actuator_4
-30.986957689159645,-31.828785190723153,-30.618093799248552,-31.727873008653805
