actuator_1,actuator_2,actuator_3,actuator_4
-24.72481322745361,-25.375954510485975,-24.514320287152533,-25.43311230829316
