actuator_1,actuator_2,actuator_3,actuator_4
1.234017897856177,0.621178339255696,0.4346087293635682,-0.7004094631132844
