actuator_1,actuator_2,actuator_3,actuator_4
0.5897435750397435,0.5671758865790368,0.5602029164192919,0.5504400777886069
