future_state_roll,future_state_pitch,future_state_yaw,future_state_roll_rate,future_state_pitch_rate,future_state_yaw_rate,future_state_position_x,future_state_position_y,future_state_position_z,future_state_velocity_x,future_state_velocity_y,future_state_velocity_z,future_state_altitude,future_state_vertical_speed,future_state_heading
-0.4710968221515479,-0.0026043091572884626,197.57873913735912,0.005239539411067695,0.15391591031784072,7.193962327639456,-12150613.61466728,20946627.471052125,0.6115608552032792,-3.7575346328010744,1.8190045455862354,-10.072482978843922,-0.6115608552032792,10.072482978843922,197.57873913735912
