feature,delta_state_roll,delta_state_pitch,delta_state_yaw,delta_state_roll_rate,delta_state_pitch_rate,delta_state_yaw_rate,delta_state_position_x,delta_state_position_y,delta_state_position_z,delta_state_velocity_x,delta_state_velocity_y,delta_state_velocity_z,delta_state_altitude,delta_state_vertical_speed,delta_state_heading
command_roll,0.01669967770607232,0.015133147732730012,-0.03658899377881006,0.003515225082648722,-0.0009324169949314951,-0.04170236552803574,6.509692861321676e-05,0.007518182400359489,-0.0058766604923204836,-0.11654658478381164,0.1505599219582354,-0.019212465726712865,0.0058766604923204836,0.019212465726712865,-0.03666282296151991
command_pitch,0.020714597709337822,0.01877606416638848,-0.04527627653046905,0.004345110473957501,-0.0012851896373212263,-0.05160900147839376,-0.0006985661350113156,0.010341615719712594,-0.0072805253929050864,-0.14575790134601485,0.1882090668549526,-0.02382758584441445,0.0072805253929050864,0.02382758584441445,-0.04536417980533249
command_yaw,0.04097856426167624,0.03733303351275657,-0.09029654045292933,0.009352732786104634,-0.002481210715456696,-0.10832345592126195,-7.923191128322046e-05,0.018741773098750317,-0.014967196733515197,-0.2919964702592259,0.37733199623494246,-0.04755339325739901,0.014967196733515197,0.04755339325739901,-0.0905056050482907
command_throttle,-0.02973708380015836,-0.016768994998965205,0.18332983712308537,0.007516435515591718,0.003005194266242979,0.23570176145978816,0.1923260963179447,-0.3516609288987258,-0.19901702656155174,-0.0530254970958203,0.10024033684163287,0.059375428566290765,0.19901702656155174,-0.059375428566290765,0.1843708247145082
