future_state_roll,future_state_pitch,future_state_yaw,future_state_roll_rate,future_state_pitch_rate,future_state_yaw_rate,future_state_position_x,future_state_position_y,future_state_position_z,future_state_velocity_x,future_state_velocity_y,future_state_velocity_z,future_state_altitude,future_state_vertical_speed,future_state_heading
2.544981209921124,-0.1544081059875278,296.80155654405917,-1.5187420737643524,-2.620549308514077,26.141807144194473,302297.1623051907,-1274426.6228201007,-176.32371663013157,0.025699633355631635,-5.382087722412695,-51.48465649558368,176.32371663013157,51.48465649558368,296.80155654405917
