feature,future_state_roll,future_state_pitch,future_state_yaw,future_state_roll_rate,future_state_pitch_rate,future_state_yaw_rate
command_roll,-631.7167879303331,-73.47796181001684,-12138.537823787981,-1695.7178063074598,-1795.3589994997897,7979.315171236951
command_pitch,-447.97423579602616,-95.68814757398354,20196.023832695682,1406.8851941477103,373.2280041373817,6603.589551946634
command_yaw,2475.84526670533,375.5329874412389,-10047.282953057793,1425.6607553711988,3741.9987615762175,-33155.86706502044
command_throttle,-0.002633769225021277,-0.0014053450372271542,0.9402134615599911,-0.0036940921895880024,-0.002541568238661139,0.11261184630111193
