future_state_roll,future_state_pitch,future_state_yaw,future_state_roll_rate,future_state_pitch_rate,future_state_yaw_rate,future_state_position_x,future_state_position_y,future_state_position_z,future_state_velocity_x,future_state_velocity_y,future_state_velocity_z,future_state_altitude,future_state_vertical_speed,future_state_heading
-0.5068223034253759,0.03363800788962721,192.72694618527584,2.4390757737724735,-0.302966018199027,-11.37974623394318,-6848338.30884872,28887507.730072014,-0.21302285880185334,-0.5206686989164526,1.6612010637738317,-3.8051804522934933,0.21302285880185334,3.8051804522934933,192.72694618527584
