feature,future_state_roll,future_state_pitch,future_state_yaw,future_state_roll_rate,future_state_pitch_rate,future_state_yaw_rate,future_state_position_x,future_state_position_y,future_state_position_z,future_state_velocity_x,future_state_velocity_y,future_state_velocity_z,future_state_altitude,future_state_vertical_speed,future_state_heading
command_roll,0.00013051398070527606,-0.0014182956905586486,0.006542575372109962,-0.016245852073426627,0.02070701884896788,-0.016640304045735875,1210242.8187086103,-5104907.16743787,3.7739381534823417,-0.783726784500651,-0.01976655147406588,0.7512248283227089,-3.7739381534823417,-0.7512248283227089,0.006542575372109962
command_pitch,-0.0017219192851739356,-0.0009330807978379727,0.003950058137079244,0.001878285948203881,0.0010048998886968573,-0.005632598318398634,4866086.566997593,-20525564.41997791,4.686553314364138,-0.08441899878529979,-0.9838471535564552,2.1547033680183705,-4.686553314364138,-2.1547033680183705,0.003950058137079244
command_yaw,-0.001887211073118131,-0.0050367698883117505,0.020272082463799402,-0.03952772518815906,0.050001258789854515,-0.04723069196841557,10937644.633312289,-46135916.62549114,13.932798043532431,-1.3986108896206453,3.5917691884902596,4.7467804580725135,-13.932798043532431,-4.7467804580725135,0.020272082463799402
command_throttle,0.07549294464588553,0.0658873258261782,-0.2776563154724755,0.6607896443221756,-0.7753847488911846,0.6919298510366981,-191673.23949333,808493.4592105057,4.089468396611183,-0.9070104234312673,0.49521370030683637,0.7808444710604462,-4.089468396611183,-0.7808444710604462,-0.2776563154724755
