actuator_1,actuator_2,actuator_3,actuator_4
-0.6230676697639244,-0.6615923993176611,-0.6031781612848806,-0.6218926277815673
