feature,future_state_roll,future_state_pitch,future_state_yaw,future_state_roll_rate,future_state_pitch_rate,future_state_yaw_rate
command_roll,0.31523238711394763,0.029288040496832826,-1.8232024073370976,-0.01573399367236438,0.01755360099194995,-0.14987592225095078
command_pitch,-0.040790167535840596,0.27937853241139676,-0.30803807749982115,0.00462658515493169,-0.019785140813612018,0.21831236497674059
command_yaw,0.12839957314136397,-0.004120826509074775,2.02500147825119,0.06550202523569001,-0.017170045033857304,1.1057245351765026
command_throttle,-0.003945296519177235,0.0010916971372504072,0.9009922598414453,-0.0035139156010628413,-0.0012177440925682363,0.128762959565421
