{
  "x_schema": "commands_only",
  "y_schema": "future_state_horizon",
  "pooling_mode": "pooled",
  "model_name": "lasso_affine",
  "feature_names": [
    "command_roll",
    "command_pitch",
    "command_yaw",
    "command_throttle"
  ],
  "response_names": [
    "roll__h1",
    "pitch__h1",
    "yaw__h1",
    "roll_rate__h1",
    "pitch_rate__h1",
    "yaw_rate__h1",
    "roll__h2",
    "pitch__h2",
    "yaw__h2",
    "roll_rate__h2",
    "pitch_rate__h2",
    "yaw_rate__h2"
  ],
  "schema_metadata": {
    "x_schema": "commands_only",
    "y_schema": "future_state_horizon",
    "feature_count": 4,
    "response_count": 12,
    "strict_raw_linear": true,
    "requested_feature_columns": [
      "command_roll",
      "command_pitch",
      "command_yaw",
      "command_throttle"
    ],
    "requested_response_columns": [
      "roll__h1",
      "pitch__h1",
      "yaw__h1",
      "roll_rate__h1",
      "pitch_rate__h1",
      "yaw_rate__h1",
      "roll__h2",
      "pitch__h2",
      "yaw__h2",
      "roll_rate__h2",
      "pitch_rate__h2",
      "yaw_rate__h2"
    ],
    "dropped_unavailable_features": [],
    "dropped_unavailable_responses": [],
    "partial_feature_columns": {},
    "partial_response_columns": {
      "roll__h1": 0.9947634840286262,
      "pitch__h1": 0.9947634840286262,
      "yaw__h1": 0.9947634840286262,
      "roll_rate__h1": 0.9947634840286262,
      "pitch_rate__h1": 0.9947634840286262,
      "yaw_rate__h1": 0.9947634840286262,
      "roll__h2": 0.9895269680572526,
      "pitch__h2": 0.9895269680572526,
      "yaw__h2": 0.9895269680572526,
      "roll_rate__h2": 0.9895269680572526,
      "pitch_rate__h2": 0.9895269680572526,
      "yaw_rate__h2": 0.9895269680572526
    },
    "dropped_response_leakage_features": [],
    "dropped_zero_variance_features": []
  },
  "repeat_metrics": [
    {
      "repeat_index": 1,
      "train": {
        "r2": 0.9983005222240443,
        "mse": 0.0013844195129451497,
        "mae": 0.024191104751940865,
        "residual_mean_abs": 0.024191104751940865,
        "residual_std": 0.03720778833719023,
        "residual_max_abs": 0.13343753052856755
      },
      "val": {
        "r2": 0.9986746487381424,
        "mse": 0.001004251381284665,
        "mae": 0.017727134929413677,
        "residual_mean_abs": 0.017727134929413677,
        "residual_std": 0.03149964514653626,
        "residual_max_abs": 0.1332585816580263
      },
      "test": {
        "r2": 0.9971735796613167,
        "mse": 0.002143994264716622,
        "mae": 0.028278706213150807,
        "residual_mean_abs": 0.028278706213150807,
        "residual_std": 0.046100181176661564,
        "residual_max_abs": 0.14344382068719597
      },
      "condition_number": 1.4911565692825606,
      "raw_condition_number": 1.4911565692825606,
      "raw_singular_values": [
        68.68394130361682,
        58.52392153096606,
        57.756945682488535,
        46.060851501772675
      ],
      "effective_condition_number": 1.4911565692825606,
      "singular_values": [
        68.68394130361682,
        58.52392153096606,
        57.756945682488535,
        46.060851501772675
      ],
      "effective_singular_values": [
        68.68394130361682,
        58.52392153096606,
        57.756945682488535,
        46.060851501772675
      ],
      "conditioning_pruned_features": [],
      "conditioning_baseline_drops": [],
      "conditioning_extra_pruned_features": []
    },
    {
      "repeat_index": 2,
      "train": {
        "r2": 0.9982814434408124,
        "mse": 0.0014527145605032963,
        "mae": 0.025214581600535763,
        "residual_mean_abs": 0.025214581600535763,
        "residual_std": 0.03811449278822028,
        "residual_max_abs": 0.1250643434344121
      },
      "val": {
        "r2": 0.9988226078642932,
        "mse": 0.000896658521800754,
        "mae": 0.01926492413551404,
        "residual_mean_abs": 0.01926492413551404,
        "residual_std": 0.028656079642316434,
        "residual_max_abs": 0.10227355316834519
      },
      "test": {
        "r2": 0.9981593883860599,
        "mse": 0.0015742096805315589,
        "mae": 0.02499452575719669,
        "residual_mean_abs": 0.02499452575719669,
        "residual_std": 0.03950248319654724,
        "residual_max_abs": 0.118723578859245
      },
      "condition_number": 1.5285261969838955,
      "raw_condition_number": 1.5285261969838955,
      "raw_singular_values": [
        69.21213905378147,
        58.38547832391179,
        57.952647164507624,
        45.28030935312173
      ],
      "effective_condition_number": 1.5285261969838955,
      "singular_values": [
        69.21213905378147,
        58.38547832391179,
        57.952647164507624,
        45.28030935312173
      ],
      "effective_singular_values": [
        69.21213905378147,
        58.38547832391179,
        57.952647164507624,
        45.28030935312173
      ],
      "conditioning_pruned_features": [],
      "conditioning_baseline_drops": [],
      "conditioning_extra_pruned_features": []
    }
  ],
  "split_records": [
    {
      "repeat_index": 1,
      "train_count": 3400,
      "val_count": 1136,
      "test_count": 1133
    },
    {
      "repeat_index": 2,
      "train_count": 3402,
      "val_count": 1135,
      "test_count": 1132
    }
  ],
  "median_test_r2": 0.9976664840236883,
  "median_test_mse": 0.0018591019726240904,
  "median_test_mae": 0.02663661598517375,
  "coefficient_stability": 1.0,
  "nonzero_count": 30,
  "sparsity_ratio": 0.375,
  "block_sparsity_summary": {
    "feature_blocks": {
      "commands": 4,
      "state": 0,
      "history": 0,
      "controller_params": 0
    }
  },
  "raw_condition_number": 1.509841383133228,
  "effective_condition_number": 1.509841383133228,
  "condition_number": 1.509841383133228,
  "raw_singular_values": [
    68.68394130361682,
    58.52392153096606,
    57.756945682488535,
    46.060851501772675
  ],
  "singular_values": [
    68.68394130361682,
    58.52392153096606,
    57.756945682488535,
    46.060851501772675
  ],
  "effective_singular_values": [
    68.68394130361682,
    58.52392153096606,
    57.756945682488535,
    46.060851501772675
  ],
  "conditioning_pruned_features": [],
  "conditioning_baseline_drops": [],
  "conditioning_extra_pruned_features": [],
  "selection_frequency": [
    [
      0.6666666666666666,
      0.5,
      1.0,
      1.0,
      1.0,
      1.0,
      0.6666666666666666,
      0.5,
      1.0,
      1.0,
      1.0,
      1.0
    ],
    [
      0.6666666666666666,
      0.8333333333333334,
      1.0,
      1.0,
      0.8333333333333334,
      1.0,
      0.6666666666666666,
      0.8333333333333334,
      1.0,
      1.0,
      0.8333333333333334,
      1.0
    ],
    [
      0.5,
      0.8333333333333334,
      1.0,
      1.0,
      1.0,
      0.8333333333333334,
      0.5,
      0.8333333333333334,
      1.0,
      1.0,
      1.0,
      0.8333333333333334
    ],
    [
      1.0,
      1.0,
      1.0,
      1.0,
      1.0,
      1.0,
      1.0,
      1.0,
      1.0,
      1.0,
      1.0,
      1.0
    ]
  ],
  "backend_consistency": {
    "ardupilot": {
      "r2": 0.9983897499576304,
      "mse": 0.001377957101818488,
      "mae": 0.023785918488362017,
      "residual_mean_abs": 0.023785918488362017,
      "residual_std": 0.03711978112381734,
      "residual_max_abs": 0.12753928229039957,
      "sample_count": 5669.0
    }
  },
  "mode_consistency": {
    "GUIDED_NOGPS": {
      "r2": -0.5081878047628658,
      "mse": 0.001980002100471865,
      "mae": 0.03310830649005731,
      "residual_mean_abs": 0.03310830649005731,
      "residual_std": 0.0444749747317078,
      "residual_max_abs": 0.11898023450277151,
      "sample_count": 2834.0
    },
    "STABILIZE": {
      "r2": -229.70895470433695,
      "mse": 0.0007761244647166643,
      "mae": 0.014466818806949513,
      "residual_mean_abs": 0.014466818806949513,
      "residual_std": 0.027789409514580372,
      "residual_max_abs": 0.12753928229039957,