actuator_1,actuator_2,actuator_3,actuator_4
0.2960419342024379,0.2980720766569769,0.2956983004505825,0.2967298134219425
