feature,actuator_1,actuator_2,actuator_3,actuator_4
command_roll,1.5967713290240793,1.588646590347094,1.7121164652227465,1.701126383303988
command_pitch,0.20588509931350785,0.2053769177909059,0.13356547163873106,0.12462556060523215
command_yaw,-1.4340556619972724,-1.4298344353831718,-1.8306340765239595,-1.8228674690658726
command_throttle,-0.036420454534400196,-0.03364267339774482,-0.04866360603739762,-0.04667353741208438
