{
  "x_schema": "commands_only",
  "y_schema": "actuator_response",
  "pooling_mode": "pooled",
  "model_name": "ridge_affine",
  "feature_names": [
    "command_roll",
    "command_pitch",
    "command_yaw",
    "command_throttle"
  ],
  "response_names": [
    "actuator_1",
    "actuator_2",
    "actuator_3",
    "actuator_4"
  ],
  "schema_metadata": {
    "x_schema": "commands_only",
    "y_schema": "actuator_response",
    "feature_count": 4,
    "response_count": 4,
    "strict_raw_linear": true,
    "requested_feature_columns": [
      "command_roll",
      "command_pitch",
      "command_yaw",
      "command_throttle"
    ],
    "requested_response_columns": [
      "actuator_1",
      "actuator_2",
      "actuator_3",
      "actuator_4"
    ],
    "dropped_unavailable_features": [],
    "dropped_unavailable_responses": [],
    "partial_feature_columns": {},
    "partial_response_columns": {},
    "dropped_response_leakage_features": [],
    "dropped_zero_variance_features": []
  },
  "repeat_metrics": [
    {
      "repeat_index": 1,
      "train": {
        "r2": 0.02336110520721424,
        "mse": 0.120292875325389,
        "mae": 0.3327859496793485,
        "residual_mean_abs": 0.3327859496793485,
        "residual_std": 0.3468326330168328,
        "residual_max_abs": 0.8266319924842115
      },
      "val": {
        "r2": 0.026734846178710248,
        "mse": 0.11960065216445841,
        "mae": 0.33147925145770224,
        "residual_mean_abs": 0.33147925145770224,
        "residual_std": 0.345833109245058,
        "residual_max_abs": 0.8287953564076971
      },
      "test": {
        "r2": 0.0045134294555331245,
        "mse": 0.11954374680134905,
        "mae": 0.32766039405492303,
        "residual_mean_abs": 0.32766039405492303,
        "residual_std": 0.34541227528102625,
        "residual_max_abs": 0.8369762356710901
      },
      "condition_number": 1.585346823909841,
      "raw_condition_number": 1.585346823909841,
      "raw_singular_values": [
        100.23114980213487,
        83.56092078004768,
        82.69268516015201,
        63.223484155310004
      ],
      "effective_condition_number": 1.585346823909841,
      "singular_values": [
        100.23114980213487,
        83.56092078004768,
        82.69268516015201,
        63.223484155310004
      ],
      "effective_singular_values": [
        100.23114980213487,
        83.56092078004768,
        82.69268516015201,
        63.223484155310004
      ],
      "conditioning_pruned_features": [],
      "conditioning_baseline_drops": [],
      "conditioning_extra_pruned_features": []
    },
    {
      "repeat_index": 2,
      "train": {
        "r2": 0.020555164601402165,
        "mse": 0.12118968777928417,
        "mae": 0.3344482947423273,
        "residual_mean_abs": 0.3344482947423273,
        "residual_std": 0.3481230928555073,
        "residual_max_abs": 0.7930871874513319
      },
      "val": {
        "r2": 0.014472808229649359,
        "mse": 0.11809103919754646,
        "mae": 0.3277023525286382,
        "residual_mean_abs": 0.3277023525286382,
        "residual_std": 0.34337008654203466,
        "residual_max_abs": 0.7561449849274987
      },
      "test": {
        "r2": 0.024881150959407572,
        "mse": 0.11837984403035175,
        "mae": 0.3296428040818489,
        "residual_mean_abs": 0.3296428040818489,
        "residual_std": 0.3439827857367031,
        "residual_max_abs": 0.7534119594627162
      },
      "condition_number": 1.5163580396560814,
      "raw_condition_number": 1.5163580396560814,
      "raw_singular_values": [
        98.58379941553214,
        83.32044764393129,
        82.51168106767292,
        65.01353693346164
      ],
      "effective_condition_number": 1.5163580396560814,
      "singular_values": [
        98.58379941553214,
        83.32044764393129,
        82.51168106767292,
        65.01353693346164
      ],
      "effective_singular_values": [
        98.58379941553214,
        83.32044764393129,
        82.51168106767292,
        65.01353693346164
      ],
      "conditioning_pruned_features": [],
      "conditioning_baseline_drops": [],
      "conditioning_extra_pruned_features": []
    }
  ],
  "split_records": [
    {
      "repeat_index": 1,
      "train_count": 6966,
      "val_count": 2289,
      "test_count": 2290
    },
    {
      "repeat_index": 2,
      "train_count": 6924,
      "val_count": 2298,
      "test_count": 2323
    }
  ],
  "median_test_r2": 0.014697290207470348,
  "median_test_mse": 0.11896179541585039,
  "median_test_mae": 0.3286515990683859,
  "coefficient_stability": 0.5,
  "nonzero_count": 3,
  "sparsity_ratio": 0.8125,
  "block_sparsity_summary": {
    "feature_blocks": {
      "commands": 4,
      "state": 0,
      "history": 0,
      "controller_params": 0
    }
  },
  "raw_condition_number": 1.5508524317829613,
  "effective_condition_number": 1.5508524317829613,
  "condition_number": 1.5508524317829613,
  "raw_singular_values": [
    100.23114980213487,
    83.56092078004768,
    82.69268516015201,
    63.223484155310004
  ],
  "singular_values": [
    100.23114980213487,
    83.56092078004768,
    82.69268516015201,
    63.223484155310004
  ],
  "effective_singular_values": [
    100.23114980213487,
    83.56092078004768,
    82.69268516015201,
    63.223484155310004
  ],
  "conditioning_pruned_features": [],
  "conditioning_baseline_drops": [],
  "conditioning_extra_pruned_features": [],
  "selection_frequency": [
    [
      0.8333333333333334,
      0.8333333333333334,
      1.0,
      0.8333333333333334
    ],
    [
      0.0,
      0.0,
      0.0,
      0.0
    ],
    [
      0.0,
      0.0,
      0.0,
      0.0
    ],
    [
      0.0,
      0.0,
      0.0,
      0.0
    ]
  ],
  "backend_consistency": {
    "px4": {
      "r2": 0.02136429598564149,
      "mse": 0.11995989926567001,
      "mae": 0.3318166756915076,
      "residual_mean_abs": 0.3318166756915076,
      "residual_std": 0.3463328721098648,
      "residual_max_abs": 0.7996468217739077,
      "sample_count": 11545.0
    }
  },
  "mode_consistency": {
    "OFFBOARD_ATTITUDE": {
      "r2": 0.022137645672643536,
      "mse": 0.12220159914376742,
      "mae": 0.337186747855818,
      "residual_mean_abs": 0.337186747855818,
      "residual_std": 0.34955808311177317,
      "residual_max_abs": 0.7996468217739077,
      "sample_count": 5746.0
    },
    "POSCTL": {
      "r2": 0.01768497315916251,
      "mse": 0.11773868741887786,
      "mae": 0.3264956833383213,
      "residual_mean_abs": 0.3264956833383213,
      "residual_std": 0.3431068035302349,
      "residual_max_abs": 0.7965606102992944,
      "sample_count": 5799.0
    }
  },
  "scenario_consistency": 0.21375288262179534,
  "scenario_subgroup_metrics": {
    "dynamic": {
      "r2": 0.006383380708918418,
      "mse": 0.12134564683292721,
      "mae": 0.3310876306431179,
      "residual_mean_abs": 0.3310876306431179,
      "residual_std": 0.348250569954234,
      "residual_max_abs": 0.7996468217739077,
      "sample_count": 3859.0
    },
    "nominal": {
      "r2": 0.029863366662581492,
      "mse": 0.119007422143271,
      "mae": 0.33193418284109977,
      "residual_mean_abs": 0.33193418284109977,
      "residual_std": 0.34495202289971805,
      "residual_max_abs": 0.6854683436988918,
      "sample_count": 3883.0
    },
    "throttle_biased": {
      "r2": 0.027480230193931532,
      "mse": 0.11952625971905675,
      "mae": 0.3324364770535559,
      "residual_mean_abs": 0.3324364770535559,
      "residual_std": 0.345723580067543,
      "residual_max_abs": 0.686519430236288,
      "sample_count": 3803.0
    }
  },
  "top_influential": {
    "actuator_1": [
      {
        "feature": "command_roll",
        "weight": 1.5967713290240793,
        "selection_frequency": 0.8333333333333334
      },
      {
        "feature": "command_yaw",
        "weight": -1.4340556619972724,
        "selection_frequency": 0.0
      },
      {
        "feature": "command_pitch",