actuator_1,actuator_2,actuator_3,actuator_4
-1080.3984322601937,-103.35709566109006,38.37276974678499,-1035.758327287697
