actuator_1,actuator_2,actuator_3,actuator_4
-2.491039730728888,0.5475705689165202,0.9296602363576882,0.49043049809559647
