future_state_roll,future_state_pitch,future_state_yaw,future_state_roll_rate,future_state_pitch_rate,future_state_yaw_rate,future_state_position_x,future_state_position_y,future_state_position_z,future_state_velocity_x,future_state_velocity_y,future_state_velocity_z,future_state_altitude,future_state_vertical_speed,future_state_heading
2.7020463735097504,-0.10492595289894549,166.41070330153596,-19.178478630026387,-4.597539096375812,44.23450921575477,-2171234.8964158325,9159765.763651872,-102.90459156788313,-0.3125991402714802,-3.0884143419040075,-46.26772425672816,102.90459156788313,46.26772425672816,166.41070330153596
