actuator_1,actuator_2,actuator_3,actuator_4
1.9040061241472643,2.083609075686672,2.0029165379934377,1.9386941927893535
