actuator_1,actuator_2,actuator_3,actuator_4
2.4434024243988537,2.4292406981428307,2.4835351288612952,2.4562087164029087
