actuator_1,actuator_2,actuator_3,actuator_4
7.757798865475637,1.6432342973235006,1.0750872869489878,-2.3346589993651117
