actuator_1,actuator_2,actuator_3,actuator_4
0.29603964777604086,0.29806990348580087,0.29569547093124693,0.2967270668377857
