feature,actuator_1,actuator_2,actuator_3,actuator_4
command_roll,1.596963318811237,1.588837579120304,1.7123279902946589,1.7013366064897972
command_pitch,0.20588840282297693,0.205380228366804,0.13356160845091097,0.12462101748541335
command_yaw,-1.4343658102422983,-1.4301432531659306,-1.8309968380704909,-1.8232282348698838
command_throttle,-0.03642419765692949,-0.03364617301847225,-0.04866846482048379,-0.046678219802418174
