{
  "x_schema": "commands_only",
  "y_schema": "actuator_response",
  "pooling_mode": "pooled",
  "model_name": "ols_affine",
  "feature_names": [
    "command_roll",
    "command_pitch",
    "command_yaw",
    "command_throttle"
  ],
  "response_names": [
    "actuator_1",
    "actuator_2",
    "actuator_3",
    "actuator_4"
  ],
  "schema_metadata": {
    "x_schema": "commands_only",
    "y_schema": "actuator_response",
    "feature_count": 4,
    "response_count": 4,
    "strict_raw_linear": true,
    "requested_feature_columns": [
      "command_roll",
      "command_pitch",
      "command_yaw",
      "command_throttle"
    ],
    "requested_response_columns": [
      "actuator_1",
      "actuator_2",
      "actuator_3",
      "actuator_4"
    ],
    "dropped_unavailable_features": [],
    "dropped_unavailable_responses": [],
    "partial_feature_columns": {},
    "partial_response_columns": {},
    "dropped_response_leakage_features": [],
    "dropped_zero_variance_features": []
  },
  "repeat_metrics": [
    {
      "repeat_index": 1,
      "train": {
        "r2": 0.023361105614285727,
        "mse": 0.12029287527524989,
        "mae": 0.33278497834708537,
        "residual_mean_abs": 0.33278497834708537,
        "residual_std": 0.34683263294455136,
        "residual_max_abs": 0.8266949865903885
      },
      "val": {
        "r2": 0.02673468243705157,
        "mse": 0.11960067228601426,
        "mae": 0.33147819343911034,
        "residual_mean_abs": 0.33147819343911034,
        "residual_std": 0.34583313840111757,
        "residual_max_abs": 0.828858342832206
      },
      "test": {
        "r2": 0.004507850037226313,
        "mse": 0.11954441680995499,
        "mae": 0.3276592312730032,
        "residual_mean_abs": 0.3276592312730032,
        "residual_std": 0.3454132778941828,
        "residual_max_abs": 0.8370391960292904
      },
      "condition_number": 1.585346823909841,
      "raw_condition_number": 1.585346823909841,
      "raw_singular_values": [
        100.23114980213487,
        83.56092078004768,
        82.69268516015201,
        63.223484155310004
      ],
      "effective_condition_number": 1.585346823909841,
      "singular_values": [
        100.23114980213487,
        83.56092078004768,
        82.69268516015201,
        63.223484155310004
      ],
      "effective_singular_values": [
        100.23114980213487,
        83.56092078004768,
        82.69268516015201,
        63.223484155310004
      ],
      "conditioning_pruned_features": [],
      "conditioning_baseline_drops": [],
      "conditioning_extra_pruned_features": []
    },
    {
      "repeat_index": 2,
      "train": {
        "r2": 0.020555164884432764,
        "mse": 0.12118968774426395,
        "mae": 0.3344475395035128,
        "residual_mean_abs": 0.3344475395035128,
        "residual_std": 0.3481230928052087,
        "residual_max_abs": 0.7931041906773045
      },
      "val": {
        "r2": 0.014471329765885832,
        "mse": 0.11809121635483213,
        "mae": 0.32770117508440577,
        "residual_mean_abs": 0.32770117508440577,
        "residual_std": 0.3433703829041363,
        "residual_max_abs": 0.7561945127726757
      },
      "test": {
        "r2": 0.02488110789464859,
        "mse": 0.11837984925843184,
        "mae": 0.3296417028010559,
        "residual_mean_abs": 0.3296417028010559,
        "residual_std": 0.3439828069888607,
        "residual_max_abs": 0.7534238651524505
      },
      "condition_number": 1.5163580396560814,
      "raw_condition_number": 1.5163580396560814,
      "raw_singular_values": [
        98.58379941553214,
        83.32044764393129,
        82.51168106767292,
        65.01353693346164
      ],
      "effective_condition_number": 1.5163580396560814,
      "singular_values": [
        98.58379941553214,
        83.32044764393129,
        82.51168106767292,
        65.01353693346164
      ],
      "effective_singular_values": [
        98.58379941553214,
        83.32044764393129,
        82.51168106767292,
        65.01353693346164
      ],
      "conditioning_pruned_features": [],
      "conditioning_baseline_drops": [],
      "conditioning_extra_pruned_features": []
    }
  ],
  "split_records": [
    {
      "repeat_index": 1,
      "train_count": 6966,
      "val_count": 2289,
      "test_count": 2290
    },
    {
      "repeat_index": 2,
      "train_count": 6924,
      "val_count": 2298,
      "test_count": 2323
    }
  ],
  "median_test_r2": 0.014694478965937452,
  "median_test_mse": 0.11896213303419342,
  "median_test_mae": 0.3286504670370296,
  "coefficient_stability": 0.5,
  "nonzero_count": 3,
  "sparsity_ratio": 0.8125,
  "block_sparsity_summary": {
    "feature_blocks": {
      "commands": 4,
      "state": 0,
      "history": 0,
      "controller_params": 0
    }
  },
  "raw_condition_number": 1.5508524317829613,
  "effective_condition_number": 1.5508524317829613,
  "condition_number": 1.5508524317829613,
  "raw_singular_values": [
    100.23114980213487,
    83.56092078004768,
    82.69268516015201,
    63.223484155310004
  ],
  "singular_values": [
    100.23114980213487,
    83.56092078004768,
    82.69268516015201,
    63.223484155310004
  ],
  "effective_singular_values": [
    100.23114980213487,
    83.56092078004768,
    82.69268516015201,
    63.223484155310004
  ],
  "conditioning_pruned_features": [],
  "conditioning_baseline_drops": [],
  "conditioning_extra_pruned_features": [],
  "selection_frequency": [
    [
      0.8333333333333334,
      0.8333333333333334,
      1.0,
      1.0
    ],
    [
      0.0,
      0.0,
      0.0,
      0.0
    ],
    [
      0.0,
      0.0,
      0.0,
      0.0
    ],
    [
      0.0,
      0.0,
      0.0,
      0.0
    ]
  ],
  "backend_consistency": {
    "px4": {
      "r2": 0.021363684870554622,
      "mse": 0.1199599741753672,
      "mae": 0.3318157063619977,
      "residual_mean_abs": 0.3318157063619977,
      "residual_std": 0.34633298278594643,
      "residual_max_abs": 0.799665225528703,
      "sample_count": 11545.0
    }
  },
  "mode_consistency": {
    "OFFBOARD_ATTITUDE": {
      "r2": 0.022138682630615247,
      "mse": 0.12220146955710134,
      "mae": 0.33718622191640124,
      "residual_mean_abs": 0.33718622191640124,
      "residual_std": 0.3495578880966276,
      "residual_max_abs": 0.799665225528703,
      "sample_count": 5746.0
    },
    "POSCTL": {
      "r2": 0.017682657617559272,
      "mse": 0.11773896495594242,
      "mae": 0.32649427467108494,
      "residual_mean_abs": 0.32649427467108494,
      "residual_std": 0.3431072256346582,
      "residual_max_abs": 0.7966168544009831,
      "sample_count": 5799.0
    }
  },
  "scenario_consistency": 0.2135690833646767,
  "scenario_subgroup_metrics": {
    "dynamic": {
      "r2": 0.006378285515719284,
      "mse": 0.12134626908451045,
      "mae": 0.331086708509872,
      "residual_mean_abs": 0.331086708509872,
      "residual_std": 0.34825147084746183,
      "residual_max_abs": 0.799665225528703,
      "sample_count": 3859.0
    },
    "nominal": {
      "r2": 0.029865209960320604,
      "mse": 0.11900719602449078,
      "mae": 0.33193317687147145,
      "residual_mean_abs": 0.33193317687147145,
      "residual_std": 0.3449516970973787,
      "residual_max_abs": 0.6854676807281667,
      "sample_count": 3883.0
    },
    "throttle_biased": {
      "r2": 0.02748163886611621,
      "mse": 0.11952608658805969,
      "mae": 0.33243549724368754,
      "residual_mean_abs": 0.33243549724368754,
      "residual_std": 0.34572332888100965,
      "residual_max_abs": 0.6865189288824496,
      "sample_count": 3803.0
    }
  },
  "top_influential": {
    "actuator_1": [
      {
        "feature": "command_roll",
        "weight": 1.596963318811237,
        "selection_frequency": 0.8333333333333334
      },
      {
        "feature": "command_yaw",
        "weight": -1.4343658102422983,
        "selection_frequency": 0.0
      },
      {
        "feature": "command_pitch",