future_state_roll,future_state_pitch,future_state_yaw,future_state_roll_rate,future_state_pitch_rate,future_state_yaw_rate,future_state_position_x,future_state_position_y,future_state_position_z,future_state_velocity_x,future_state_velocity_y,future_state_velocity_z,future_state_altitude,future_state_vertical_speed,future_state_heading
-1.2604655380771574,0.004922649992389812,244.6114301761101,5.092671609370652,0.0753398800528093,-13.175820318770601,-12094700.762103766,51016471.27690333,0.5941323354861477,1.583565888479744,-0.3994525963611307,-4.071797070211344,-0.5941323354861477,4.071797070211344,244.6114301761101
