future_state_roll,future_state_pitch,future_state_yaw,future_state_roll_rate,future_state_pitch_rate,future_state_yaw_rate
-0.000859195143985177,0.0016090316944078454,1.5997882072663114,-3.849743110487507e-05,-0.00013271752903199025,0.003710924404936363
