feature,future_state_roll,future_state_pitch,future_state_yaw,future_state_roll_rate,future_state_pitch_rate,future_state_yaw_rate
command_roll,0.31508609401159043,0.02909674815189922,-1.8229112920449033,-0.015426074261268198,0.017232685807740337,-0.14955321026010948
command_pitch,-0.040546720073998926,0.2791731086479936,-0.30783176069050644,0.004385439231230227,-0.01954407469088547,0.21807128787855
command_yaw,0.128103838923243,-0.003912104380017568,2.024283302101832,0.06480360026082667,-0.01645607382791135,1.10500878970147
command_throttle,-0.003928273602315784,0.0010917905963359425,0.900974588687287,-0.0034981275087458625,-0.0012000864049657226,0.12874529632610895
