future_state_roll,future_state_pitch,future_state_yaw,future_state_roll_rate,future_state_pitch_rate,future_state_yaw_rate,future_state_position_x,future_state_position_y,future_state_position_z,future_state_velocity_x,future_state_velocity_y,future_state_velocity_z,future_state_altitude,future_state_vertical_speed,future_state_heading
0.02527903824710375,0.024597341005383796,0.0496281217110095,-0.283542481657468,0.41264937853445594,-0.025289786771196414,-210842686.9396732,889706916.7166803,11.868777979466897,13.352140593822135,0.7698314453449152,-2.0817302961403494,-11.868777979466897,2.0817302961403494,0.0496281217110095
