actuator_1,actuator_2,actuator_3,actuator_4
0.2850407470842221,0.28510526628137645,0.28517061687276557,0.28518595238151
