feature,actuator_1,actuator_2,actuator_3,actuator_4
command_roll,-0.0005427462564223866,-0.000495777816334187,-0.0004533300080396338,-0.00081527455413757
command_pitch,-0.0002394293219809272,-0.0002530950808265023,3.0027291377899743e-05,-0.00017690948933586967
command_yaw,-0.0012208014124562299,-0.0018092019352225026,-0.0015247967048095572,-0.0011530736276936572
command_throttle,-0.43332781215128124,-0.4334251046244312,-0.43352829907184437,-0.43354829169772385
