{
  "x_schema": "commands_only",
  "y_schema": "actuator_response",
  "pooling_mode": "pooled",
  "model_name": "ridge_affine",
  "feature_names": [
    "command_roll",
    "command_pitch",
    "command_yaw",
    "command_throttle"
  ],
  "response_names": [
    "actuator_1",
    "actuator_2",
    "actuator_3",
    "actuator_4"
  ],
  "schema_metadata": {
    "x_schema": "commands_only",
    "y_schema": "actuator_response",
    "feature_count": 4,
    "response_count": 4,
    "strict_raw_linear": true,
    "requested_feature_columns": [
      "command_roll",
      "command_pitch",
      "command_yaw",
      "command_throttle"
    ],
    "requested_response_columns": [
      "actuator_1",
      "actuator_2",
      "actuator_3",
      "actuator_4"
    ],
    "dropped_unavailable_features": [],
    "dropped_unavailable_responses": [],
    "partial_feature_columns": {},
    "partial_response_columns": {},
    "dropped_response_leakage_features": [],
    "dropped_zero_variance_features": []
  },
  "repeat_metrics": [
    {
      "repeat_index": 1,
      "train": {
        "r2": 0.998716699886953,
        "mse": 0.00010948454959323707,
        "mae": 0.005986853439030584,
        "residual_mean_abs": 0.005986853439030584,
        "residual_std": 0.010463486493193227,
        "residual_max_abs": 0.0685835905965545
      },
      "val": {
        "r2": 0.9998510308829653,
        "mse": 1.1399690755258896e-05,
        "mae": 0.003349751961939857,
        "residual_mean_abs": 0.003349751961939857,
        "residual_std": 0.0030583198529851663,
        "residual_max_abs": 0.004005302387683929
      },
      "test": {
        "r2": 0.997624752178439,
        "mse": 0.00020485302083842182,
        "mae": 0.007680395926500316,
        "residual_mean_abs": 0.007680395926500316,
        "residual_std": 0.014303827834448283,
        "residual_max_abs": 0.09288034084657681
      },
      "condition_number": 1.0194700234003695,
      "raw_condition_number": 1.0194700234003695,
      "raw_singular_values": [
        75.16514080133217,
        74.51490333975241,
        74.30796347042354,
        73.72962331018249
      ],
      "effective_condition_number": 1.0194700234003695,
      "singular_values": [
        75.16514080133217,
        74.51490333975241,
        74.30796347042354,
        73.72962331018249
      ],
      "effective_singular_values": [
        75.16514080133217,
        74.51490333975241,
        74.30796347042354,
        73.72962331018249
      ],
      "conditioning_pruned_features": [],
      "conditioning_baseline_drops": [],
      "conditioning_extra_pruned_features": []
    },
    {
      "repeat_index": 2,
      "train": {
        "r2": 0.9986078697260221,
        "mse": 0.00011990283120897593,
        "mae": 0.0061962412648984755,
        "residual_mean_abs": 0.0061962412648984755,
        "residual_std": 0.010950015123687087,
        "residual_max_abs": 0.09248239720971108
      },
      "val": {
        "r2": 0.9989638436824126,
        "mse": 8.831846141193214e-05,
        "mae": 0.004447341170420753,
        "residual_mean_abs": 0.004447341170420753,
        "residual_std": 0.009394575041290855,
        "residual_max_abs": 0.06910676384630698
      },
      "test": {
        "r2": 0.9987896959475908,
        "mse": 0.00010436507263643251,
        "mae": 0.006187487334894594,
        "residual_mean_abs": 0.006187487334894594,
        "residual_std": 0.010215807922257457,
        "residual_max_abs": 0.06647227438411618
      },
      "condition_number": 1.0506349264887982,
      "raw_condition_number": 1.0506349264887982,
      "raw_singular_values": [
        76.20392476102798,
        74.53761260775083,
        74.43329639691738,
        72.53130734545447
      ],
      "effective_condition_number": 1.0506349264887982,
      "singular_values": [
        76.20392476102798,
        74.53761260775083,
        74.43329639691738,
        72.53130734545447
      ],
      "effective_singular_values": [
        76.20392476102798,
        74.53761260775083,
        74.43329639691738,
        72.53130734545447
      ],
      "conditioning_pruned_features": [],
      "conditioning_baseline_drops": [],
      "conditioning_extra_pruned_features": []
    }
  ],
  "split_records": [
    {
      "repeat_index": 1,
      "train_count": 5540,
      "val_count": 1722,
      "test_count": 1907
    },
    {
      "repeat_index": 2,
      "train_count": 5541,
      "val_count": 1717,
      "test_count": 1911
    }
  ],
  "median_test_r2": 0.9982072240630149,
  "median_test_mse": 0.00015460904673742716,
  "median_test_mae": 0.006933941630697455,
  "coefficient_stability": 1.0,
  "nonzero_count": 4,
  "sparsity_ratio": 0.75,
  "block_sparsity_summary": {
    "feature_blocks": {
      "commands": 4,
      "state": 0,
      "history": 0,
      "controller_params": 0
    }
  },
  "raw_condition_number": 1.035052474944584,
  "effective_condition_number": 1.035052474944584,
  "condition_number": 1.035052474944584,
  "raw_singular_values": [
    75.16514080133217,
    74.51490333975241,
    74.30796347042354,
    73.72962331018249
  ],
  "singular_values": [
    75.16514080133217,
    74.51490333975241,
    74.30796347042354,
    73.72962331018249
  ],
  "effective_singular_values": [
    75.16514080133217,
    74.51490333975241,
    74.30796347042354,
    73.72962331018249
  ],
  "conditioning_pruned_features": [],
  "conditioning_baseline_drops": [],
  "conditioning_extra_pruned_features": [],
  "selection_frequency": [
    [
      0.0,
      0.0,
      0.0,
      0.0
    ],
    [
      0.0,
      0.0,
      0.0,
      0.0
    ],
    [
      0.0,
      0.0,
      0.0,
      0.0
    ],
    [
      1.0,
      1.0,
      1.0,
      1.0
    ]
  ],
  "backend_consistency": {
    "ardupilot": {
      "r2": 0.9987155928852377,
      "mse": 0.00011076361435497069,
      "mae": 0.005855366010356885,
      "residual_mean_abs": 0.005855366010356885,
      "residual_std": 0.010523233793420262,
      "residual_max_abs": 0.09268136902814395,
      "sample_count": 9169.0
    }
  },
  "mode_consistency": {
    "GUIDED_NOGPS": {
      "r2": -716.0464736667407,
      "mse": 0.00014908140333377539,
      "mae": 0.006170732824482333,
      "residual_mean_abs": 0.006170732824482333,
      "residual_std": 0.012197114633291027,
      "residual_max_abs": 0.09268136902814395,
      "sample_count": 4583.0
    },
    "STABILIZE": {
      "r2": NaN,
      "mse": 7.247089152682805e-05,
      "mae": 0.00554020549811595,
      "residual_mean_abs": 0.00554020549811595,
      "residual_std": 0.008467876744413013,
      "residual_max_abs": 0.05697035942633366,
      "sample_count": 4586.0
    }
  },
  "scenario_consistency": 0.9934151068457252,
  "scenario_subgroup_metrics": {
    "dynamic": {
      "r2": 0.9998775240390749,
      "mse": 1.0561346335976444e-05,
      "mae": 0.0032308862507027295,
      "residual_mean_abs": 0.0032308862507027295,
      "residual_std": 0.0032469191105501324,
      "residual_max_abs": 0.004011221218803596,
      "sample_count": 3436.0
    },
    "nominal": {
      "r2": 0.9992012438567867,
      "mse": 6.888488999549143e-05,
      "mae": 0.004491898224815318,
      "residual_mean_abs": 0.004491898224815318,
      "residual_std": 0.00829735140295487,
      "residual_max_abs": 0.06884517722143069,
      "sample_count": 4586.0
    },
    "throttle_biased": {
      "r2": 0.9932934373759168,
      "mse": 0.0005783754912737465,
      "mae": 0.01916885835444172,
      "residual_mean_abs": 0.01916885835444172,
      "residual_std": 0.024049340605138157,
      "residual_max_abs": 0.09268136902814395,
      "sample_count": 1147.0
    }
  },
  "top_influential": {
    "actuator_1": [
      {
        "feature": "command_throttle",
        "weight": -0.43332781215128124,
        "selection_frequency": 1.0
      },
      {
        "feature": "command_yaw",
        "weight": -0.0012208014124562299,