actuator_1,actuator_2,actuator_3,actuator_4
0.5436514114262099,0.5433179726198966,0.5420274837895183,0.5436862240012656
